sample_id,variable_name,value,label,sample_type,framework,source,length,entropy,digit_ratio,uppercase_ratio,special_ratio,has_sensitive_name,is_compact,has_character_variety
LGV1-000001,VITE_APP_TITLE,Dashboard,0,frontend_public_value,Vite,synthetic,9,2.947703,0.0,0.111111,0.0,0,1,1
LGV1-000002,VITE_APP_TITLE,Security Portal,0,frontend_public_value,Vite,synthetic,15,3.640224,0.0,0.133333,0.066667,0,0,1
LGV1-000003,database_password,8W@d6AdIbuPqkdtTl3xl,1,password,none,synthetic,20,3.984184,0.15,0.25,0.05,1,1,1
LGV1-000004,config_value,ax$xppOr-p5%iAfuRAq8,1,password,none,synthetic,20,3.884184,0.1,0.2,0.15,0,1,1
LGV1-000005,region,INFO,0,normal_config,none,synthetic,4,2.0,0.0,1.0,0.0,0,1,0
LGV1-000006,NEXT_PUBLIC_ACCESS_TOKEN,gCQ1CkiwVBaw43TmhmscizAVv5ckQm8E,1,client_exposed_secret,Next.js,synthetic,32,4.41391,0.15625,0.3125,0.0,1,1,1
LGV1-000007,auth_token,A4jPaR%xWC@gF0!iiQYF,1,database_credential,none,synthetic,20,4.121928,0.1,0.45,0.15,1,1,1
LGV1-000008,theme_color,#F7F9FC,0,color,none,synthetic,7,2.128085,0.285714,0.571429,0.142857,0,1,1
LGV1-000009,config_file,settings.json,0,filename,none,synthetic,13,3.026987,0.0,0.0,0.076923,0,1,0
LGV1-000010,api_key,cMqsme$UfzpfYV8$#ZRJ,1,database_credential,none,synthetic,20,4.121928,0.05,0.35,0.15,1,1,1
LGV1-000011,password,replace-me,0,placeholder,none,synthetic,10,2.846439,0.0,0.0,0.1,1,1,0
LGV1-000012,db_password,HWl-V-yVHYU6nH86bpDd,1,database_credential,none,synthetic,20,3.784184,0.15,0.45,0.1,1,1,1
LGV1-000013,config_value,0ys#%1lSGI-Sn2N2wMWv,1,database_credential,none,synthetic,20,4.121928,0.2,0.35,0.15,0,1,1
LGV1-000014,client_secret,not-configured,0,placeholder,none,synthetic,14,3.521641,0.0,0.0,0.071429,1,1,0
LGV1-000015,NEXT_PUBLIC_ACCESS_TOKEN,l7H9jVZZQlx47hYkbFntzOx61qNubYbv,1,client_exposed_secret,Next.js,synthetic,32,4.53891,0.1875,0.3125,0.0,1,1,1
LGV1-000016,NEXT_PUBLIC_APP_NAME,Security Portal,0,frontend_public_value,Next.js,synthetic,15,3.640224,0.0,0.133333,0.066667,0,0,1
LGV1-000017,client_secret,6l$8!C5m8oRUMQ6RgUbA,1,password,none,synthetic,20,3.921928,0.25,0.4,0.1,1,1,1
LGV1-000018,password,replace-me,0,placeholder,none,synthetic,10,2.846439,0.0,0.0,0.1,1,1,0
LGV1-000019,request_id,79eae461-0751-6daa-444a-2a482fe12ed8,0,uuid,none,synthetic,36,3.594118,0.555556,0.0,0.111111,0,1,1
LGV1-000020,config_file,config.production.json,0,filename,none,synthetic,22,3.606937,0.0,0.0,0.090909,0,1,0
LGV1-000021,theme_color,#F7F9FC,0,color,none,synthetic,7,2.128085,0.285714,0.571429,0.142857,0,1,1
LGV1-000022,result,T0z7etkKpK12yR5Ivy.WViYSUfGVwdgBo1evM,1,access_token,none,synthetic,37,4.885129,0.162162,0.378378,0.027027,0,1,1
LGV1-000023,public_id,PUB-Cc70omRxjWU2,0,public_identifier,none,synthetic,16,3.875,0.1875,0.4375,0.0625,0,1,1
LGV1-000024,request_id,73fe7e1d-f36d-eb13-9f53-4d9aa7faf009,0,uuid,none,synthetic,36,3.631478,0.472222,0.0,0.111111,0,1,1
LGV1-000025,value,c2jbmhH8B1##YKSiw#6f,1,password,none,synthetic,20,4.084184,0.2,0.25,0.15,0,1,1
LGV1-000026,password,replace-me,0,placeholder,none,synthetic,10,2.846439,0.0,0.0,0.1,1,1,0
LGV1-000027,public_id,PUB-GPlcpTCCHHNk,0,public_identifier,none,synthetic,16,3.625,0.0,0.6875,0.0625,0,1,1
LGV1-000028,db_password,DwfQ1o@_VEaAwAWbXAKL,1,database_credential,none,synthetic,20,3.984184,0.05,0.55,0.1,1,1,1
LGV1-000029,auth_token,key_CE0UdsZz10UXcxzT7GOPCBYhgj2q,1,api_key,none,synthetic,32,4.75,0.15625,0.40625,0.03125,1,1,1
LGV1-000030,public_id,PUB-93Glz084Gmj1,0,public_identifier,none,synthetic,16,3.875,0.375,0.3125,0.0625,0,1,1
LGV1-000031,database_password,kuLXpHY0J-D3C30yVWaF,1,database_credential,none,synthetic,20,4.121928,0.2,0.5,0.05,1,1,1
LGV1-000032,config_file,config.production.json,0,filename,none,synthetic,22,3.606937,0.0,0.0,0.090909,0,1,0
LGV1-000033,theme_color,#FFDCE6,0,color,none,synthetic,7,2.521641,0.142857,0.714286,0.142857,0,1,1
LGV1-000034,config_file,config.production.json,0,filename,none,synthetic,22,3.606937,0.0,0.0,0.090909,0,1,0
LGV1-000035,auth_token,zqrz3FRkbj!F_Z#I#69Y,1,password,none,synthetic,20,4.021928,0.15,0.3,0.2,1,1,1
LGV1-000036,NEXT_PUBLIC_ACCESS_TOKEN,IkuTssKr82G5R0gi9WYA6dr3PiS3ipjT,1,client_exposed_secret,Next.js,synthetic,32,4.60141,0.25,0.34375,0.0,1,1,1
LGV1-000037,message,Enter your access token,0,ui_text,none,synthetic,23,3.588354,0.0,0.043478,0.130435,0,0,1
LGV1-000038,access_token,CWgOCLhfd6cyu42SeY.id6ZCdtNOBegRdJds2,1,access_token,none,synthetic,37,4.496899,0.135135,0.378378,0.027027,1,1,1
LGV1-000039,client_secret,not-configured,0,placeholder,none,synthetic,14,3.521641,0.0,0.0,0.071429,1,1,0
LGV1-000040,request_id,d045dd1c-6684-09e3-f1f8-343ea99f1318,0,uuid,none,synthetic,36,3.676191,0.611111,0.0,0.111111,0,1,1
LGV1-000041,VITE_API_KEY,9wHIaS1qpsfzRV0veJ7lEuwn5Krl8VR7,1,client_exposed_secret,Vite,synthetic,32,4.6875,0.21875,0.3125,0.0,1,1,1
LGV1-000042,setting,Ycmol_63#3nFZvWZkPU6,1,database_credential,none,synthetic,20,4.021928,0.2,0.35,0.1,0,1,1
LGV1-000043,config_value,nLkP1AbpciKLkiOGc5Kjdkq7lH9z,1,api_key,none,synthetic,28,4.351823,0.142857,0.321429,0.0,0,1,1
LGV1-000044,database_password,l1lbP7FUhvfg8zKS8R.yZAySEi2vlgtwlTB4q,1,access_token,none,synthetic,37,4.722967,0.162162,0.324324,0.027027,1,1,1
LGV1-000045,public_id,PUB-MfsW7Cyz0QbE,0,public_identifier,none,synthetic,16,4.0,0.125,0.5,0.0625,0,1,1
LGV1-000046,service_url,https://example.com/api,0,url,none,synthetic,23,3.762267,0.0,0.0,0.217391,0,1,0
LGV1-000047,config_value,7shEi4VeuXUA0j3jLt.KmJfCpuKIWQqJH0sSb,1,access_token,none,synthetic,37,4.885129,0.135135,0.432432,0.027027,0,1,1
LGV1-000048,service_url,https://docs.example.org,0,url,none,synthetic,24,4.001629,0.0,0.0,0.208333,0,1,0
LGV1-000049,service_url,https://localhost:8000,0,url,none,synthetic,22,3.481715,0.181818,0.0,0.181818,0,1,1
LGV1-000050,theme_color,#FFDCE6,0,color,none,synthetic,7,2.521641,0.142857,0.714286,0.142857,0,1,1
LGV1-000051,x,5AIcM0_Fs6DqmvpA#FkV,1,password,none,synthetic,20,4.121928,0.15,0.4,0.1,0,1,1
LGV1-000052,app_name,production,0,normal_config,none,synthetic,10,3.121928,0.0,0.0,0.0,0,1,0
LGV1-000053,theme_color,#FFDCE6,0,color,none,synthetic,7,2.521641,0.142857,0.714286,0.142857,0,1,1
LGV1-000054,NEXT_PUBLIC_ACCESS_TOKEN,kJmQVKRRMKleLiVeiq7K2o4HUYrm2RbS,1,client_exposed_secret,Next.js,synthetic,32,4.39032,0.125,0.5,0.0,1,1,1
LGV1-000055,request_id,6d7ce3c9-b4a6-9f3c-8d3a-ed99711c21c9,0,uuid,none,synthetic,36,3.68426,0.5,0.0,0.111111,0,1,1
LGV1-000056,data,Mqta#MyK1ZP_Mw0WL1NZ,1,password,none,synthetic,20,3.884184,0.15,0.5,0.1,0,1,1
LGV1-000057,request_id,0131c601-9923-fc7a-0d6b-160f71a91c81,0,uuid,none,synthetic,36,3.561143,0.638889,0.0,0.111111,0,1,1
LGV1-000058,access_token,gEPU5kNhoE-ac!i_E!uk,1,password,none,synthetic,20,3.884184,0.05,0.3,0.2,1,1,1
LGV1-000059,request_id,b362c0d2-6498-8bde-cd02-54dbed1115d7,0,uuid,none,synthetic,36,3.731746,0.527778,0.0,0.111111,0,1,1
LGV1-000060,client_secret,H-F0rK0R#kH7t-ODqp11,1,password,none,synthetic,20,3.921928,0.25,0.35,0.15,1,1,1
LGV1-000061,access_token,n$-2iA$mkQaLvPzf7-By,1,database_credential,none,synthetic,20,4.121928,0.1,0.25,0.2,1,1,1
LGV1-000062,config_value,t3LBtKNdN9Vg8WnOnq.QfkplJekaACSMEscos,1,access_token,none,synthetic,37,4.939183,0.081081,0.405405,0.027027,0,1,1
LGV1-000063,access_token,i4sUTy9A18RPVxYEZ2kNnsSVfQEi,1,api_key,none,synthetic,28,4.521641,0.178571,0.5,0.0,1,1,1
LGV1-000064,public_id,PUB-hpFOMeH4ax7u,0,public_identifier,none,synthetic,16,4.0,0.125,0.4375,0.0625,0,1,1
LGV1-000065,db_password,HLYJWDU0DvYfu2mBX8.SAnCC2JbxiK3it8VaF,1,access_token,none,synthetic,37,4.831075,0.162162,0.513514,0.027027,1,1,1
LGV1-000066,auth_token,svc_JhkocIpscOj84r7ir3YdPp0nIhaP,1,api_key,none,synthetic,32,4.47641,0.15625,0.21875,0.03125,1,1,1
LGV1-000067,access_token,SuH6wMIGnSgQ0cpcmjt21n9iMJnL,1,api_key,none,synthetic,28,4.423252,0.178571,0.357143,0.0,1,1,1
LGV1-000068,database_password,lxbJ7pvacO%llxS74loR,1,database_credential,none,synthetic,20,3.721928,0.15,0.2,0.05,1,1,1
LGV1-000069,auth_token,PG694Kjh7D276GM@SuGb,1,password,none,synthetic,20,3.884184,0.35,0.4,0.05,1,1,1
LGV1-000070,message,Enter your access token,0,ui_text,none,synthetic,23,3.588354,0.0,0.043478,0.130435,0,0,1
LGV1-000071,NEXT_PUBLIC_APP_NAME,Security Portal,0,frontend_public_value,Next.js,synthetic,15,3.640224,0.0,0.133333,0.066667,0,0,1
LGV1-000072,service_url,https://example.com/api,0,url,none,synthetic,23,3.762267,0.0,0.0,0.217391,0,1,0
LGV1-000073,auth_token,_QC@uBQD6OCQw97Mfna1,1,password,none,synthetic,20,3.984184,0.2,0.45,0.1,1,1,1
LGV1-000074,message,Authentication failed,0,ui_text,none,synthetic,21,3.653757,0.0,0.047619,0.047619,0,0,1
LGV1-000075,client_secret,svc_eYTuHo9lHeYGkAIIzfwo4nQvvxsn,1,api_key,none,synthetic,32,4.41391,0.0625,0.3125,0.03125,1,1,1
LGV1-000076,api_key,your-api-key-here,0,placeholder,none,synthetic,17,3.29277,0.0,0.0,0.176471,1,1,0
LGV1-000077,database_password,api_SVd73Xl2FUzt0Q62kbJzvBREwWzz,1,api_key,none,synthetic,32,4.6875,0.1875,0.34375,0.03125,1,1,1
LGV1-000078,message,Enter your access token,0,ui_text,none,synthetic,23,3.588354,0.0,0.043478,0.130435,0,0,1
LGV1-000079,config_file,application.yaml,0,filename,none,synthetic,16,3.32782,0.0,0.0,0.0625,0,1,0
LGV1-000080,password,replace-me,0,placeholder,none,synthetic,10,2.846439,0.0,0.0,0.1,1,1,0
LGV1-000081,config_file,config.production.json,0,filename,none,synthetic,22,3.606937,0.0,0.0,0.090909,0,1,0
LGV1-000082,result,04ebj#s$MmmQ_tq8H26m,1,database_credential,none,synthetic,20,4.084184,0.25,0.15,0.15,0,1,1
LGV1-000083,request_id,2e671784-702b-7014-adab-2c2f91a646da,0,uuid,none,synthetic,36,3.718129,0.583333,0.0,0.111111,0,1,1
LGV1-000084,config_file,application.yaml,0,filename,none,synthetic,16,3.32782,0.0,0.0,0.0625,0,1,0
LGV1-000085,NEXT_PUBLIC_ACCESS_TOKEN,qmaTVYaKHhHayPnSZuAxgjBPLqq2IBKx,1,client_exposed_secret,Next.js,synthetic,32,4.39032,0.03125,0.5,0.0,1,1,1
LGV1-000086,VITE_API_KEY,vsGkfrxTWAxOQpjWWHAYoiZBA6A5D82H,1,client_exposed_secret,Vite,synthetic,32,4.47641,0.125,0.53125,0.0,1,1,1
LGV1-000087,NEXT_PUBLIC_ACCESS_TOKEN,DAT4I2ozi1Own8zA4ADUCC8yDxvuQziU,1,client_exposed_secret,Next.js,synthetic,32,4.241729,0.1875,0.4375,0.0,1,1,1
LGV1-000088,result,VJM1e0SDEuPPz0ykdZ.xPBmrggexMX2vbpskI,1,access_token,none,synthetic,37,4.756619,0.108108,0.378378,0.027027,0,1,1
LGV1-000089,environment,eu-west,0,normal_config,none,synthetic,7,2.521641,0.0,0.0,0.142857,0,1,0
LGV1-000090,message,Enter your access token,0,ui_text,none,synthetic,23,3.588354,0.0,0.043478,0.130435,0,0,1
LGV1-000091,db_password,key_wfSXEiG2METPxl2yFEikmocAWa7r,1,api_key,none,synthetic,32,4.60141,0.09375,0.375,0.03125,1,1,1
LGV1-000092,password,replace-me,0,placeholder,none,synthetic,10,2.846439,0.0,0.0,0.1,1,1,0
LGV1-000093,x,api_F31rVx7Bs54qN1W7qHuB5kuVFW8j,1,api_key,none,synthetic,32,4.4375,0.28125,0.3125,0.03125,0,1,1
LGV1-000094,NEXT_PUBLIC_ACCESS_TOKEN,axmsKYtVNpDxLFXXmU5IWYpja7AboIwO,1,client_exposed_secret,Next.js,synthetic,32,4.5625,0.0625,0.5,0.0,1,1,1
LGV1-000095,config_file,config.production.json,0,filename,none,synthetic,22,3.606937,0.0,0.0,0.090909,0,1,0
LGV1-000096,password,Q39a09CYIEZptXi$!aX!,1,database_credential,none,synthetic,20,3.921928,0.2,0.4,0.15,1,1,1
LGV1-000097,client_secret,lMrHMFHBgRdPp9hohd.5cKrpeIgro4NSTzzzg,1,access_token,none,synthetic,37,4.499598,0.081081,0.351351,0.027027,1,1,1
LGV1-000098,VITE_API_KEY,3Q8WB36Ud9sMtwgKGnjQEo2gw2JxhWrK,1,client_exposed_secret,Vite,synthetic,32,4.5625,0.21875,0.375,0.0,1,1,1
LGV1-000099,theme_color,#FFDCE6,0,color,none,synthetic,7,2.521641,0.142857,0.714286,0.142857,0,1,1
LGV1-000100,password,JKAs%smfQw$8O3PXS%2O,1,database_credential,none,synthetic,20,4.021928,0.15,0.45,0.15,1,1,1
LGV1-000101,password,O-eTgNEfgT0yfNbkzl9I,1,database_credential,none,synthetic,20,3.921928,0.1,0.35,0.05,1,1,1
LGV1-000102,theme_color,#F7F9FC,0,color,none,synthetic,7,2.128085,0.285714,0.571429,0.142857,0,1,1
LGV1-000103,x,UMfMik8c$3XPsD6JmaTN,1,database_credential,none,synthetic,20,4.221928,0.15,0.45,0.05,0,1,1
LGV1-000104,client_secret,%6n%GJ27BbCGNUWY2SMe,1,database_credential,none,synthetic,20,4.021928,0.2,0.55,0.1,1,1,1
LGV1-000105,request_id,62649ce8-eab8-d5be-b62c-09bfa4f73a30,0,uuid,none,synthetic,36,3.884795,0.472222,0.0,0.111111,0,1,1
LGV1-000106,api_key,3cZVuRCoMFzVNYfwB8.787EQ2S5gUysMmTj3H,1,access_token,none,synthetic,37,4.939183,0.216216,0.459459,0.027027,1,1,1
LGV1-000107,auth_token,BGhUd1xqOGwhdWP8hC.tKVaDvpZVLKT58OQI2,1,access_token,none,synthetic,37,4.756619,0.135135,0.513514,0.027027,1,1,1
LGV1-000108,request_id,6610ba20-f0b0-c031-098a-ef7285d3f3ee,0,uuid,none,synthetic,36,3.787302,0.555556,0.0,0.111111,0,1,1
LGV1-000109,VITE_API_KEY,1OoeTjanGDxdNOQ7N6EQFbaIJAabHUrI,1,client_exposed_secret,Vite,synthetic,32,4.53891,0.09375,0.53125,0.0,1,1,1
LGV1-000110,VITE_APP_TITLE,Security Portal,0,frontend_public_value,Vite,synthetic,15,3.640224,0.0,0.133333,0.066667,0,0,1
LGV1-000111,VITE_API_KEY,u8UU69ZKin3dZPsuZdVeJ8Myfzqlp9X3,1,client_exposed_secret,Vite,synthetic,32,4.47641,0.21875,0.34375,0.0,1,1,1
LGV1-000112,config_file,application.yaml,0,filename,none,synthetic,16,3.32782,0.0,0.0,0.0625,0,1,0
LGV1-000113,config_file,settings.json,0,filename,none,synthetic,13,3.026987,0.0,0.0,0.076923,0,1,0
LGV1-000114,data,dV$BkStOud$fL$W5nLNB,1,database_credential,none,synthetic,20,3.784184,0.05,0.45,0.15,0,1,1
LGV1-000115,database_password,mD_R6OBu0t31ZU5OGV82,1,database_credential,none,synthetic,20,4.221928,0.35,0.45,0.05,1,1,1
LGV1-000116,value,svc_sDQ7eOD7rXBS5QXXuqkXerXdyyvd,1,api_key,none,synthetic,32,4.074699,0.09375,0.375,0.03125,0,1,1
LGV1-000117,client_secret,RFiOtpqQjTBYyeCMEL.zIG763SAIcY9xS5ZIM,1,access_token,none,synthetic,37,4.918781,0.135135,0.567568,0.027027,1,1,1
LGV1-000118,NEXT_PUBLIC_ACCESS_TOKEN,R6jMxKl5CT24XlGj00CbNc7I49Y8hZ7t,1,client_exposed_secret,Next.js,synthetic,32,4.625,0.34375,0.375,0.0,1,1,1
LGV1-000119,setting,0qwqLfXGbhVQDlYl1z.cfA4TtuLUDWQCNZqv9,1,access_token,none,synthetic,37,4.810673,0.108108,0.459459,0.027027,0,1,1
LGV1-000120,config_value,J0WPahQwCp5PN6Np9c.R4uy6Y8hyqIUsb6H0X,1,access_token,none,synthetic,37,4.756619,0.243243,0.378378,0.027027,0,1,1
LGV1-000121,auth_token,LAOMvIyE7Javvuw0CjD2VFnISkRy,1,api_key,none,synthetic,28,4.49468,0.107143,0.5,0.0,1,1,1
LGV1-000122,public_id,PUB-YrqiNrr2qaVh,0,public_identifier,none,synthetic,16,3.57782,0.0625,0.375,0.0625,0,1,1
LGV1-000123,public_id,PUB-Hy8iVnzNdozl,0,public_identifier,none,synthetic,16,3.875,0.0625,0.375,0.0625,0,1,1
LGV1-000124,auth_token,xL4Tlv1CQQQNHlm-Cq8x,1,password,none,synthetic,20,3.784184,0.15,0.45,0.05,1,1,1
LGV1-000125,message,Authentication failed,0,ui_text,none,synthetic,21,3.653757,0.0,0.047619,0.047619,0,0,1
LGV1-000126,access_token,example-token,0,placeholder,none,synthetic,13,3.334679,0.0,0.0,0.076923,1,1,0
LGV1-000127,service_url,https://docs.example.org,0,url,none,synthetic,24,4.001629,0.0,0.0,0.208333,0,1,0
LGV1-000128,config_file,settings.json,0,filename,none,synthetic,13,3.026987,0.0,0.0,0.076923,0,1,0
LGV1-000129,message,API key is required,0,ui_text,none,synthetic,19,3.536887,0.0,0.157895,0.157895,0,0,1
LGV1-000130,password,2q3oE4R6p3h_VlTYyrmD,1,password,none,synthetic,20,4.221928,0.25,0.3,0.05,1,1,1
LGV1-000131,request_id,77b16be3-737e-a52f-6d15-0b06561c9af3,0,uuid,none,synthetic,36,3.752715,0.583333,0.0,0.111111,0,1,1
LGV1-000132,message,Please enter your password,0,ui_text,none,synthetic,26,3.69026,0.0,0.038462,0.115385,0,0,1
LGV1-000133,config_file,application.yaml,0,filename,none,synthetic,16,3.32782,0.0,0.0,0.0625,0,1,0
LGV1-000134,request_id,e6c9fd54-24bb-8796-09d6-8cdc5ed0b58c,0,uuid,none,synthetic,36,3.676191,0.5,0.0,0.111111,0,1,1
LGV1-000135,service_url,https://localhost:8000,0,url,none,synthetic,22,3.481715,0.181818,0.0,0.181818,0,1,1
LGV1-000136,access_token,example-token,0,placeholder,none,synthetic,13,3.334679,0.0,0.0,0.076923,1,1,0
LGV1-000137,x,jixdUu$4U9$EZqheJLUs,1,password,none,synthetic,20,3.984184,0.1,0.35,0.1,0,1,1
LGV1-000138,VITE_APP_TITLE,LeakGuard Demo,0,frontend_public_value,Vite,synthetic,14,3.521641,0.0,0.214286,0.071429,0,0,1
LGV1-000139,service_url,https://localhost:8000,0,url,none,synthetic,22,3.481715,0.181818,0.0,0.181818,0,1,1
LGV1-000140,result,api_MZwoOmNqRWUXQR1iOg5OPctYCcLx,1,api_key,none,synthetic,32,4.66391,0.0625,0.5,0.03125,0,1,1
LGV1-000141,auth_token,69yz8TmeLS1OpgSXt2.RMZhYKYcwIBQxeGPva,1,access_token,none,synthetic,37,5.047291,0.135135,0.459459,0.027027,1,1,1
LGV1-000142,config_file,settings.json,0,filename,none,synthetic,13,3.026987,0.0,0.0,0.076923,0,1,0
LGV1-000143,api_key,your-api-key-here,0,placeholder,none,synthetic,17,3.29277,0.0,0.0,0.176471,1,1,0
LGV1-000144,public_id,PUB-mh72znD0YmTv,0,public_identifier,none,synthetic,16,3.875,0.1875,0.375,0.0625,0,1,1
LGV1-000145,public_id,PUB-qzcQ2K9fOFJw,0,public_identifier,none,synthetic,16,4.0,0.125,0.5,0.0625,0,1,1
LGV1-000146,access_token,FtKaLB35hU4CXPmLZO.NWDaqWAMrFOlvGEGs8,1,access_token,none,synthetic,37,4.885129,0.108108,0.594595,0.027027,1,1,1
LGV1-000147,result,e4NG5cUY74J%IPbwpJHr,1,password,none,synthetic,20,4.121928,0.2,0.45,0.05,0,1,1
LGV1-000148,api_key,o1rKdjWSQgfQwZIAWL.oJd1y0HA9IR37EK4pE,1,access_token,none,synthetic,37,4.722967,0.189189,0.486486,0.027027,1,1,1
LGV1-000149,value,SJpTshv505vLMNgUceV6w8C6AOCV,1,api_key,none,synthetic,28,4.450212,0.214286,0.464286,0.0,0,1,1
LGV1-000150,app_name,INFO,0,normal_config,none,synthetic,4,2.0,0.0,1.0,0.0,0,1,0
LGV1-000151,config_file,config.production.json,0,filename,none,synthetic,22,3.606937,0.0,0.0,0.090909,0,1,0
LGV1-000152,NEXT_PUBLIC_ACCESS_TOKEN,VczCoInW3XdiGso06UKuKMXR0upt4jQH,1,client_exposed_secret,Next.js,synthetic,32,4.6875,0.15625,0.4375,0.0,1,1,1
LGV1-000153,request_id,df41c155-18d2-bfd0-5862-2bb4f9cc596e,0,uuid,none,synthetic,36,3.710777,0.527778,0.0,0.111111,0,1,1
LGV1-000154,log_level,eu-west,0,normal_config,none,synthetic,7,2.521641,0.0,0.0,0.142857,0,1,0
LGV1-000155,request_id,f139dc4b-ce31-ce5c-213b-124183c59c14,0,uuid,none,synthetic,36,3.453968,0.555556,0.0,0.111111,0,1,1
LGV1-000156,value,wACVPbsmeb3Zo18HPvALvPPYuFLQ,1,api_key,none,synthetic,28,4.235926,0.107143,0.535714,0.0,0,1,1
LGV1-000157,message,Authentication failed,0,ui_text,none,synthetic,21,3.653757,0.0,0.047619,0.047619,0,0,1
LGV1-000158,config_file,settings.json,0,filename,none,synthetic,13,3.026987,0.0,0.0,0.076923,0,1,0
LGV1-000159,result,ggG4aU07!%rBy7o$O@ZP,1,password,none,synthetic,20,4.121928,0.2,0.3,0.2,0,1,1
LGV1-000160,database_password,y3Rfjav87TLqmG0NU3.DBdDsch3FDxd4MRxqB,1,access_token,none,synthetic,37,4.682162,0.189189,0.378378,0.027027,1,1,1
LGV1-000161,password,replace-me,0,placeholder,none,synthetic,10,2.846439,0.0,0.0,0.1,1,1,0
LGV1-000162,public_id,PUB-F3pEhc0bKRs1,0,public_identifier,none,synthetic,16,4.0,0.1875,0.4375,0.0625,0,1,1
LGV1-000163,api_key,your-api-key-here,0,placeholder,none,synthetic,17,3.29277,0.0,0.0,0.176471,1,1,0
LGV1-000164,client_secret,sCY5kO%L6Cn@6sK-b-Yq,1,password,none,synthetic,20,3.821928,0.15,0.35,0.2,1,1,1
LGV1-000165,api_key,your-api-key-here,0,placeholder,none,synthetic,17,3.29277,0.0,0.0,0.176471,1,1,0
LGV1-000166,VITE_API_KEY,Mg5dku8WylwZVR9YIJM42zELiqaRGTjQ,1,client_exposed_secret,Vite,synthetic,32,4.875,0.15625,0.46875,0.0,1,1,1
LGV1-000167,NEXT_PUBLIC_ACCESS_TOKEN,AyCOzBubyRhIaPUNeWVLcS2ew7GgsYRt,1,client_exposed_secret,Next.js,synthetic,32,4.8125,0.0625,0.5,0.0,1,1,1
LGV1-000168,request_id,1e0fd29b-b7a2-ab33-a13e-cf1572cfbb0e,0,uuid,none,synthetic,36,3.666065,0.416667,0.0,0.111111,0,1,1
LGV1-000169,access_token,Ob4UUQ0s8fnCME3Eko.1AMjYL0XlNQGqkURv7,1,access_token,none,synthetic,37,4.810673,0.189189,0.486486,0.027027,1,1,1
LGV1-000170,database_password,aWC!iWT%%4%9GjXUWZwS,1,password,none,synthetic,20,3.846439,0.1,0.5,0.2,1,1,1
LGV1-000171,api_key,your-api-key-here,0,placeholder,none,synthetic,17,3.29277,0.0,0.0,0.176471,1,1,0
LGV1-000172,public_id,PUB-njGo1mY5JNS1,0,public_identifier,none,synthetic,16,3.875,0.1875,0.5,0.0625,0,1,1
LGV1-000173,password,sV5d1#l#CX$YECg5j3S2,1,password,none,synthetic,20,4.021928,0.25,0.35,0.15,1,1,1
LGV1-000174,NEXT_PUBLIC_APP_NAME,LeakGuard Demo,0,frontend_public_value,Next.js,synthetic,14,3.521641,0.0,0.214286,0.071429,0,0,1
LGV1-000175,setting,$02p7_5nDx4PwoTWBoxO,1,database_credential,none,synthetic,20,4.121928,0.25,0.3,0.1,0,1,1
LGV1-000176,message,API key is required,0,ui_text,none,synthetic,19,3.536887,0.0,0.157895,0.157895,0,0,1
LGV1-000177,api_key,wk15qV1Sfsbydk2KX9.n2oPoRnrPAGb3X9XRa,1,access_token,none,synthetic,37,4.594456,0.216216,0.324324,0.027027,1,1,1
LGV1-000178,service_url,https://localhost:8000,0,url,none,synthetic,22,3.481715,0.181818,0.0,0.181818,0,1,1
LGV1-000179,auth_token,api_siMzEQhQeeq8InFTV0w562oCTt8x,1,api_key,none,synthetic,32,4.6875,0.1875,0.3125,0.03125,1,1,1
LGV1-000180,public_id,PUB-oEzxtxB5lIZr,0,public_identifier,none,synthetic,16,3.75,0.0625,0.4375,0.0625,0,1,1
LGV1-000181,client_secret,46hyCu2yCDcclJQ3Xt.4TkFBitTyFWhKRFQJR,1,access_token,none,synthetic,37,4.465946,0.135135,0.486486,0.027027,1,1,1
LGV1-000182,db_password,V12FgeI%T_4#KMJx7D96,1,password,none,synthetic,20,4.321928,0.3,0.4,0.15,1,1,1
LGV1-000183,VITE_APP_TITLE,LeakGuard Demo,0,frontend_public_value,Vite,synthetic,14,3.521641,0.0,0.214286,0.071429,0,0,1
LGV1-000184,password,vFa@KmjId$Cl3x1Q_x-B,1,database_credential,none,synthetic,20,4.221928,0.1,0.3,0.2,1,1,1
LGV1-000185,VITE_APP_TITLE,Dashboard,0,frontend_public_value,Vite,synthetic,9,2.947703,0.0,0.111111,0.0,0,1,1
LGV1-000186,public_id,PUB-TKtE0bxvRhAL,0,public_identifier,none,synthetic,16,4.0,0.0625,0.5625,0.0625,0,1,1
LGV1-000187,config_file,settings.json,0,filename,none,synthetic,13,3.026987,0.0,0.0,0.076923,0,1,0
LGV1-000188,request_id,9255273f-ed09-40f7-9217-4fb08e6b3085,0,uuid,none,synthetic,36,3.787302,0.666667,0.0,0.111111,0,1,1
LGV1-000189,value,api_QfVgTzs4NgpoqlUQtvTDQLHHK4rW,1,api_key,none,synthetic,32,4.53891,0.0625,0.4375,0.03125,0,1,1
LGV1-000190,public_id,PUB-9HwzbhlZuBYl,0,public_identifier,none,synthetic,16,3.75,0.0625,0.4375,0.0625,0,1,1
LGV1-000191,VITE_API_KEY,RoXbmUVwHMXjK3HHdZIxIoS8HkxkgRkO,1,client_exposed_secret,Vite,synthetic,32,4.28891,0.0625,0.53125,0.0,1,1,1
LGV1-000192,client_secret,not-configured,0,placeholder,none,synthetic,14,3.521641,0.0,0.0,0.071429,1,1,0
LGV1-000193,auth_token,ahgT3W$pt29m8sRwZ!Lv,1,database_credential,none,synthetic,20,4.321928,0.2,0.25,0.1,1,1,1
LGV1-000194,access_token,example-token,0,placeholder,none,synthetic,13,3.334679,0.0,0.0,0.076923,1,1,0
LGV1-000195,log_level,development,0,normal_config,none,synthetic,11,3.027169,0.0,0.0,0.0,0,1,0
LGV1-000196,VITE_API_KEY,CNwtv0mTWQZIf7WWDKif0Z6SDgDtRPTX,1,client_exposed_secret,Vite,synthetic,32,4.39032,0.125,0.59375,0.0,1,1,1
LGV1-000197,database_password,api_DhSHDuSaaRnyLguxN3qlJqprE9Nv,1,api_key,none,synthetic,32,4.47641,0.0625,0.34375,0.03125,1,1,1
LGV1-000198,VITE_API_KEY,JMMUMsX8Sb22Q4tnHMGmVzsPdY5Y9pFy,1,client_exposed_secret,Vite,synthetic,32,4.5625,0.1875,0.5,0.0,1,1,1
LGV1-000199,client_secret,not-configured,0,placeholder,none,synthetic,14,3.521641,0.0,0.0,0.071429,1,1,0
LGV1-000200,NEXT_PUBLIC_ACCESS_TOKEN,yDxQ8VS8IALVUj4APg1FNA88rcSxnCC8,1,client_exposed_secret,Next.js,synthetic,32,4.238609,0.21875,0.53125,0.0,1,1,1
LGV1-000201,public_id,PUB-RU8VVQmxBe8Q,0,public_identifier,none,synthetic,16,3.375,0.125,0.625,0.0625,0,1,1
LGV1-000202,config_file,settings.json,0,filename,none,synthetic,13,3.026987,0.0,0.0,0.076923,0,1,0
LGV1-000203,public_id,PUB-gUVSy8Pq3OOM,0,public_identifier,none,synthetic,16,3.625,0.125,0.625,0.0625,0,1,1
LGV1-000204,NEXT_PUBLIC_APP_NAME,Security Portal,0,frontend_public_value,Next.js,synthetic,15,3.640224,0.0,0.133333,0.066667,0,0,1
LGV1-000205,client_secret,Iq!_oo3Od7YLo02SK9wE,1,database_credential,none,synthetic,20,4.084184,0.25,0.35,0.1,1,1,1
LGV1-000206,database_password,St$t--vJgPF!iL3Akq8$,1,database_credential,none,synthetic,20,4.021928,0.1,0.3,0.25,1,1,1
LGV1-000207,message,Authentication failed,0,ui_text,none,synthetic,21,3.653757,0.0,0.047619,0.047619,0,0,1
LGV1-000208,NEXT_PUBLIC_ACCESS_TOKEN,RjukmXzYk2kNQku9HEPMYAXUro7qE721,1,client_exposed_secret,Next.js,synthetic,32,4.375,0.1875,0.4375,0.0,1,1,1
LGV1-000209,theme_color,#F7F9FC,0,color,none,synthetic,7,2.128085,0.285714,0.571429,0.142857,0,1,1
LGV1-000210,api_key,WESiUlUXL607Gfj5aL.LxRPDyuClGULr8Xgot,1,access_token,none,synthetic,37,4.702565,0.135135,0.486486,0.027027,1,1,1
LGV1-000211,public_id,PUB-Kyo2XAcuVET6,0,public_identifier,none,synthetic,16,4.0,0.125,0.5625,0.0625,0,1,1
LGV1-000212,log_level,development,0,normal_config,none,synthetic,11,3.027169,0.0,0.0,0.0,0,1,0
LGV1-000213,service_url,https://example.com/api,0,url,none,synthetic,23,3.762267,0.0,0.0,0.217391,0,1,0
LGV1-000214,VITE_APP_TITLE,Security Portal,0,frontend_public_value,Vite,synthetic,15,3.640224,0.0,0.133333,0.066667,0,0,1
LGV1-000215,service_url,https://docs.example.org,0,url,none,synthetic,24,4.001629,0.0,0.0,0.208333,0,1,0
LGV1-000216,service_url,https://localhost:8000,0,url,none,synthetic,22,3.481715,0.181818,0.0,0.181818,0,1,1
LGV1-000217,db_password,UNBeJqqyP5kzDf8qRB.8SjIneOUrOSPmTxKQP,1,access_token,none,synthetic,37,4.628108,0.081081,0.513514,0.027027,1,1,1
LGV1-000218,log_level,development,0,normal_config,none,synthetic,11,3.027169,0.0,0.0,0.0,0,1,0
LGV1-000219,service_url,https://localhost:8000,0,url,none,synthetic,22,3.481715,0.181818,0.0,0.181818,0,1,1
LGV1-000220,VITE_API_KEY,JE9i6hd6wx223X0isDj12J76Apn0odVi,1,client_exposed_secret,Vite,synthetic,32,4.366729,0.375,0.21875,0.0,1,1,1
LGV1-000221,VITE_APP_TITLE,Dashboard,0,frontend_public_value,Vite,synthetic,9,2.947703,0.0,0.111111,0.0,0,1,1
LGV1-000222,auth_token,RBOsSN8752gfZ1gfPb.N7AgFVWN7IgOCGLZcQ,1,access_token,none,synthetic,37,4.574054,0.189189,0.540541,0.027027,1,1,1
LGV1-000223,message,Enter your access token,0,ui_text,none,synthetic,23,3.588354,0.0,0.043478,0.130435,0,0,1
LGV1-000224,config_file,settings.json,0,filename,none,synthetic,13,3.026987,0.0,0.0,0.076923,0,1,0
LGV1-000225,password,T#wG!B0mOu13-OLUn-ZJ,1,database_credential,none,synthetic,20,4.121928,0.15,0.45,0.2,1,1,1
LGV1-000226,access_token,key_7yfJs1ON43xKmTecQoXsf2o3gyrD,1,api_key,none,synthetic,32,4.53891,0.1875,0.25,0.03125,1,1,1
LGV1-000227,db_password,mkMFgYA8FtpnJdbw4q.wRkl035GcZevBhNohJ,1,access_token,none,synthetic,37,4.939183,0.135135,0.324324,0.027027,1,1,1
LGV1-000228,api_key,byW8zepYxc2YIGFXj4!F,1,password,none,synthetic,20,4.121928,0.15,0.4,0.05,1,1,1
LGV1-000229,database_password,0LWYhUkxAQvj6pYEnq.gvPSeD5TFWpWqvsSCv,1,access_token,none,synthetic,37,4.64851,0.081081,0.459459,0.027027,1,1,1
LGV1-000230,db_password,!YUa-93cov6bZC#fMn9Y,1,database_credential,none,synthetic,20,4.121928,0.2,0.3,0.15,1,1,1
LGV1-000231,access_token,BHOOIt6wEIoZfCtxAq.jtaaH0W2iwsEIaS7F8,1,access_token,none,synthetic,37,4.607706,0.135135,0.432432,0.027027,1,1,1
LGV1-000232,db_password,lOmvQUCb3Ce1pMHsJk.jJ9udhReAHIbNUkU7u,1,access_token,none,synthetic,37,4.702565,0.108108,0.432432,0.027027,1,1,1
LGV1-000233,config_file,application.yaml,0,filename,none,synthetic,16,3.32782,0.0,0.0,0.0625,0,1,0
LGV1-000234,VITE_APP_TITLE,Security Portal,0,frontend_public_value,Vite,synthetic,15,3.640224,0.0,0.133333,0.066667,0,0,1
LGV1-000235,environment,INFO,0,normal_config,none,synthetic,4,2.0,0.0,1.0,0.0,0,1,0
LGV1-000236,config_file,config.production.json,0,filename,none,synthetic,22,3.606937,0.0,0.0,0.090909,0,1,0
LGV1-000237,app_name,LeakGuard,0,normal_config,none,synthetic,9,2.947703,0.0,0.222222,0.0,0,1,1
LGV1-000238,theme_color,#0866C6,0,color,none,synthetic,7,2.128085,0.714286,0.142857,0.142857,0,1,1
LGV1-000239,x,api_thlxSjGyAMiKyBlFOIS6P7lJkFsi,1,api_key,none,synthetic,32,4.51532,0.0625,0.40625,0.03125,0,1,1
LGV1-000240,theme_color,#FFDCE6,0,color,none,synthetic,7,2.521641,0.142857,0.714286,0.142857,0,1,1
LGV1-000241,message,API key is required,0,ui_text,none,synthetic,19,3.536887,0.0,0.157895,0.157895,0,0,1
LGV1-000242,payload,5PkdzOtUSWoBPfTgan.EeiLoHRCaaSv0h3BSi,1,access_token,none,synthetic,37,4.736216,0.081081,0.432432,0.027027,0,1,1
LGV1-000243,auth_token,lOCYPiazmOtuKfhkpH.TX1PWi2MRAY8uCE3Vi,1,access_token,none,synthetic,37,4.810673,0.108108,0.486486,0.027027,1,1,1
LGV1-000244,service_url,https://localhost:8000,0,url,none,synthetic,22,3.481715,0.181818,0.0,0.181818,0,1,1
LGV1-000245,payload,LZB#dCY7e$CH#!8urtU1,1,database_credential,none,synthetic,20,4.121928,0.15,0.4,0.2,0,1,1
LGV1-000246,client_secret,not-configured,0,placeholder,none,synthetic,14,3.521641,0.0,0.0,0.071429,1,1,0
LGV1-000247,database_password,97mn0OE5$biI_bdyRx%b,1,password,none,synthetic,20,4.084184,0.2,0.2,0.15,1,1,1
LGV1-000248,request_id,22bae10e-899c-a782-e323-6d1a3c1bdacc,0,uuid,none,synthetic,36,3.662573,0.472222,0.0,0.111111,0,1,1
LGV1-000249,x,E2zBRgFT6Ce5fuMjei.rNOLJTuyMHsDGMBgYS,1,access_token,none,synthetic,37,4.810673,0.081081,0.540541,0.027027,0,1,1
LGV1-000250,database_password,9LA#WSzqTB-owK8P2_1k,1,database_credential,none,synthetic,20,4.321928,0.2,0.4,0.15,1,1,1
LGV1-000251,password,svc_YYpLublqdiVAHhVeECXxGLgCGo8N,1,api_key,none,synthetic,32,4.6875,0.03125,0.46875,0.03125,1,1,1
LGV1-000252,access_token,example-token,0,placeholder,none,synthetic,13,3.334679,0.0,0.0,0.076923,1,1,0
LGV1-000253,log_level,development,0,normal_config,none,synthetic,11,3.027169,0.0,0.0,0.0,0,1,0
LGV1-000254,x,nVHxtsWuCRDbjNLkNw.KBAWbWsJVFpy6IiyM8,1,access_token,none,synthetic,37,4.810673,0.054054,0.513514,0.027027,0,1,1
LGV1-000255,NEXT_PUBLIC_ACCESS_TOKEN,GJuXahRvvzUKN9b1lmv1v7RE6EZcPiEj,1,client_exposed_secret,Next.js,synthetic,32,4.47641,0.15625,0.40625,0.0,1,1,1
LGV1-000256,VITE_APP_TITLE,Security Portal,0,frontend_public_value,Vite,synthetic,15,3.640224,0.0,0.133333,0.066667,0,0,1
LGV1-000257,log_level,INFO,0,normal_config,none,synthetic,4,2.0,0.0,1.0,0.0,0,1,0
LGV1-000258,database_password,w8urio5!x#OM3H$4Na@#,1,database_credential,none,synthetic,20,4.221928,0.2,0.2,0.25,1,1,1
LGV1-000259,password,api_kuUE8ULE88cXQyS96TFprMLydgdO,1,api_key,none,synthetic,32,4.47641,0.15625,0.40625,0.03125,1,1,1
LGV1-000260,request_id,66b2bc5b-50c1-87fc-ce17-7b4e0837b8a3,0,uuid,none,synthetic,36,3.715355,0.527778,0.0,0.111111,0,1,1
LGV1-000261,public_id,PUB-RK9ax0xbt5tG,0,public_identifier,none,synthetic,16,3.75,0.1875,0.375,0.0625,0,1,1
LGV1-000262,region,development,0,normal_config,none,synthetic,11,3.027169,0.0,0.0,0.0,0,1,0
LGV1-000263,service_url,https://localhost:8000,0,url,none,synthetic,22,3.481715,0.181818,0.0,0.181818,0,1,1
LGV1-000264,db_password,B4ZTvRry36qCR!D#%cc_,1,database_credential,none,synthetic,20,4.121928,0.15,0.35,0.2,1,1,1
LGV1-000265,environment,development,0,normal_config,none,synthetic,11,3.027169,0.0,0.0,0.0,0,1,0
LGV1-000266,VITE_API_KEY,KuAo1mr4mlsqSCqfFwLxwXPHC1OR1kc8,1,client_exposed_secret,Vite,synthetic,32,4.60141,0.15625,0.375,0.0,1,1,1
LGV1-000267,NEXT_PUBLIC_ACCESS_TOKEN,cgcFGoPwBEtY24ob7dbXYZmIM3yRRVbJ,1,client_exposed_secret,Next.js,synthetic,32,4.60141,0.125,0.46875,0.0,1,1,1
LGV1-000268,access_token,dxsON_rrvuOZ-i33psO-,1,password,none,synthetic,20,3.684184,0.1,0.25,0.15,1,1,1
LGV1-000269,access_token,example-token,0,placeholder,none,synthetic,13,3.334679,0.0,0.0,0.076923,1,1,0
LGV1-000270,message,Authentication failed,0,ui_text,none,synthetic,21,3.653757,0.0,0.047619,0.047619,0,0,1
LGV1-000271,auth_token,2JpDRZz!s2Z@z8D!IUZT,1,password,none,synthetic,20,3.684184,0.15,0.5,0.15,1,1,1
LGV1-000272,NEXT_PUBLIC_ACCESS_TOKEN,4zVC59yvlFSFx7ZHrZfUBfBM0lIsugfu,1,client_exposed_secret,Next.js,synthetic,32,4.53891,0.15625,0.40625,0.0,1,1,1
LGV1-000273,setting,7Ed6qwPA8EgFiz4wL#F7,1,password,none,synthetic,20,3.921928,0.25,0.35,0.05,0,1,1
LGV1-000274,password,NI#yR!mlrcP4Jx1DPMM4,1,password,none,synthetic,20,4.021928,0.15,0.45,0.1,1,1,1
LGV1-000275,password,replace-me,0,placeholder,none,synthetic,10,2.846439,0.0,0.0,0.1,1,1,0
LGV1-000276,theme_color,#F7F9FC,0,color,none,synthetic,7,2.128085,0.285714,0.571429,0.142857,0,1,1
LGV1-000277,api_key,FefIfY@5o2$UHBMo%n74,1,database_credential,none,synthetic,20,4.121928,0.2,0.35,0.15,1,1,1
LGV1-000278,theme_color,#FFDCE6,0,color,none,synthetic,7,2.521641,0.142857,0.714286,0.142857,0,1,1
LGV1-000279,theme_color,#0866C6,0,color,none,synthetic,7,2.128085,0.714286,0.142857,0.142857,0,1,1
LGV1-000280,theme_color,#F7F9FC,0,color,none,synthetic,7,2.128085,0.285714,0.571429,0.142857,0,1,1
LGV1-000281,public_id,PUB-G9PWwtL4IXjj,0,public_identifier,none,synthetic,16,3.75,0.125,0.5625,0.0625,0,1,1
LGV1-000282,request_id,b92c23e3-4540-09f2-2124-9735f2546c17,0,uuid,none,synthetic,36,3.620635,0.722222,0.0,0.111111,0,1,1
LGV1-000283,request_id,2b8c03bf-5780-be17-12fe-cc2b1acf42c5,0,uuid,none,synthetic,36,3.63883,0.472222,0.0,0.111111,0,1,1
LGV1-000284,auth_token,!4yp5wWLjCzkxz0G$VwR,1,password,none,synthetic,20,4.121928,0.15,0.3,0.1,1,1,1
LGV1-000285,config_file,config.production.json,0,filename,none,synthetic,22,3.606937,0.0,0.0,0.090909,0,1,0
LGV1-000286,app_name,LeakGuard,0,normal_config,none,synthetic,9,2.947703,0.0,0.222222,0.0,0,1,1
LGV1-000287,VITE_APP_TITLE,Dashboard,0,frontend_public_value,Vite,synthetic,9,2.947703,0.0,0.111111,0.0,0,1,1
LGV1-000288,VITE_APP_TITLE,LeakGuard Demo,0,frontend_public_value,Vite,synthetic,14,3.521641,0.0,0.214286,0.071429,0,0,1
LGV1-000289,public_id,PUB-6lrrC4jcNNNp,0,public_identifier,none,synthetic,16,3.57782,0.125,0.4375,0.0625,0,1,1
LGV1-000290,database_password,z7j28Ha%Xg%Pr1t2JLMZ,1,password,none,synthetic,20,4.121928,0.25,0.35,0.1,1,1,1
LGV1-000291,client_secret,RmRR4GpH6$%!J%GHoRx7,1,database_credential,none,synthetic,20,3.621928,0.15,0.45,0.2,1,1,1
LGV1-000292,api_key,1NREHZ4oH#!ce8dz%-Fh,1,database_credential,none,synthetic,20,4.221928,0.15,0.35,0.2,1,1,1
LGV1-000293,environment,LeakGuard,0,normal_config,none,synthetic,9,2.947703,0.0,0.222222,0.0,0,1,1
LGV1-000294,access_token,1JCDtKi5YtkYqoExsX.2djwsD9kN7kTIsll1T,1,access_token,none,synthetic,37,4.628108,0.162162,0.351351,0.027027,1,1,1
LGV1-000295,access_token,GvQkIMC7w5uJu2xAWOB0UuMpKIny,1,api_key,none,synthetic,28,4.49468,0.142857,0.5,0.0,1,1,1
LGV1-000296,VITE_API_KEY,hUE5ciRJhtbzN1oCwfudMPmLHoY7Xrmb,1,client_exposed_secret,Vite,synthetic,32,4.75,0.09375,0.375,0.0,1,1,1
LGV1-000297,VITE_APP_TITLE,Dashboard,0,frontend_public_value,Vite,synthetic,9,2.947703,0.0,0.111111,0.0,0,1,1
LGV1-000298,VITE_API_KEY,qjH3Bas7ZCyRu9HR9cg6IOw92BN6P2rv,1,client_exposed_secret,Vite,synthetic,32,4.53891,0.28125,0.375,0.0,1,1,1
LGV1-000299,service_url,https://docs.example.org,0,url,none,synthetic,24,4.001629,0.0,0.0,0.208333,0,1,0
LGV1-000300,public_id,PUB-lXiXPUP9Ax5y,0,public_identifier,none,synthetic,16,3.45282,0.125,0.5625,0.0625,0,1,1
LGV1-000301,client_secret,not-configured,0,placeholder,none,synthetic,14,3.521641,0.0,0.0,0.071429,1,1,0
LGV1-000302,password,-j%#!cpt06fsD8eKZbfB,1,password,none,synthetic,20,4.221928,0.15,0.2,0.2,1,1,1
LGV1-000303,database_password,cmgcYQGLdEh6qcetQaWgYh6MnL5m,1,api_key,none,synthetic,28,4.137538,0.107143,0.357143,0.0,1,1,1
LGV1-000304,access_token,key_pEOVQ9QeROIZLtNd5vIXaEDG5EKU,1,api_key,none,synthetic,32,4.53891,0.09375,0.59375,0.03125,1,1,1
LGV1-000305,NEXT_PUBLIC_ACCESS_TOKEN,DA9ADb6Jb9XAfWiN6tYpLGxiNI5K4sdW,1,client_exposed_secret,Next.js,synthetic,32,4.41391,0.1875,0.5,0.0,1,1,1
LGV1-000306,config_file,config.production.json,0,filename,none,synthetic,22,3.606937,0.0,0.0,0.090909,0,1,0
LGV1-000307,db_password,FBnASWxx2zrClKiKRo.0gUrZpJB2ymjZ9VjEZ,1,access_token,none,synthetic,37,4.756619,0.108108,0.459459,0.027027,1,1,1
LGV1-000308,x,yyObVbX74#TcWvTCJwp1,1,database_credential,none,synthetic,20,4.021928,0.15,0.4,0.05,0,1,1
LGV1-000309,client_secret,zmnXyL0hflG6LUHhkW.nh8FVMwVuAmnfZGxEq,1,access_token,none,synthetic,37,4.682162,0.081081,0.405405,0.027027,1,1,1
LGV1-000310,theme_color,#FFDCE6,0,color,none,synthetic,7,2.521641,0.142857,0.714286,0.142857,0,1,1
LGV1-000311,value,tDpxZxQk8HZN4B4Teh.j47iYmmIySxuMBOp6c,1,access_token,none,synthetic,37,4.736216,0.162162,0.378378,0.027027,0,1,1
LGV1-000312,password,$NG3Zpaz$!!Kmt52TMVq,1,password,none,synthetic,20,4.121928,0.15,0.35,0.2,1,1,1
LGV1-000313,request_id,a041301d-1016-8d65-4f90-f91a544810de,0,uuid,none,synthetic,36,3.50675,0.666667,0.0,0.111111,0,1,1
LGV1-000314,request_id,5cc624ef-0464-3f52-d9c0-99f6fe709416,0,uuid,none,synthetic,36,3.627987,0.611111,0.0,0.111111,0,1,1
LGV1-000315,VITE_API_KEY,NZ4WDcgVd7IlkYbFGhe5pUCLLuAmVR5u,1,client_exposed_secret,Vite,synthetic,32,4.75,0.125,0.5,0.0,1,1,1
LGV1-000316,message,Authentication failed,0,ui_text,none,synthetic,21,3.653757,0.0,0.047619,0.047619,0,0,1
LGV1-000317,VITE_API_KEY,PsFA4JEdfryiAmP4ZHpOZIYbyYTwEIYF,1,client_exposed_secret,Vite,synthetic,32,4.35141,0.0625,0.59375,0.0,1,1,1
LGV1-000318,db_password,key_pOBuakYrLhzYpacLYSESMjxXfpkF,1,api_key,none,synthetic,32,4.366729,0.0,0.40625,0.03125,1,1,1
LGV1-000319,VITE_API_KEY,zft3TC3AHnQ5ql1df55Bv9Wtkmw8AEEI,1,client_exposed_secret,Vite,synthetic,32,4.53891,0.25,0.34375,0.0,1,1,1
LGV1-000320,database_password,api_dpf7BhDNMdtQVQVlhaTiSakF8wHH,1,api_key,none,synthetic,32,4.41391,0.0625,0.40625,0.03125,1,1,1
LGV1-000321,service_url,https://example.com/api,0,url,none,synthetic,23,3.762267,0.0,0.0,0.217391,0,1,0
LGV1-000322,VITE_API_KEY,vkUDPqTlaVvYsKRWmlN2O5z0BGufzQgl,1,client_exposed_secret,Vite,synthetic,32,4.72641,0.09375,0.4375,0.0,1,1,1
LGV1-000323,password,api_ULF8vwiQPpgsNe5muFCvNQtSLjKK,1,api_key,none,synthetic,32,4.5,0.0625,0.4375,0.03125,1,1,1
LGV1-000324,VITE_API_KEY,lMptsKC9Omr3YEf8xzykECBGNVBWj09Y,1,client_exposed_secret,Vite,synthetic,32,4.6875,0.15625,0.46875,0.0,1,1,1
LGV1-000325,message,Please enter your password,0,ui_text,none,synthetic,26,3.69026,0.0,0.038462,0.115385,0,0,1
LGV1-000326,client_secret,!rIcuzeHrdN_hkOwMJf6,1,database_credential,none,synthetic,20,4.221928,0.05,0.3,0.1,1,1,1
LGV1-000327,result,api_bcQw36u3ED3I7rJCi8SIlLMDOVO4,1,api_key,none,synthetic,32,4.60141,0.21875,0.4375,0.03125,0,1,1
LGV1-000328,VITE_APP_TITLE,LeakGuard Demo,0,frontend_public_value,Vite,synthetic,14,3.521641,0.0,0.214286,0.071429,0,0,1
LGV1-000329,theme_color,#0866C6,0,color,none,synthetic,7,2.128085,0.714286,0.142857,0.142857,0,1,1
LGV1-000330,service_url,https://docs.example.org,0,url,none,synthetic,24,4.001629,0.0,0.0,0.208333,0,1,0
LGV1-000331,access_token,example-token,0,placeholder,none,synthetic,13,3.334679,0.0,0.0,0.076923,1,1,0
LGV1-000332,request_id,acdbd5f2-7b44-acd0-1d03-c3d5b862acc3,0,uuid,none,synthetic,36,3.68426,0.416667,0.0,0.111111,0,1,1
LGV1-000333,password,cx2szA2N6RiCxG2N8uxfRAGCq44R,1,api_key,none,synthetic,28,3.94076,0.25,0.392857,0.0,1,1,1
LGV1-000334,NEXT_PUBLIC_APP_NAME,LeakGuard Demo,0,frontend_public_value,Next.js,synthetic,14,3.521641,0.0,0.214286,0.071429,0,0,1
LGV1-000335,payload,l5lddB1neA#@4CzDrd2C,1,password,none,synthetic,20,3.884184,0.2,0.25,0.1,0,1,1
LGV1-000336,access_token,-tC1p#%c$#weqnzmsX83,1,database_credential,none,synthetic,20,4.221928,0.15,0.1,0.25,1,1,1
LGV1-000337,database_password,JPr9XcsFTxDl$2q09Q@O,1,database_credential,none,synthetic,20,4.221928,0.2,0.4,0.1,1,1,1
LGV1-000338,service_url,https://localhost:8000,0,url,none,synthetic,22,3.481715,0.181818,0.0,0.181818,0,1,1
LGV1-000339,auth_token,key_l6wtkDIlWbCZNDLKSBUzE1pqUxMv,1,api_key,none,synthetic,32,4.75,0.0625,0.46875,0.03125,1,1,1
LGV1-000340,auth_token,api_7FHOPHfsDBf6ZEtjiR5t1pHBsKdJ,1,api_key,none,synthetic,32,4.47641,0.125,0.4375,0.03125,1,1,1
LGV1-000341,theme_color,#F7F9FC,0,color,none,synthetic,7,2.128085,0.285714,0.571429,0.142857,0,1,1
LGV1-000342,auth_token,inUcDyT3Hhat7cR2M3.fvD4cgHXQVtbKWtO5n,1,access_token,none,synthetic,37,4.736216,0.162162,0.378378,0.027027,1,1,1
LGV1-000343,client_secret,PYvK2g5H6con53S4KErc7eR7r5IK,1,api_key,none,synthetic,28,4.253434,0.321429,0.357143,0.0,1,1,1
LGV1-000344,VITE_APP_TITLE,LeakGuard Demo,0,frontend_public_value,Vite,synthetic,14,3.521641,0.0,0.214286,0.071429,0,0,1
LGV1-000345,auth_token,Lx7cfXtux5y0eWB1Je.sEihS3rvHAHnSnNdgK,1,access_token,none,synthetic,37,4.939183,0.135135,0.351351,0.027027,1,1,1
LGV1-000346,result,%w$6xx5T2a@602XETCI#,1,password,none,synthetic,20,3.921928,0.3,0.3,0.2,0,1,1
LGV1-000347,data,UUV4iHIsnfGJtHvWOkbb4YILqp1X,1,api_key,none,synthetic,28,4.450212,0.107143,0.5,0.0,0,1,1
LGV1-000348,message,Enter your access token,0,ui_text,none,synthetic,23,3.588354,0.0,0.043478,0.130435,0,0,1
LGV1-000349,result,R%lxSdIrYNsdZ9Isxadi,1,password,none,synthetic,20,3.784184,0.05,0.35,0.05,0,1,1
LGV1-000350,message,API key is required,0,ui_text,none,synthetic,19,3.536887,0.0,0.157895,0.157895,0,0,1
LGV1-000351,client_secret,not-configured,0,placeholder,none,synthetic,14,3.521641,0.0,0.0,0.071429,1,1,0
LGV1-000352,auth_token,fx0vlhzz9Dr1yS2EZA.P4ZkhiSUd82kgA6LEZ,1,access_token,none,synthetic,37,4.702565,0.216216,0.351351,0.027027,1,1,1
LGV1-000353,config_file,settings.json,0,filename,none,synthetic,13,3.026987,0.0,0.0,0.076923,0,1,0
LGV1-000354,app_name,LeakGuard,0,normal_config,none,synthetic,9,2.947703,0.0,0.222222,0.0,0,1,1
LGV1-000355,message,API key is required,0,ui_text,none,synthetic,19,3.536887,0.0,0.157895,0.157895,0,0,1
LGV1-000356,request_id,0cf477ef-18c8-a616-2410-8e9a3f779cae,0,uuid,none,synthetic,36,3.710777,0.555556,0.0,0.111111,0,1,1
LGV1-000357,value,V-fMspSrYHANb_2LYkas,1,password,none,synthetic,20,4.121928,0.05,0.45,0.1,0,1,1
LGV1-000358,client_secret,w9ZsskcS7MVtUYKqdO.ELkKdQsZVNbsFfiGe2,1,access_token,none,synthetic,37,4.722967,0.081081,0.459459,0.027027,1,1,1
LGV1-000359,db_password,L90nWw!RHMoojG-$##G4,1,database_credential,none,synthetic,20,4.021928,0.15,0.35,0.25,1,1,1
LGV1-000360,config_value,PqVEnm0Ir7JSrigNVL.ppdQ5HoOodgAvTEgRX,1,access_token,none,synthetic,37,4.756619,0.081081,0.459459,0.027027,0,1,1
LGV1-000361,theme_color,#FFDCE6,0,color,none,synthetic,7,2.521641,0.142857,0.714286,0.142857,0,1,1
LGV1-000362,auth_token,%46@fgJpU3Ca_2r07%PT,1,password,none,synthetic,20,4.221928,0.3,0.25,0.2,1,1,1
LGV1-000363,theme_color,#F7F9FC,0,color,none,synthetic,7,2.128085,0.285714,0.571429,0.142857,0,1,1
LGV1-000364,data,CD6wr_!s038Xh3zVjgWB,1,password,none,synthetic,20,4.221928,0.25,0.3,0.1,0,1,1
LGV1-000365,db_password,9VhVWE6pSMTnz6pJuX.syDIPwtqxG4FDgZUEW,1,access_token,none,synthetic,37,4.885129,0.108108,0.513514,0.027027,1,1,1
LGV1-000366,VITE_API_KEY,h4qlL9qcgMBwUYuBMGhy5KmqcTBaH7ZI,1,client_exposed_secret,Vite,synthetic,32,4.51532,0.125,0.4375,0.0,1,1,1
LGV1-000367,VITE_APP_TITLE,LeakGuard Demo,0,frontend_public_value,Vite,synthetic,14,3.521641,0.0,0.214286,0.071429,0,0,1
LGV1-000368,config_file,settings.json,0,filename,none,synthetic,13,3.026987,0.0,0.0,0.076923,0,1,0
LGV1-000369,VITE_API_KEY,CblDL5T5m4DfquSP6TYkTUhfhTCOxfHT,1,client_exposed_secret,Vite,synthetic,32,4.238609,0.125,0.5,0.0,1,1,1
LGV1-000370,data,api_mSgIDvgdNDMkewOJ4owOa7mrs063,1,api_key,none,synthetic,32,4.625,0.15625,0.28125,0.03125,0,1,1
LGV1-000371,service_url,https://localhost:8000,0,url,none,synthetic,22,3.481715,0.181818,0.0,0.181818,0,1,1
LGV1-000372,message,Please enter your password,0,ui_text,none,synthetic,26,3.69026,0.0,0.038462,0.115385,0,0,1
LGV1-000373,db_password,0ObA01S@1cP89trh4A#%,1,password,none,synthetic,20,4.021928,0.35,0.25,0.15,1,1,1
LGV1-000374,public_id,PUB-Qcl72ub9nLjW,0,public_identifier,none,synthetic,16,4.0,0.1875,0.375,0.0625,0,1,1
LGV1-000375,data,6cBFYOCrrs@-HHU_G92Z,1,database_credential,none,synthetic,20,4.121928,0.15,0.5,0.15,0,1,1
LGV1-000376,service_url,https://example.com/api,0,url,none,synthetic,23,3.762267,0.0,0.0,0.217391,0,1,0
LGV1-000377,NEXT_PUBLIC_ACCESS_TOKEN,u3u02RZtrRSSxgILw0jaiHsxXFAv66kg,1,client_exposed_secret,Next.js,synthetic,32,4.5625,0.1875,0.34375,0.0,1,1,1
LGV1-000378,api_key,your-api-key-here,0,placeholder,none,synthetic,17,3.29277,0.0,0.0,0.176471,1,1,0
LGV1-000379,database_password,Uex@ZTmDQzz_b_6Z1iI#,1,password,none,synthetic,20,4.021928,0.1,0.35,0.2,1,1,1
LGV1-000380,message,Authentication failed,0,ui_text,none,synthetic,21,3.653757,0.0,0.047619,0.047619,0,0,1
LGV1-000381,NEXT_PUBLIC_ACCESS_TOKEN,UAk4AF4ywIyg1EY3KPWRokCeZ2csbuq8,1,client_exposed_secret,Next.js,synthetic,32,4.75,0.1875,0.40625,0.0,1,1,1
LGV1-000382,api_key,your-api-key-here,0,placeholder,none,synthetic,17,3.29277,0.0,0.0,0.176471,1,1,0
LGV1-000383,x,api_5axXAKI3evlRU96UPHFm1nK0EGww,1,api_key,none,synthetic,32,4.75,0.1875,0.40625,0.03125,0,1,1
LGV1-000384,result,H3x9exT8QzLgvtuikU.8BYO9FPulT9JS47NYw,1,access_token,none,synthetic,37,4.810673,0.216216,0.405405,0.027027,0,1,1
LGV1-000385,database_password,_flDA0Nhw%EAns1W!5J!,1,password,none,synthetic,20,4.121928,0.15,0.35,0.2,1,1,1
LGV1-000386,request_id,5e9432d6-89b3-889d-46aa-f71457baa888,0,uuid,none,synthetic,36,3.69716,0.611111,0.0,0.111111,0,1,1
LGV1-000387,api_key,Nl8RIiK$-mM_jCHg3ZBl,1,password,none,synthetic,20,4.221928,0.1,0.45,0.15,1,1,1
LGV1-000388,data,3NAp935k0u7KUumWkFGDF4tFbf8z,1,api_key,none,synthetic,28,4.423252,0.285714,0.357143,0.0,0,1,1
LGV1-000389,payload,-iznYepKK8@zq%6lVH9#,1,password,none,synthetic,20,4.121928,0.15,0.25,0.2,0,1,1
LGV1-000390,config_value,taBwQ1adqiw4sY2GQ9.XJj9fTrjUmBL6fsocE,1,access_token,none,synthetic,37,4.777021,0.162162,0.324324,0.027027,0,1,1
LGV1-000391,request_id,1bffa279-15c1-604f-ea16-3354a35fc9c1,0,uuid,none,synthetic,36,3.708003,0.555556,0.0,0.111111,0,1,1
LGV1-000392,request_id,2702878b-9f0f-da8d-0537-9ff6d6d7b3b8,0,uuid,none,synthetic,36,3.572431,0.555556,0.0,0.111111,0,1,1
LGV1-000393,setting,xV935ltO#6ws3IgDA@xY,1,database_credential,none,synthetic,20,4.121928,0.25,0.3,0.1,0,1,1
LGV1-000394,VITE_API_KEY,8KCDXsXyGHA9k0mZMi3qdPE3xJ7gT2H2,1,client_exposed_secret,Vite,synthetic,32,4.75,0.25,0.46875,0.0,1,1,1
LGV1-000395,VITE_API_KEY,EtMvsxaHLQRjdpG01J2dBwmmO6mYevmQ,1,client_exposed_secret,Vite,synthetic,32,4.5625,0.125,0.375,0.0,1,1,1
LGV1-000396,auth_token,!K7tNjpIDHzj4W2vosCh,1,database_credential,none,synthetic,20,4.221928,0.15,0.35,0.05,1,1,1
LGV1-000397,theme_color,#FFDCE6,0,color,none,synthetic,7,2.521641,0.142857,0.714286,0.142857,0,1,1
LGV1-000398,database_password,api_BvZ1VRzuhRKIiu19YnWcLlvehrjW,1,api_key,none,synthetic,32,4.5625,0.09375,0.34375,0.03125,1,1,1
LGV1-000399,client_secret,not-configured,0,placeholder,none,synthetic,14,3.521641,0.0,0.0,0.071429,1,1,0
LGV1-000400,service_url,https://example.com/api,0,url,none,synthetic,23,3.762267,0.0,0.0,0.217391,0,1,0
LGV1-000401,setting,ahe84S5jIc1xLJjBic.tx57Y3c5wnRpQgwXJ4,1,access_token,none,synthetic,37,4.682162,0.243243,0.27027,0.027027,0,1,1
LGV1-000402,NEXT_PUBLIC_APP_NAME,Security Portal,0,frontend_public_value,Next.js,synthetic,15,3.640224,0.0,0.133333,0.066667,0,0,1
LGV1-000403,NEXT_PUBLIC_APP_NAME,Dashboard,0,frontend_public_value,Next.js,synthetic,9,2.947703,0.0,0.111111,0.0,0,1,1
LGV1-000404,theme_color,#F7F9FC,0,color,none,synthetic,7,2.128085,0.285714,0.571429,0.142857,0,1,1
LGV1-000405,NEXT_PUBLIC_ACCESS_TOKEN,dXyXm7px6pmfbAbav0mRQeo94gZ11QkU,1,client_exposed_secret,Next.js,synthetic,32,4.53891,0.21875,0.25,0.0,1,1,1
LGV1-000406,auth_token,Mxuf8T4JqUiA5NsudO.0a0woU9rlqbIQ3X8XL,1,access_token,none,synthetic,37,4.885129,0.216216,0.351351,0.027027,1,1,1
LGV1-000407,database_password,xDG-65U7Bc5zyPrCHUpQ,1,database_credential,none,synthetic,20,4.121928,0.2,0.45,0.05,1,1,1
LGV1-000408,NEXT_PUBLIC_ACCESS_TOKEN,yNsDO9j3kOZ7vAONKz26efkvouuPsTrM,1,client_exposed_secret,Next.js,synthetic,32,4.53891,0.15625,0.375,0.0,1,1,1
LGV1-000409,region,production,0,normal_config,none,synthetic,10,3.121928,0.0,0.0,0.0,0,1,0
LGV1-000410,message,API key is required,0,ui_text,none,synthetic,19,3.536887,0.0,0.157895,0.157895,0,0,1
LGV1-000411,value,cl2vc9D7zvMHHlgZtm@V,1,database_credential,none,synthetic,20,3.921928,0.15,0.3,0.05,0,1,1
LGV1-000412,api_key,401NTET#r6hZJOlaY2c5,1,password,none,synthetic,20,4.221928,0.3,0.4,0.05,1,1,1
LGV1-000413,service_url,https://example.com/api,0,url,none,synthetic,23,3.762267,0.0,0.0,0.217391,0,1,0
LGV1-000414,payload,BzB9EyacImUx8a5uW1.HmbRaOUpoS4wtigyGL,1,access_token,none,synthetic,37,4.864727,0.135135,0.351351,0.027027,0,1,1
LGV1-000415,service_url,https://localhost:8000,0,url,none,synthetic,22,3.481715,0.181818,0.0,0.181818,0,1,1
LGV1-000416,auth_token,Ed9bwj_kVgFnU6us2dsj,1,password,none,synthetic,20,4.021928,0.15,0.2,0.05,1,1,1
LGV1-000417,auth_token,mETYZgSUGNlm2LOOjohizcrm7jBb,1,api_key,none,synthetic,28,4.49468,0.071429,0.428571,0.0,1,1,1
LGV1-000418,database_password,api_RmqEjF0lUFsimO4f8H2UVnaBeFJN,1,api_key,none,synthetic,32,4.60141,0.125,0.40625,0.03125,1,1,1
LGV1-000419,NEXT_PUBLIC_ACCESS_TOKEN,2nMn0sURmAlAYjbsqpNC6pxLRPDfaEi3,1,client_exposed_secret,Next.js,synthetic,32,4.6875,0.125,0.40625,0.0,1,1,1
LGV1-000420,log_level,eu-west,0,normal_config,none,synthetic,7,2.521641,0.0,0.0,0.142857,0,1,0
LGV1-000421,NEXT_PUBLIC_ACCESS_TOKEN,MeR3pzh84KpLMcNfAQLKHu7qnQTupqzi,1,client_exposed_secret,Next.js,synthetic,32,4.41391,0.125,0.40625,0.0,1,1,1
LGV1-000422,config_file,settings.json,0,filename,none,synthetic,13,3.026987,0.0,0.0,0.076923,0,1,0
LGV1-000423,region,eu-west,0,normal_config,none,synthetic,7,2.521641,0.0,0.0,0.142857,0,1,0
LGV1-000424,VITE_API_KEY,RkdN9ulbTdtygujA5uqy805hdmpWMLpF,1,client_exposed_secret,Vite,synthetic,32,4.51532,0.15625,0.25,0.0,1,1,1
LGV1-000425,api_key,your-api-key-here,0,placeholder,none,synthetic,17,3.29277,0.0,0.0,0.176471,1,1,0
LGV1-000426,service_url,https://example.com/api,0,url,none,synthetic,23,3.762267,0.0,0.0,0.217391,0,1,0
LGV1-000427,public_id,PUB-cUY63QHtDP9b,0,public_identifier,none,synthetic,16,3.75,0.1875,0.5625,0.0625,0,1,1
LGV1-000428,service_url,https://example.com/api,0,url,none,synthetic,23,3.762267,0.0,0.0,0.217391,0,1,0
LGV1-000429,NEXT_PUBLIC_ACCESS_TOKEN,TimFlG8hCK0nlmdVlZWmq53ACO6Ng3Ok,1,client_exposed_secret,Next.js,synthetic,32,4.51532,0.1875,0.40625,0.0,1,1,1
LGV1-000430,database_password,key_2sxZRuBVhg2W4ca2iQPkvw5C9Nr4,1,api_key,none,synthetic,32,4.72641,0.21875,0.28125,0.03125,1,1,1
LGV1-000431,log_level,LeakGuard,0,normal_config,none,synthetic,9,2.947703,0.0,0.222222,0.0,0,1,1
LGV1-000432,result,j51u%BjDmfB-%M_VImXh,1,password,none,synthetic,20,3.921928,0.1,0.35,0.2,0,1,1
LGV1-000433,payload,IYgiFouJYPWwZ5CUmb.SywUiq5cFTCJsISFmK,1,access_token,none,synthetic,37,4.540402,0.054054,0.540541,0.027027,0,1,1
LGV1-000434,payload,N7lZdLu@V9rETxcN63x6,1,database_credential,none,synthetic,20,4.021928,0.25,0.35,0.05,0,1,1
LGV1-000435,NEXT_PUBLIC_ACCESS_TOKEN,WFupvrdGoJPyz0pfDCZKCf2FCuhFVPbg,1,client_exposed_secret,Next.js,synthetic,32,4.45282,0.0625,0.46875,0.0,1,1,1
LGV1-000436,x,key_oe5c3veGprQFnIiU74KKEpYEZAmg,1,api_key,none,synthetic,32,4.66391,0.125,0.375,0.03125,0,1,1
LGV1-000437,api_key,xh7KmLIlRXJb8UD8TnCZs1Se02YY,1,api_key,none,synthetic,28,4.664498,0.214286,0.5,0.0,1,1,1
LGV1-000438,VITE_API_KEY,tHcuIKjuGSojdRUzCWMKGfoBsYzjivfE,1,client_exposed_secret,Vite,synthetic,32,4.47641,0.0,0.46875,0.0,1,1,1
LGV1-000439,VITE_APP_TITLE,Dashboard,0,frontend_public_value,Vite,synthetic,9,2.947703,0.0,0.111111,0.0,0,1,1
LGV1-000440,message,Enter your access token,0,ui_text,none,synthetic,23,3.588354,0.0,0.043478,0.130435,0,0,1
LGV1-000441,service_url,https://localhost:8000,0,url,none,synthetic,22,3.481715,0.181818,0.0,0.181818,0,1,1
LGV1-000442,database_password,api_L1GsckVIKetfzSh1iUJr4BnNG9Zu,1,api_key,none,synthetic,32,4.8125,0.125,0.375,0.03125,1,1,1
LGV1-000443,auth_token,i7C@5U-SIg4vw9ch6s38,1,password,none,synthetic,20,4.321928,0.35,0.2,0.1,1,1,1
LGV1-000444,request_id,48754d16-ba0c-96e2-8720-d00f126301a0,0,uuid,none,synthetic,36,3.842857,0.666667,0.0,0.111111,0,1,1
LGV1-000445,request_id,fe60afde-4200-a1aa-7c82-6fbe395e54f0,0,uuid,none,synthetic,36,3.836592,0.472222,0.0,0.111111,0,1,1
LGV1-000446,payload,key_bEBZbLZO7v1qpgEp9v1d0vHYp8eX,1,api_key,none,synthetic,32,4.39032,0.1875,0.3125,0.03125,0,1,1
LGV1-000447,message,Please enter your password,0,ui_text,none,synthetic,26,3.69026,0.0,0.038462,0.115385,0,0,1
LGV1-000448,access_token,W5T!!kjkF5DImLYx3tIW,1,database_credential,none,synthetic,20,3.821928,0.15,0.45,0.1,1,1,1
LGV1-000449,VITE_APP_TITLE,Dashboard,0,frontend_public_value,Vite,synthetic,9,2.947703,0.0,0.111111,0.0,0,1,1
LGV1-000450,service_url,https://docs.example.org,0,url,none,synthetic,24,4.001629,0.0,0.0,0.208333,0,1,0
LGV1-000451,theme_color,#FFDCE6,0,color,none,synthetic,7,2.521641,0.142857,0.714286,0.142857,0,1,1
LGV1-000452,theme_color,#FFDCE6,0,color,none,synthetic,7,2.521641,0.142857,0.714286,0.142857,0,1,1
LGV1-000453,region,INFO,0,normal_config,none,synthetic,4,2.0,0.0,1.0,0.0,0,1,0
LGV1-000454,password,replace-me,0,placeholder,none,synthetic,10,2.846439,0.0,0.0,0.1,1,1,0
LGV1-000455,VITE_API_KEY,KXgYs3I4w4AqyPFKMEclrzjNMRSzcz44,1,client_exposed_secret,Vite,synthetic,32,4.41391,0.15625,0.4375,0.0,1,1,1
LGV1-000456,client_secret,7BVppEc60xOTRbSQPj.qMD8RjqpML8Q1kahXf,1,access_token,none,synthetic,37,4.756619,0.162162,0.432432,0.027027,1,1,1
LGV1-000457,message,Authentication failed,0,ui_text,none,synthetic,21,3.653757,0.0,0.047619,0.047619,0,0,1
LGV1-000458,message,Authentication failed,0,ui_text,none,synthetic,21,3.653757,0.0,0.047619,0.047619,0,0,1
LGV1-000459,log_level,production,0,normal_config,none,synthetic,10,3.121928,0.0,0.0,0.0,0,1,0
LGV1-000460,client_secret,key_vn0SLBYBKYvISplQQeV7TK1FhLMD,1,api_key,none,synthetic,32,4.5,0.09375,0.5625,0.03125,1,1,1
LGV1-000461,auth_token,if6suVAlmiYI4xHG6r.1kq608E9ZsV3vZhD9e,1,access_token,none,synthetic,37,4.810673,0.27027,0.297297,0.027027,1,1,1
LGV1-000462,request_id,a1c7cc8a-0435-1b64-893a-d23298c3e3ca,0,uuid,none,synthetic,36,3.726198,0.555556,0.0,0.111111,0,1,1
LGV1-000463,NEXT_PUBLIC_ACCESS_TOKEN,5mC3pzntB4yKk71xqJfiWfsCHwoLcDGN,1,client_exposed_secret,Next.js,synthetic,32,4.875,0.15625,0.34375,0.0,1,1,1
LGV1-000464,service_url,https://localhost:8000,0,url,none,synthetic,22,3.481715,0.181818,0.0,0.181818,0,1,1
LGV1-000465,value,2SpNwsaxgK15Nq@bkG6z,1,password,none,synthetic,20,4.221928,0.2,0.25,0.05,0,1,1
LGV1-000466,api_key,fLQj6wt9PSQziMT8ft.JyPYv0iQS18VR6HfPQ,1,access_token,none,synthetic,37,4.465946,0.189189,0.459459,0.027027,1,1,1
LGV1-000467,setting,KpTjsBaNwpKAlQQfHx.e9HIGYGJby3EcOyxqV,1,access_token,none,synthetic,37,4.831075,0.054054,0.486486,0.027027,0,1,1
LGV1-000468,message,Please enter your password,0,ui_text,none,synthetic,26,3.69026,0.0,0.038462,0.115385,0,0,1
LGV1-000469,message,Authentication failed,0,ui_text,none,synthetic,21,3.653757,0.0,0.047619,0.047619,0,0,1
LGV1-000470,service_url,https://docs.example.org,0,url,none,synthetic,24,4.001629,0.0,0.0,0.208333,0,1,0
LGV1-000471,config_file,application.yaml,0,filename,none,synthetic,16,3.32782,0.0,0.0,0.0625,0,1,0
LGV1-000472,api_key,QBFMCArnWGhwBhsRRLFHQtcozMda,1,api_key,none,synthetic,28,4.378783,0.0,0.571429,0.0,1,1,1
LGV1-000473,payload,$PtaPcCH2CbxN0-6TXLz,1,password,none,synthetic,20,4.121928,0.15,0.45,0.1,0,1,1
LGV1-000474,VITE_APP_TITLE,Dashboard,0,frontend_public_value,Vite,synthetic,9,2.947703,0.0,0.111111,0.0,0,1,1
LGV1-000475,result,SJHUUuGYg4hmGQBm8%5p,1,database_credential,none,synthetic,20,4.021928,0.15,0.5,0.05,0,1,1
LGV1-000476,VITE_API_KEY,yr15m0XFqMaOSzcSXCiQSoeOhhk5YFel,1,client_exposed_secret,Vite,synthetic,32,4.47641,0.125,0.40625,0.0,1,1,1
LGV1-000477,message,Please enter your password,0,ui_text,none,synthetic,26,3.69026,0.0,0.038462,0.115385,0,0,1
LGV1-000478,environment,INFO,0,normal_config,none,synthetic,4,2.0,0.0,1.0,0.0,0,1,0
LGV1-000479,public_id,PUB-ZQ1wvoABRWzW,0,public_identifier,none,synthetic,16,3.75,0.0625,0.625,0.0625,0,1,1
LGV1-000480,VITE_APP_TITLE,Dashboard,0,frontend_public_value,Vite,synthetic,9,2.947703,0.0,0.111111,0.0,0,1,1
LGV1-000481,VITE_APP_TITLE,Security Portal,0,frontend_public_value,Vite,synthetic,15,3.640224,0.0,0.133333,0.066667,0,0,1
LGV1-000482,db_password,t8nXiWqsuhaFVBliyI.ToGJ1QZwez3VcBbD6e,1,access_token,none,synthetic,37,4.993237,0.108108,0.378378,0.027027,1,1,1
LGV1-000483,public_id,PUB-hpoevbLJoLoa,0,public_identifier,none,synthetic,16,3.57782,0.0,0.375,0.0625,0,1,1
LGV1-000484,payload,TOT@a4@@dp%qLHwyx_$D,1,database_credential,none,synthetic,20,3.984184,0.05,0.3,0.3,0,1,1
LGV1-000485,public_id,PUB-e6cGgGBAgDQU,0,public_identifier,none,synthetic,16,3.5,0.0625,0.625,0.0625,0,1,1
LGV1-000486,service_url,https://docs.example.org,0,url,none,synthetic,24,4.001629,0.0,0.0,0.208333,0,1,0
LGV1-000487,value,api_EQhK8nDSqXxkMM9VThX0k9tgLb7t,1,api_key,none,synthetic,32,4.625,0.15625,0.375,0.03125,0,1,1
LGV1-000488,request_id,bcb3636d-7fbe-6bb3-30ae-d12de8f10194,0,uuid,none,synthetic,36,3.763559,0.472222,0.0,0.111111,0,1,1
LGV1-000489,request_id,2332a50e-6992-896e-01a2-5ed1c3abb5f1,0,uuid,none,synthetic,36,3.766333,0.583333,0.0,0.111111,0,1,1
LGV1-000490,public_id,PUB-3thvkbIucDQ3,0,public_identifier,none,synthetic,16,3.875,0.125,0.375,0.0625,0,1,1
LGV1-000491,result,6E6xVOFMlAtsNwz@ka3l,1,database_credential,none,synthetic,20,4.121928,0.15,0.35,0.05,0,1,1
LGV1-000492,message,Authentication failed,0,ui_text,none,synthetic,21,3.653757,0.0,0.047619,0.047619,0,0,1
LGV1-000493,x,M#fjoaHHvag1ElV3Cyg-,1,database_credential,none,synthetic,20,4.021928,0.1,0.3,0.1,0,1,1
LGV1-000494,client_secret,jJhjT5o4#h-7NeKXUl#V,1,password,none,synthetic,20,4.021928,0.15,0.35,0.15,1,1,1
LGV1-000495,setting,R@esE!_tX20S5xf_wVkH,1,database_credential,none,synthetic,20,4.221928,0.15,0.3,0.2,0,1,1
LGV1-000496,NEXT_PUBLIC_ACCESS_TOKEN,fwJfMMYu3yasAyXfU5J5pKHkRykirtrF,1,client_exposed_secret,Next.js,synthetic,32,4.39032,0.09375,0.375,0.0,1,1,1
LGV1-000497,x,Y2ONyXkb4Ffaal7fTP.L4sASZYXESinjOrHCA,1,access_token,none,synthetic,37,4.777021,0.108108,0.513514,0.027027,0,1,1
LGV1-000498,access_token,9lh$MqOz3MAZV5b%SjML,1,database_credential,none,synthetic,20,4.084184,0.15,0.45,0.1,1,1,1
LGV1-000499,setting,#6%#IHBxGAsoeRlA$7KH,1,password,none,synthetic,20,4.021928,0.1,0.45,0.2,0,1,1
LGV1-000500,payload,BXdtBqVOhMZZ6CGxXETv2IxhYlBI,1,api_key,none,synthetic,28,4.280395,0.071429,0.607143,0.0,0,1,1
LGV1-000501,api_key,oS#Xbnq7%PEqt@Z#dcqN,1,password,none,synthetic,20,3.984184,0.05,0.3,0.2,1,1,1
LGV1-000502,environment,production,0,normal_config,none,synthetic,10,3.121928,0.0,0.0,0.0,0,1,0
LGV1-000503,VITE_APP_TITLE,Dashboard,0,frontend_public_value,Vite,synthetic,9,2.947703,0.0,0.111111,0.0,0,1,1
LGV1-000504,public_id,PUB-JrfVmU16e55i,0,public_identifier,none,synthetic,16,3.75,0.25,0.375,0.0625,0,1,1
LGV1-000505,api_key,your-api-key-here,0,placeholder,none,synthetic,17,3.29277,0.0,0.0,0.176471,1,1,0
LGV1-000506,result,mdz0F6dxBTT_6SdQJLUG,1,password,none,synthetic,20,3.884184,0.15,0.5,0.05,0,1,1
LGV1-000507,result,dyAHtSOoovBEdGBPdt.hrxr8wTApu5dlcadQV,1,access_token,none,synthetic,37,4.625409,0.054054,0.351351,0.027027,0,1,1
LGV1-000508,request_id,be0bbddd-38f9-5001-69bd-40d8f3402dd3,0,uuid,none,synthetic,36,3.502814,0.5,0.0,0.111111,0,1,1
LGV1-000509,api_key,GE1k$1JJ1QUn@hTG3Q!h,1,database_credential,none,synthetic,20,3.684184,0.2,0.45,0.15,1,1,1
LGV1-000510,config_file,application.yaml,0,filename,none,synthetic,16,3.32782,0.0,0.0,0.0625,0,1,0
LGV1-000511,request_id,db7904e0-ce30-a61d-0e88-c8ece651e3e1,0,uuid,none,synthetic,36,3.616699,0.5,0.0,0.111111,0,1,1
LGV1-000512,NEXT_PUBLIC_ACCESS_TOKEN,XDjEBbhk5jVSC9FEb3CLpmsK11zdvagO,1,client_exposed_secret,Next.js,synthetic,32,4.6875,0.15625,0.40625,0.0,1,1,1
LGV1-000513,public_id,PUB-alAFi52OHIUu,0,public_identifier,none,synthetic,16,3.875,0.125,0.5625,0.0625,0,1,1
LGV1-000514,environment,production,0,normal_config,none,synthetic,10,3.121928,0.0,0.0,0.0,0,1,0
LGV1-000515,x,xpPakfrXzwQzzLmHaV.Te6fJsU1J6Lww90roM,1,access_token,none,synthetic,37,4.628108,0.135135,0.324324,0.027027,0,1,1
LGV1-000516,NEXT_PUBLIC_ACCESS_TOKEN,QFruXUEofqXsTfwJ13pQPV2nSeeFdnaQ,1,client_exposed_secret,Next.js,synthetic,32,4.53891,0.09375,0.4375,0.0,1,1,1
LGV1-000517,result,svc_uCroe8miXXLgjgkCDuAhIw9XnCtD,1,api_key,none,synthetic,32,4.51532,0.0625,0.34375,0.03125,0,1,1
LGV1-000518,VITE_APP_TITLE,LeakGuard Demo,0,frontend_public_value,Vite,synthetic,14,3.521641,0.0,0.214286,0.071429,0,0,1
LGV1-000519,public_id,PUB-dH1cm8ft5LV5,0,public_identifier,none,synthetic,16,3.875,0.25,0.375,0.0625,0,1,1
LGV1-000520,access_token,api_TvnRO2qGFq562dfOB1rcavXiOqkV,1,api_key,none,synthetic,32,4.45282,0.15625,0.3125,0.03125,1,1,1
LGV1-000521,access_token,KUWlax#iuLU#tE5_6c7H,1,database_credential,none,synthetic,20,4.121928,0.15,0.35,0.15,1,1,1
LGV1-000522,result,l0IFo-sUdC6QQKjIi$ep,1,database_credential,none,synthetic,20,4.121928,0.1,0.4,0.1,0,1,1
LGV1-000523,environment,LeakGuard,0,normal_config,none,synthetic,9,2.947703,0.0,0.222222,0.0,0,1,1
LGV1-000524,client_secret,n8cxG0E%AvvYq5i9kyLm,1,password,none,synthetic,20,4.221928,0.2,0.25,0.05,1,1,1
LGV1-000525,VITE_APP_TITLE,Security Portal,0,frontend_public_value,Vite,synthetic,15,3.640224,0.0,0.133333,0.066667,0,0,1
LGV1-000526,public_id,PUB-4ZYPzXm4tfcI,0,public_identifier,none,synthetic,16,3.75,0.125,0.5,0.0625,0,1,1
LGV1-000527,request_id,09efa19b-2d98-f251-b5c1-f0273563559e,0,uuid,none,synthetic,36,3.784528,0.611111,0.0,0.111111,0,1,1
LGV1-000528,request_id,5f31273d-1519-830c-4019-83035c457e4d,0,uuid,none,synthetic,36,3.63883,0.722222,0.0,0.111111,0,1,1
LGV1-000529,result,9rNW17-WQw-6NGKjm8Mt,1,password,none,synthetic,20,4.021928,0.25,0.4,0.1,0,1,1
LGV1-000530,message,Authentication failed,0,ui_text,none,synthetic,21,3.653757,0.0,0.047619,0.047619,0,0,1
LGV1-000531,NEXT_PUBLIC_ACCESS_TOKEN,78FUA0kjGiFTDi9TG3HhSnDEcVk8Jx68,1,client_exposed_secret,Next.js,synthetic,32,4.47641,0.25,0.46875,0.0,1,1,1
LGV1-000532,VITE_API_KEY,gWOT3gCkSt5bcuYdswxBjpHAKRYlklfN,1,client_exposed_secret,Vite,synthetic,32,4.75,0.0625,0.40625,0.0,1,1,1
LGV1-000533,password,svc_OSyR7XSivlOW4Su2QEevbM6LCyGO,1,api_key,none,synthetic,32,4.491729,0.125,0.46875,0.03125,1,1,1
LGV1-000534,database_password,66lSLlU0igyQMM4uG4.yAM6SWprz9vsCZiiAM,1,access_token,none,synthetic,37,4.465946,0.189189,0.405405,0.027027,1,1,1
LGV1-000535,api_key,DmgqPKEysBfo9AJrEs.6SIGpybFUz8xWITgCo,1,access_token,none,synthetic,37,4.885129,0.081081,0.459459,0.027027,1,1,1
LGV1-000536,api_key,90qlCeF7mNzlPFgjIX.BnNPg6CTqgceeKUqXC,1,access_token,none,synthetic,37,4.425141,0.108108,0.432432,0.027027,1,1,1
LGV1-000537,theme_color,#0866C6,0,color,none,synthetic,7,2.128085,0.714286,0.142857,0.142857,0,1,1
LGV1-000538,message,API key is required,0,ui_text,none,synthetic,19,3.536887,0.0,0.157895,0.157895,0,0,1
LGV1-000539,database_password,sbbjt6H6z@#0WPOoXsfO,1,password,none,synthetic,20,3.921928,0.15,0.3,0.1,1,1,1
LGV1-000540,db_password,m#UxC@_t1pEMa0y%7WSl,1,database_credential,none,synthetic,20,4.321928,0.15,0.3,0.2,1,1,1
LGV1-000541,VITE_API_KEY,EgCUSCuetcZThb2vPgRZk7VpHlJkvJB9,1,client_exposed_secret,Vite,synthetic,32,4.625,0.09375,0.46875,0.0,1,1,1
LGV1-000542,access_token,example-token,0,placeholder,none,synthetic,13,3.334679,0.0,0.0,0.076923,1,1,0
LGV1-000543,db_password,@sYnaCqOQSE$Nvwj2Lex,1,database_credential,none,synthetic,20,4.321928,0.05,0.4,0.1,1,1,1
LGV1-000544,access_token,example-token,0,placeholder,none,synthetic,13,3.334679,0.0,0.0,0.076923,1,1,0
LGV1-000545,theme_color,#FFDCE6,0,color,none,synthetic,7,2.521641,0.142857,0.714286,0.142857,0,1,1
LGV1-000546,service_url,https://example.com/api,0,url,none,synthetic,23,3.762267,0.0,0.0,0.217391,0,1,0
LGV1-000547,client_secret,71vTB460g0kSqGewAMU0JVuDSbWd,1,api_key,none,synthetic,28,4.566109,0.25,0.428571,0.0,1,1,1
LGV1-000548,app_name,eu-west,0,normal_config,none,synthetic,7,2.521641,0.0,0.0,0.142857,0,1,0
LGV1-000549,log_level,production,0,normal_config,none,synthetic,10,3.121928,0.0,0.0,0.0,0,1,0
LGV1-000550,data,%5mj#qqW3OSh7x70j0q%,1,database_credential,none,synthetic,20,3.684184,0.3,0.15,0.15,0,1,1
LGV1-000551,api_key,9eQ7xi56@znfrLTRwzrC,1,database_credential,none,synthetic,20,4.121928,0.2,0.25,0.05,1,1,1
LGV1-000552,request_id,0acfc6ac-7d97-04fe-8dca-39084a1a4219,0,uuid,none,synthetic,36,3.728972,0.5,0.0,0.111111,0,1,1
LGV1-000553,theme_color,#FFDCE6,0,color,none,synthetic,7,2.521641,0.142857,0.714286,0.142857,0,1,1
LGV1-000554,message,Please enter your password,0,ui_text,none,synthetic,26,3.69026,0.0,0.038462,0.115385,0,0,1
LGV1-000555,NEXT_PUBLIC_APP_NAME,Security Portal,0,frontend_public_value,Next.js,synthetic,15,3.640224,0.0,0.133333,0.066667,0,0,1
LGV1-000556,setting,svc_dnopLWLEDgI4YduYOemEhCfEmgIL,1,api_key,none,synthetic,32,4.39032,0.03125,0.4375,0.03125,0,1,1
LGV1-000557,theme_color,#F7F9FC,0,color,none,synthetic,7,2.128085,0.285714,0.571429,0.142857,0,1,1
LGV1-000558,VITE_API_KEY,yhJqESjnSROatAQgQHrNMSiA15gGUNhs,1,client_exposed_secret,Vite,synthetic,32,4.53891,0.0625,0.53125,0.0,1,1,1
LGV1-000559,database_password,DPI%F396l#J6t35p-7Iw,1,database_credential,none,synthetic,20,4.021928,0.35,0.3,0.15,1,1,1
LGV1-000560,service_url,https://example.com/api,0,url,none,synthetic,23,3.762267,0.0,0.0,0.217391,0,1,0
LGV1-000561,region,LeakGuard,0,normal_config,none,synthetic,9,2.947703,0.0,0.222222,0.0,0,1,1
LGV1-000562,theme_color,#F7F9FC,0,color,none,synthetic,7,2.128085,0.285714,0.571429,0.142857,0,1,1
LGV1-000563,config_value,SqNyOLpOwEHQ9l4t1o.4sQFFYOzMwIEsgoh94,1,access_token,none,synthetic,37,4.574054,0.162162,0.432432,0.027027,0,1,1
LGV1-000564,db_password,YK0z%WYH7po7CV#Ih8aS,1,database_credential,none,synthetic,20,4.121928,0.2,0.45,0.1,1,1,1
LGV1-000565,public_id,PUB-kKWkFYWXfiNB,0,public_identifier,none,synthetic,16,3.625,0.0,0.6875,0.0625,0,1,1
LGV1-000566,public_id,PUB-AkSxJkCp7Lci,0,public_identifier,none,synthetic,16,3.875,0.0625,0.5,0.0625,0,1,1
LGV1-000567,theme_color,#0866C6,0,color,none,synthetic,7,2.128085,0.714286,0.142857,0.142857,0,1,1
LGV1-000568,client_secret,kaupYoTVPBr1xiRUv4.EDCwXtFJglPMf1r20i,1,access_token,none,synthetic,37,4.993237,0.135135,0.405405,0.027027,1,1,1
LGV1-000569,VITE_APP_TITLE,Security Portal,0,frontend_public_value,Vite,synthetic,15,3.640224,0.0,0.133333,0.066667,0,0,1
LGV1-000570,data,BSsCdC4@14#bCtfFCtFJ,1,database_credential,none,synthetic,20,3.621928,0.15,0.45,0.1,0,1,1
LGV1-000571,request_id,52d78f10-7a3a-6e96-23ff-23d3fb4fb88a,0,uuid,none,synthetic,36,3.784528,0.527778,0.0,0.111111,0,1,1
LGV1-000572,auth_token,eJIs5t2kTT7SOlYxGo.hmYipYFbxJKxDZJiN4,1,access_token,none,synthetic,37,4.715814,0.108108,0.459459,0.027027,1,1,1
LGV1-000573,x,#u#J$X6UrA_$TS7bufT9,1,database_credential,none,synthetic,20,3.921928,0.15,0.35,0.25,0,1,1
LGV1-000574,auth_token,JxLy_mygDB_1KMbUK9-w,1,password,none,synthetic,20,4.021928,0.1,0.4,0.15,1,1,1
LGV1-000575,public_id,PUB-fRNv7WOddwPj,0,public_identifier,none,synthetic,16,3.75,0.0625,0.5,0.0625,0,1,1
LGV1-000576,theme_color,#F7F9FC,0,color,none,synthetic,7,2.128085,0.285714,0.571429,0.142857,0,1,1
LGV1-000577,auth_token,uEwJ77YUrshKRIy5z0w9XZjscs9T,1,api_key,none,synthetic,28,4.423252,0.214286,0.357143,0.0,1,1,1
LGV1-000578,password,K$UrO%ysVY2XbOS!1VhY,1,password,none,synthetic,20,4.021928,0.1,0.5,0.15,1,1,1
LGV1-000579,message,Enter your access token,0,ui_text,none,synthetic,23,3.588354,0.0,0.043478,0.130435,0,0,1
LGV1-000580,config_file,application.yaml,0,filename,none,synthetic,16,3.32782,0.0,0.0,0.0625,0,1,0
LGV1-000581,api_key,9$G5Np$YD93uvBVwMmSr,1,password,none,synthetic,20,4.121928,0.2,0.4,0.1,1,1,1
LGV1-000582,password,replace-me,0,placeholder,none,synthetic,10,2.846439,0.0,0.0,0.1,1,1,0
LGV1-000583,VITE_APP_TITLE,LeakGuard Demo,0,frontend_public_value,Vite,synthetic,14,3.521641,0.0,0.214286,0.071429,0,0,1
LGV1-000584,database_password,Xd5zXeh3G!Vo4inw1Pwj,1,password,none,synthetic,20,4.121928,0.2,0.25,0.05,1,1,1
LGV1-000585,VITE_API_KEY,y8U7Rs28IDBKUKXHqk9yDV7pi6arZR8r,1,client_exposed_secret,Vite,synthetic,32,4.41391,0.25,0.4375,0.0,1,1,1
LGV1-000586,public_id,PUB-fBzlTM5LO1SS,0,public_identifier,none,synthetic,16,3.75,0.125,0.625,0.0625,0,1,1
LGV1-000587,environment,eu-west,0,normal_config,none,synthetic,7,2.521641,0.0,0.0,0.142857,0,1,0
LGV1-000588,password,bZYD1-PwOP2nPpQATyBn,1,password,none,synthetic,20,3.984184,0.1,0.55,0.05,1,1,1
LGV1-000589,NEXT_PUBLIC_ACCESS_TOKEN,Ea8wtWy2591AIVVIZM5oForBFbyvQRZz,1,client_exposed_secret,Next.js,synthetic,32,4.5625,0.1875,0.46875,0.0,1,1,1
LGV1-000590,config_file,config.production.json,0,filename,none,synthetic,22,3.606937,0.0,0.0,0.090909,0,1,0
LGV1-000591,public_id,PUB-tfz52TcGK5HZ,0,public_identifier,none,synthetic,16,3.875,0.1875,0.5,0.0625,0,1,1
LGV1-000592,VITE_API_KEY,5c95IIZmaF10bxns88KBUCHi1Ds6hTT6,1,client_exposed_secret,Vite,synthetic,32,4.5625,0.3125,0.375,0.0,1,1,1
LGV1-000593,password,replace-me,0,placeholder,none,synthetic,10,2.846439,0.0,0.0,0.1,1,1,0
LGV1-000594,auth_token,beEg1ZAUtruWwzfJXu.FNdztSDF2P96h1x8Ng,1,access_token,none,synthetic,37,4.831075,0.162162,0.378378,0.027027,1,1,1
LGV1-000595,NEXT_PUBLIC_ACCESS_TOKEN,Tj1BJCFSYqRhJ5BPwlb3x2DXQwUBnNJ4,1,client_exposed_secret,Next.js,synthetic,32,4.64032,0.15625,0.5625,0.0,1,1,1
LGV1-000596,client_secret,iGADKdJDRZtUbzq0aV.nLecBwSeId75e7EcsA,1,access_token,none,synthetic,37,4.810673,0.108108,0.432432,0.027027,1,1,1
LGV1-000597,VITE_APP_TITLE,Security Portal,0,frontend_public_value,Vite,synthetic,15,3.640224,0.0,0.133333,0.066667,0,0,1
LGV1-000598,auth_token,svc_aXts0wYz8z0LWPaEPGW8j3zooUVn,1,api_key,none,synthetic,32,4.41391,0.15625,0.34375,0.03125,1,1,1
LGV1-000599,public_id,PUB-GWGy8hrduDJA,0,public_identifier,none,synthetic,16,3.875,0.0625,0.5625,0.0625,0,1,1
LGV1-000600,request_id,a2307350-5047-1a3d-e3c4-43f16010ab93,0,uuid,none,synthetic,36,3.687034,0.666667,0.0,0.111111,0,1,1
LGV1-000601,VITE_APP_TITLE,LeakGuard Demo,0,frontend_public_value,Vite,synthetic,14,3.521641,0.0,0.214286,0.071429,0,0,1
LGV1-000602,access_token,example-token,0,placeholder,none,synthetic,13,3.334679,0.0,0.0,0.076923,1,1,0
LGV1-000603,access_token,svc_T9Md8X0lOFCam2Q7ZHsmcYMGHSoN,1,api_key,none,synthetic,32,4.6875,0.15625,0.46875,0.03125,1,1,1
LGV1-000604,message,Enter your access token,0,ui_text,none,synthetic,23,3.588354,0.0,0.043478,0.130435,0,0,1
LGV1-000605,theme_color,#FFDCE6,0,color,none,synthetic,7,2.521641,0.142857,0.714286,0.142857,0,1,1
LGV1-000606,db_password,ubhmLt6GSPJsWJIlzN.SemffTM64Qz2qjTvIw,1,access_token,none,synthetic,37,4.777021,0.108108,0.405405,0.027027,1,1,1
LGV1-000607,db_password,n2MB2z3axY-izAU5@JdX,1,password,none,synthetic,20,4.121928,0.2,0.35,0.1,1,1,1
LGV1-000608,service_url,https://example.com/api,0,url,none,synthetic,23,3.762267,0.0,0.0,0.217391,0,1,0
LGV1-000609,auth_token,8vOFwJcmuLp$-Y4irx7k,1,database_credential,none,synthetic,20,4.321928,0.15,0.25,0.1,1,1,1
LGV1-000610,result,AcX#YrQit8wyQWRe4Y-n,1,database_credential,none,synthetic,20,4.121928,0.1,0.4,0.1,0,1,1
LGV1-000611,value,nQYInWFU6QG#6aj@9rzM,1,password,none,synthetic,20,4.021928,0.15,0.45,0.1,0,1,1
LGV1-000612,config_file,application.yaml,0,filename,none,synthetic,16,3.32782,0.0,0.0,0.0625,0,1,0
LGV1-000613,message,Enter your access token,0,ui_text,none,synthetic,23,3.588354,0.0,0.043478,0.130435,0,0,1
LGV1-000614,auth_token,key_MWlGkaz1BR84DJT1q6KGtToB7krf,1,api_key,none,synthetic,32,4.60141,0.1875,0.375,0.03125,1,1,1
LGV1-000615,message,API key is required,0,ui_text,none,synthetic,19,3.536887,0.0,0.157895,0.157895,0,0,1
LGV1-000616,client_secret,not-configured,0,placeholder,none,synthetic,14,3.521641,0.0,0.0,0.071429,1,1,0
LGV1-000617,service_url,https://localhost:8000,0,url,none,synthetic,22,3.481715,0.181818,0.0,0.181818,0,1,1
LGV1-000618,config_file,application.yaml,0,filename,none,synthetic,16,3.32782,0.0,0.0,0.0625,0,1,0
LGV1-000619,setting,IlPuVdIbd9tymw9Id0.0R3BVGH2lGxRSc6ngD,1,access_token,none,synthetic,37,4.628108,0.189189,0.378378,0.027027,0,1,1
LGV1-000620,theme_color,#FFDCE6,0,color,none,synthetic,7,2.521641,0.142857,0.714286,0.142857,0,1,1
LGV1-000621,theme_color,#F7F9FC,0,color,none,synthetic,7,2.128085,0.285714,0.571429,0.142857,0,1,1
LGV1-000622,config_file,settings.json,0,filename,none,synthetic,13,3.026987,0.0,0.0,0.076923,0,1,0
LGV1-000623,request_id,016f2931-fa1b-1bac-fe49-95a4112a0ef5,0,uuid,none,synthetic,36,3.607018,0.527778,0.0,0.111111,0,1,1
LGV1-000624,theme_color,#0866C6,0,color,none,synthetic,7,2.128085,0.714286,0.142857,0.142857,0,1,1
LGV1-000625,auth_token,Z1HAa2!vvW9hKr-B0EX6,1,database_credential,none,synthetic,20,4.221928,0.25,0.4,0.1,1,1,1
LGV1-000626,service_url,https://localhost:8000,0,url,none,synthetic,22,3.481715,0.181818,0.0,0.181818,0,1,1
LGV1-000627,VITE_API_KEY,EPTFCYbfsozSptQLxEJHwBVJvwSDrtqo,1,client_exposed_secret,Vite,synthetic,32,4.625,0.0,0.53125,0.0,1,1,1
LGV1-000628,NEXT_PUBLIC_APP_NAME,LeakGuard Demo,0,frontend_public_value,Next.js,synthetic,14,3.521641,0.0,0.214286,0.071429,0,0,1
LGV1-000629,password,iSolC_$BbuW217vmpf18,1,password,none,synthetic,20,4.221928,0.25,0.2,0.1,1,1,1
LGV1-000630,public_id,PUB-qlRL0uZsmfAx,0,public_identifier,none,synthetic,16,4.0,0.0625,0.4375,0.0625,0,1,1
LGV1-000631,password,api_98ri5zhUVL8RjnCjRrWuaOhHtHgX,1,api_key,none,synthetic,32,4.5,0.125,0.34375,0.03125,1,1,1
LGV1-000632,setting,6ow14RWcSr%U89Noj_rq,1,password,none,synthetic,20,4.121928,0.25,0.25,0.1,0,1,1
LGV1-000633,config_file,config.production.json,0,filename,none,synthetic,22,3.606937,0.0,0.0,0.090909,0,1,0
LGV1-000634,NEXT_PUBLIC_ACCESS_TOKEN,32cskjRDf4Of8To4nZRPjXTk9GHUMPH7,1,client_exposed_secret,Next.js,synthetic,32,4.5,0.21875,0.46875,0.0,1,1,1
LGV1-000635,config_file,settings.json,0,filename,none,synthetic,13,3.026987,0.0,0.0,0.076923,0,1,0
LGV1-000636,theme_color,#F7F9FC,0,color,none,synthetic,7,2.128085,0.285714,0.571429,0.142857,0,1,1
LGV1-000637,access_token,zwCIWu38Euw0-0xedQFn,1,database_credential,none,synthetic,20,4.021928,0.2,0.3,0.05,1,1,1
LGV1-000638,payload,Ct0hIVNDje4W6Uv4r8.cy15qhODBLk4TS3YFW,1,access_token,none,synthetic,37,4.918781,0.243243,0.432432,0.027027,0,1,1
LGV1-000639,request_id,30e59543-a925-de85-6258-8ce9f7aeede8,0,uuid,none,synthetic,36,3.617861,0.555556,0.0,0.111111,0,1,1
LGV1-000640,region,eu-west,0,normal_config,none,synthetic,7,2.521641,0.0,0.0,0.142857,0,1,0
LGV1-000641,database_password,J7Vqx9CC9zaUcsMbHi.4taton2ubX08S0r6JG,1,access_token,none,synthetic,37,4.831075,0.243243,0.297297,0.027027,1,1,1
LGV1-000642,config_file,application.yaml,0,filename,none,synthetic,16,3.32782,0.0,0.0,0.0625,0,1,0
LGV1-000643,client_secret,not-configured,0,placeholder,none,synthetic,14,3.521641,0.0,0.0,0.071429,1,1,0
LGV1-000644,public_id,PUB-zi6yg29V044Z,0,public_identifier,none,synthetic,16,3.875,0.375,0.3125,0.0625,0,1,1
LGV1-000645,access_token,ENUjSSQbyL5QHcqkds.mYSNrdDP8aeyQrQ26Q,1,access_token,none,synthetic,37,4.550953,0.108108,0.459459,0.027027,1,1,1
LGV1-000646,client_secret,not-configured,0,placeholder,none,synthetic,14,3.521641,0.0,0.0,0.071429,1,1,0
LGV1-000647,config_file,application.yaml,0,filename,none,synthetic,16,3.32782,0.0,0.0,0.0625,0,1,0
LGV1-000648,password,v_VP3snL%L2!_I1ZprPb,1,password,none,synthetic,20,4.021928,0.15,0.35,0.2,1,1,1
LGV1-000649,auth_token,RtN0sw4gr6FQx7qZ6T.ZeYa37jXPjujyCUYYE,1,access_token,none,synthetic,37,4.79027,0.189189,0.405405,0.027027,1,1,1
LGV1-000650,config_file,settings.json,0,filename,none,synthetic,13,3.026987,0.0,0.0,0.076923,0,1,0
LGV1-000651,api_key,1CNd3w8aFim0y9JGPF.ARFAT1CFkfKbYWoscr,1,access_token,none,synthetic,37,4.831075,0.162162,0.459459,0.027027,1,1,1
LGV1-000652,access_token,UtxNXz7qJIPQmeLjgU.nrlqKgiZHLPXyvKX2L,1,access_token,none,synthetic,37,4.682162,0.054054,0.486486,0.027027,1,1,1
LGV1-000653,value,5LU8xHa8QzA1QQdem0.WGjUrflCcrMmSGAlOV,1,access_token,none,synthetic,37,4.702565,0.135135,0.459459,0.027027,0,1,1
LGV1-000654,VITE_APP_TITLE,LeakGuard Demo,0,frontend_public_value,Vite,synthetic,14,3.521641,0.0,0.214286,0.071429,0,0,1
LGV1-000655,region,eu-west,0,normal_config,none,synthetic,7,2.521641,0.0,0.0,0.142857,0,1,0
LGV1-000656,database_password,$THJJr6dQ#lojCu$POk6,1,password,none,synthetic,20,4.021928,0.1,0.4,0.15,1,1,1
LGV1-000657,message,API key is required,0,ui_text,none,synthetic,19,3.536887,0.0,0.157895,0.157895,0,0,1
LGV1-000658,VITE_API_KEY,Bxx577puIwe9Siu30SpYILig6YGTEIug,1,client_exposed_secret,Vite,synthetic,32,4.26532,0.21875,0.375,0.0,1,1,1
LGV1-000659,x,api_dryRMMc3emZWLUQJnEn36vt96an7,1,api_key,none,synthetic,32,4.60141,0.1875,0.3125,0.03125,0,1,1
LGV1-000660,VITE_API_KEY,PjL2GuHxy37FPk3HElE5yaQ8evotnojr,1,client_exposed_secret,Vite,synthetic,32,4.5625,0.1875,0.3125,0.0,1,1,1
LGV1-000661,client_secret,svc_e6Khd1J5GmKIjku2HChRnTLFf5GC,1,api_key,none,synthetic,32,4.6875,0.15625,0.40625,0.03125,1,1,1
LGV1-000662,theme_color,#F7F9FC,0,color,none,synthetic,7,2.128085,0.285714,0.571429,0.142857,0,1,1
LGV1-000663,message,Please enter your password,0,ui_text,none,synthetic,26,3.69026,0.0,0.038462,0.115385,0,0,1
LGV1-000664,VITE_APP_TITLE,LeakGuard Demo,0,frontend_public_value,Vite,synthetic,14,3.521641,0.0,0.214286,0.071429,0,0,1
LGV1-000665,message,Enter your access token,0,ui_text,none,synthetic,23,3.588354,0.0,0.043478,0.130435,0,0,1
LGV1-000666,db_password,VC4jZpckHibqzdhO-z1r,1,database_credential,none,synthetic,20,4.221928,0.1,0.25,0.05,1,1,1
LGV1-000667,VITE_API_KEY,7ge8INvtUEWmIUjcimAJTq54W226Jw5x,1,client_exposed_secret,Vite,synthetic,32,4.5625,0.25,0.375,0.0,1,1,1
LGV1-000668,config_file,settings.json,0,filename,none,synthetic,13,3.026987,0.0,0.0,0.076923,0,1,0
LGV1-000669,service_url,https://docs.example.org,0,url,none,synthetic,24,4.001629,0.0,0.0,0.208333,0,1,0
LGV1-000670,request_id,74be4b20-dc32-f8a0-6a75-80e2ce52309d,0,uuid,none,synthetic,36,3.871178,0.555556,0.0,0.111111,0,1,1
LGV1-000671,data,VPhBQO37iCObbVp_XDsK,1,password,none,synthetic,20,4.021928,0.1,0.55,0.05,0,1,1
LGV1-000672,client_secret,nyR%QdT@66md7i62nbXb,1,database_credential,none,synthetic,20,3.784184,0.25,0.2,0.1,1,1,1
LGV1-000673,payload,hL$nOkQAa9$8QmhI%pgg,1,password,none,synthetic,20,3.921928,0.1,0.3,0.15,0,1,1
LGV1-000674,config_value,api_EFGRR4IShzaNm61VaTBSIVwpVQ86,1,api_key,none,synthetic,32,4.39032,0.15625,0.5,0.03125,0,1,1
LGV1-000675,public_id,PUB-QstCMTBkSCwC,0,public_identifier,none,synthetic,16,3.57782,0.0,0.6875,0.0625,0,1,1
LGV1-000676,NEXT_PUBLIC_APP_NAME,Dashboard,0,frontend_public_value,Next.js,synthetic,9,2.947703,0.0,0.111111,0.0,0,1,1
LGV1-000677,service_url,https://docs.example.org,0,url,none,synthetic,24,4.001629,0.0,0.0,0.208333,0,1,0
LGV1-000678,service_url,https://docs.example.org,0,url,none,synthetic,24,4.001629,0.0,0.0,0.208333,0,1,0
LGV1-000679,theme_color,#F7F9FC,0,color,none,synthetic,7,2.128085,0.285714,0.571429,0.142857,0,1,1
LGV1-000680,theme_color,#0866C6,0,color,none,synthetic,7,2.128085,0.714286,0.142857,0.142857,0,1,1
LGV1-000681,NEXT_PUBLIC_ACCESS_TOKEN,ahhfhFPQ6GobLKKErSVgYLlyEPSBtKig,1,client_exposed_secret,Next.js,synthetic,32,4.39032,0.03125,0.53125,0.0,1,1,1
LGV1-000682,environment,eu-west,0,normal_config,none,synthetic,7,2.521641,0.0,0.0,0.142857,0,1,0
LGV1-000683,payload,wqh7JfwBnjzGBGvdCrxgdPyU7Bms,1,api_key,none,synthetic,28,4.351823,0.071429,0.321429,0.0,0,1,1
LGV1-000684,VITE_API_KEY,UhR4IWrXPvhsBkDa9U4UqGWlG6g3Ot1O,1,client_exposed_secret,Vite,synthetic,32,4.53891,0.1875,0.46875,0.0,1,1,1
LGV1-000685,environment,LeakGuard,0,normal_config,none,synthetic,9,2.947703,0.0,0.222222,0.0,0,1,1
LGV1-000686,result,kOQjr4J-pEtEJIO4%FK!,1,database_credential,none,synthetic,20,3.921928,0.1,0.5,0.15,0,1,1
LGV1-000687,db_password,svc_MkYYO8N5kKJ2ofA2HF3nLE1DraUB,1,api_key,none,synthetic,32,4.8125,0.1875,0.46875,0.03125,1,1,1
LGV1-000688,message,API key is required,0,ui_text,none,synthetic,19,3.536887,0.0,0.157895,0.157895,0,0,1
LGV1-000689,client_secret,not-configured,0,placeholder,none,synthetic,14,3.521641,0.0,0.0,0.071429,1,1,0
LGV1-000690,log_level,eu-west,0,normal_config,none,synthetic,7,2.521641,0.0,0.0,0.142857,0,1,0
LGV1-000691,database_password,lk7@!IS3$DLP9lJ3rqCz,1,database_credential,none,synthetic,20,4.121928,0.2,0.35,0.15,1,1,1
LGV1-000692,config_file,application.yaml,0,filename,none,synthetic,16,3.32782,0.0,0.0,0.0625,0,1,0
LGV1-000693,public_id,PUB-VoGLTaobNW5h,0,public_identifier,none,synthetic,16,3.875,0.0625,0.5625,0.0625,0,1,1
LGV1-000694,result,key_SFPDAAww1IBHWvh7lDBxlJMkIBys,1,api_key,none,synthetic,32,4.41391,0.0625,0.5,0.03125,0,1,1
LGV1-000695,theme_color,#F7F9FC,0,color,none,synthetic,7,2.128085,0.285714,0.571429,0.142857,0,1,1
LGV1-000696,password,api_imvAK56Dju3TlXfFvOluOdaCrnWX,1,api_key,none,synthetic,32,4.5625,0.09375,0.34375,0.03125,1,1,1
LGV1-000697,db_password,tz_%iJ7s!Q6zZ5#Fa4S6,1,password,none,synthetic,20,4.121928,0.25,0.25,0.2,1,1,1
LGV1-000698,theme_color,#FFDCE6,0,color,none,synthetic,7,2.521641,0.142857,0.714286,0.142857,0,1,1
LGV1-000699,x,0Clt9zeMgR0MX0yuFP.Qdfn0i4L5WOZaWjQjC,1,access_token,none,synthetic,37,4.722967,0.189189,0.405405,0.027027,0,1,1
LGV1-000700,value,NahUI5bZQI#p7N6uMEH@,1,password,none,synthetic,20,4.121928,0.15,0.5,0.1,0,1,1
LGV1-000701,VITE_API_KEY,T7GXQHqiSuL9LwLN1zecb2UkogQgF7RE,1,client_exposed_secret,Vite,synthetic,32,4.66391,0.15625,0.46875,0.0,1,1,1
LGV1-000702,api_key,icE#1MbBamId!Ra%f9mh,1,password,none,synthetic,20,4.121928,0.1,0.25,0.15,1,1,1
LGV1-000703,service_url,https://example.com/api,0,url,none,synthetic,23,3.762267,0.0,0.0,0.217391,0,1,0
LGV1-000704,api_key,%vekOL-i2tRba%YZOh3h,1,password,none,synthetic,20,4.021928,0.1,0.3,0.15,1,1,1
LGV1-000705,api_key,MeveJc1oFTLT5YPI%-0w,1,database_credential,none,synthetic,20,4.121928,0.15,0.45,0.1,1,1,1
LGV1-000706,VITE_API_KEY,oJAs2Bm2e51ZE8RxlaRFRgzCHQRfhjzz,1,client_exposed_secret,Vite,synthetic,32,4.53891,0.15625,0.40625,0.0,1,1,1
LGV1-000707,message,API key is required,0,ui_text,none,synthetic,19,3.536887,0.0,0.157895,0.157895,0,0,1
LGV1-000708,db_password,zhY2$DlPKee1-w8aRK9w,1,database_credential,none,synthetic,20,4.021928,0.2,0.3,0.1,1,1,1
LGV1-000709,result,bes@X#AEN6Kml@34mjft,1,password,none,synthetic,20,4.121928,0.15,0.25,0.15,0,1,1
LGV1-000710,config_file,config.production.json,0,filename,none,synthetic,22,3.606937,0.0,0.0,0.090909,0,1,0
LGV1-000711,password,replace-me,0,placeholder,none,synthetic,10,2.846439,0.0,0.0,0.1,1,1,0
LGV1-000712,public_id,PUB-ueT63YIlz0Sb,0,public_identifier,none,synthetic,16,4.0,0.1875,0.4375,0.0625,0,1,1
LGV1-000713,VITE_API_KEY,mubjdIblgsriTCUaofjaFnvAtYZFxDSY,1,client_exposed_secret,Vite,synthetic,32,4.6875,0.0,0.375,0.0,1,1,1
LGV1-000714,config_file,config.production.json,0,filename,none,synthetic,22,3.606937,0.0,0.0,0.090909,0,1,0
LGV1-000715,client_secret,not-configured,0,placeholder,none,synthetic,14,3.521641,0.0,0.0,0.071429,1,1,0
LGV1-000716,result,CC%b@7nZ5m$QVV3hHf5Y,1,database_credential,none,synthetic,20,4.021928,0.2,0.4,0.15,0,1,1
LGV1-000717,log_level,eu-west,0,normal_config,none,synthetic,7,2.521641,0.0,0.0,0.142857,0,1,0
LGV1-000718,service_url,https://localhost:8000,0,url,none,synthetic,22,3.481715,0.181818,0.0,0.181818,0,1,1
LGV1-000719,VITE_API_KEY,sQHeDdxHaku36AzkhiIAEVey953ni3nt,1,client_exposed_secret,Vite,synthetic,32,4.47641,0.1875,0.28125,0.0,1,1,1
LGV1-000720,VITE_APP_TITLE,Dashboard,0,frontend_public_value,Vite,synthetic,9,2.947703,0.0,0.111111,0.0,0,1,1
LGV1-000721,NEXT_PUBLIC_ACCESS_TOKEN,L1YP9gKgh9WpxLRT5MA0zTVcwPYC2DK3,1,client_exposed_secret,Next.js,synthetic,32,4.5625,0.21875,0.53125,0.0,1,1,1
LGV1-000722,NEXT_PUBLIC_APP_NAME,Security Portal,0,frontend_public_value,Next.js,synthetic,15,3.640224,0.0,0.133333,0.066667,0,0,1
LGV1-000723,app_name,INFO,0,normal_config,none,synthetic,4,2.0,0.0,1.0,0.0,0,1,0
LGV1-000724,theme_color,#FFDCE6,0,color,none,synthetic,7,2.521641,0.142857,0.714286,0.142857,0,1,1
LGV1-000725,request_id,87cec69d-9e47-a339-c0ae-0b1af3476736,0,uuid,none,synthetic,36,3.731746,0.555556,0.0,0.111111,0,1,1
LGV1-000726,auth_token,McO5Rt-%AoJ0iWT$RQhd,1,password,none,synthetic,20,4.221928,0.1,0.45,0.15,1,1,1
LGV1-000727,db_password,Hy6JhqXqTCnNsS6Fmhi2eCl5TCfZ,1,api_key,none,synthetic,28,4.351823,0.142857,0.428571,0.0,1,1,1
LGV1-000728,message,Enter your access token,0,ui_text,none,synthetic,23,3.588354,0.0,0.043478,0.130435,0,0,1
LGV1-000729,password,key_OY1Dbh72kCDa9BmS6i4Ptk374rfP,1,api_key,none,synthetic,32,4.60141,0.28125,0.28125,0.03125,1,1,1
LGV1-000730,NEXT_PUBLIC_ACCESS_TOKEN,tSy5gOSwFf4OCVmicmbULpFyeYIPtFI9,1,client_exposed_secret,Next.js,synthetic,32,4.47641,0.09375,0.46875,0.0,1,1,1
LGV1-000731,setting,w325T!ivzHq2vBsyflOk,1,database_credential,none,synthetic,20,4.121928,0.2,0.2,0.05,0,1,1
LGV1-000732,access_token,example-token,0,placeholder,none,synthetic,13,3.334679,0.0,0.0,0.076923,1,1,0
LGV1-000733,db_password,api_tkBro76nXwbi458Ch18ybC3V2Vny,1,api_key,none,synthetic,32,4.5625,0.28125,0.1875,0.03125,1,1,1
LGV1-000734,theme_color,#0866C6,0,color,none,synthetic,7,2.128085,0.714286,0.142857,0.142857,0,1,1
LGV1-000735,setting,sKTUu%N80L4Ni-VdLCtr,1,database_credential,none,synthetic,20,4.121928,0.15,0.45,0.1,0,1,1
LGV1-000736,service_url,https://localhost:8000,0,url,none,synthetic,22,3.481715,0.181818,0.0,0.181818,0,1,1
LGV1-000737,request_id,25916ffa-09cd-33a6-5f6f-83c5539b4d73,0,uuid,none,synthetic,36,3.749941,0.583333,0.0,0.111111,0,1,1
LGV1-000738,message,Please enter your password,0,ui_text,none,synthetic,26,3.69026,0.0,0.038462,0.115385,0,0,1
LGV1-000739,service_url,https://example.com/api,0,url,none,synthetic,23,3.762267,0.0,0.0,0.217391,0,1,0
LGV1-000740,x,svc_YcXm6fCGbZE5Gjmv7EU3HtXujX3g,1,api_key,none,synthetic,32,4.41391,0.15625,0.375,0.03125,0,1,1
LGV1-000741,access_token,hBjOblj0VQpkGVSImE.EssQg9LFxQrzySZgDA,1,access_token,none,synthetic,37,4.756619,0.054054,0.486486,0.027027,1,1,1
LGV1-000742,database_password,@0WytP1AFssdUT%c3lC#,1,password,none,synthetic,20,4.221928,0.15,0.35,0.15,1,1,1
LGV1-000743,log_level,INFO,0,normal_config,none,synthetic,4,2.0,0.0,1.0,0.0,0,1,0
LGV1-000744,config_file,settings.json,0,filename,none,synthetic,13,3.026987,0.0,0.0,0.076923,0,1,0
LGV1-000745,message,API key is required,0,ui_text,none,synthetic,19,3.536887,0.0,0.157895,0.157895,0,0,1
LGV1-000746,public_id,PUB-w3vZgaD3SzU1,0,public_identifier,none,synthetic,16,3.75,0.1875,0.4375,0.0625,0,1,1
LGV1-000747,log_level,eu-west,0,normal_config,none,synthetic,7,2.521641,0.0,0.0,0.142857,0,1,0
LGV1-000748,password,svc_AhhCkMuLypKbsbPY2Ka6Dsi19zc5,1,api_key,none,synthetic,32,4.60141,0.15625,0.28125,0.03125,1,1,1
LGV1-000749,client_secret,4@fh4ck%XxCbMWJWXIAX,1,database_credential,none,synthetic,20,3.884184,0.1,0.5,0.1,1,1,1
LGV1-000750,access_token,example-token,0,placeholder,none,synthetic,13,3.334679,0.0,0.0,0.076923,1,1,0
LGV1-000751,data,pVBWpNfdixFsmjynPc.p7UM8CV4viruPYWcHY,1,access_token,none,synthetic,37,4.756619,0.081081,0.405405,0.027027,0,1,1
LGV1-000752,auth_token,ztc74oW757GgABXr9K.zLbkGk7t4M9S8Hm8KW,1,access_token,none,synthetic,37,4.506751,0.297297,0.351351,0.027027,1,1,1
LGV1-000753,db_password,_XO$Ro$6n#N3qnMUtAC5,1,password,none,synthetic,20,4.121928,0.15,0.4,0.2,1,1,1
LGV1-000754,database_password,b%$FM64YLKf%1-XQYgfy,1,database_credential,none,synthetic,20,4.021928,0.15,0.4,0.2,1,1,1
LGV1-000755,setting,jXIRLu3aNdTWwLhXeNeHAUkUmpMX,1,api_key,none,synthetic,28,4.351823,0.035714,0.571429,0.0,0,1,1
LGV1-000756,request_id,51057c35-1ceb-08fe-f2de-b798b31a25b5,0,uuid,none,synthetic,36,3.749941,0.527778,0.0,0.111111,0,1,1
LGV1-000757,app_name,INFO,0,normal_config,none,synthetic,4,2.0,0.0,1.0,0.0,0,1,0
LGV1-000758,theme_color,#F7F9FC,0,color,none,synthetic,7,2.128085,0.285714,0.571429,0.142857,0,1,1
LGV1-000759,theme_color,#0866C6,0,color,none,synthetic,7,2.128085,0.714286,0.142857,0.142857,0,1,1
LGV1-000760,access_token,TYu@8qPHdSfhP#h-KWpU,1,database_credential,none,synthetic,20,4.121928,0.05,0.45,0.15,1,1,1
LGV1-000761,password,key_qn1jJ8UMHBhXspthdpAOYNDeh15F,1,api_key,none,synthetic,32,4.66391,0.125,0.375,0.03125,1,1,1
LGV1-000762,service_url,https://localhost:8000,0,url,none,synthetic,22,3.481715,0.181818,0.0,0.181818,0,1,1
LGV1-000763,api_key,api_FcfdoMobHEav6NmZivTl6Z23udbj,1,api_key,none,synthetic,32,4.5,0.125,0.25,0.03125,1,1,1
LGV1-000764,request_id,27dc3b65-62bb-f84c-95d1-2c70d5b07c12,0,uuid,none,synthetic,36,3.718129,0.555556,0.0,0.111111,0,1,1
LGV1-000765,config_file,settings.json,0,filename,none,synthetic,13,3.026987,0.0,0.0,0.076923,0,1,0
LGV1-000766,request_id,f6508852-02bc-e2e0-dfd5-988eceefd2c9,0,uuid,none,synthetic,36,3.464812,0.472222,0.0,0.111111,0,1,1
LGV1-000767,config_file,application.yaml,0,filename,none,synthetic,16,3.32782,0.0,0.0,0.0625,0,1,0
LGV1-000768,theme_color,#FFDCE6,0,color,none,synthetic,7,2.521641,0.142857,0.714286,0.142857,0,1,1
LGV1-000769,password,key_GUTWUAbaV1IM6jgVLYzm1M2tYuBG,1,api_key,none,synthetic,32,4.625,0.125,0.5,0.03125,1,1,1
LGV1-000770,VITE_APP_TITLE,LeakGuard Demo,0,frontend_public_value,Vite,synthetic,14,3.521641,0.0,0.214286,0.071429,0,0,1
LGV1-000771,public_id,PUB-0BjbsDhKyaLt,0,public_identifier,none,synthetic,16,3.875,0.0625,0.4375,0.0625,0,1,1
LGV1-000772,api_key,eNBTQh$4aTBYPM6!a7j#,1,database_credential,none,synthetic,20,4.021928,0.15,0.45,0.15,1,1,1
LGV1-000773,public_id,PUB-qEXo62fsM4IA,0,public_identifier,none,synthetic,16,4.0,0.1875,0.5,0.0625,0,1,1
LGV1-000774,VITE_API_KEY,oqhsfhfvVL7mV8hKxi2u9yKVatdLIm2y,1,client_exposed_secret,Vite,synthetic,32,4.32782,0.15625,0.25,0.0,1,1,1
LGV1-000775,client_secret,v2h86ox9dQUH7iY-SH!P,1,password,none,synthetic,20,4.221928,0.25,0.35,0.1,1,1,1
LGV1-000776,NEXT_PUBLIC_ACCESS_TOKEN,PAAAmObNoiNNGfMKUA8buNpkKOERf8xb,1,client_exposed_secret,Next.js,synthetic,32,4.10141,0.0625,0.5625,0.0,1,1,1
LGV1-000777,service_url,https://example.com/api,0,url,none,synthetic,23,3.762267,0.0,0.0,0.217391,0,1,0
LGV1-000778,NEXT_PUBLIC_ACCESS_TOKEN,l3cmgFmgcKP1yQFHNSLqdxoMTea76nPF,1,client_exposed_secret,Next.js,synthetic,32,4.60141,0.125,0.40625,0.0,1,1,1
LGV1-000779,NEXT_PUBLIC_ACCESS_TOKEN,ZZMzQuRiUbPFsq6AzyVcLTK0mvUToRIO,1,client_exposed_secret,Next.js,synthetic,32,4.6875,0.0625,0.5625,0.0,1,1,1
LGV1-000780,config_value,Zklta5lQKOM2chvwEN.MIakHVq7hmMbIbHGWj,1,access_token,none,synthetic,37,4.702565,0.081081,0.432432,0.027027,0,1,1
LGV1-000781,region,INFO,0,normal_config,none,synthetic,4,2.0,0.0,1.0,0.0,0,1,0
LGV1-000782,auth_token,key_A4c6hy7KkmWB9qX6WUwGTFOSxSdP,1,api_key,none,synthetic,32,4.6875,0.15625,0.4375,0.03125,1,1,1
LGV1-000783,x,c7O1RLhX5CDQL9Gi9FaHVdJ7B1LE,1,api_key,none,synthetic,28,4.423252,0.25,0.571429,0.0,0,1,1
LGV1-000784,password,OUx!6_m-@W#F6Nfj$zcl,1,database_credential,none,synthetic,20,4.221928,0.1,0.25,0.3,1,1,1
LGV1-000785,payload,mWnel79C3NFSu3D4pB.zXcMV0yUuzN8VKMIHP,1,access_token,none,synthetic,37,4.885129,0.189189,0.486486,0.027027,0,1,1
LGV1-000786,database_password,hfkZRt0TSMcn12ujfT.p9wzGdRtq0lb8z2CJV,1,access_token,none,synthetic,37,4.831075,0.189189,0.297297,0.027027,1,1,1
LGV1-000787,NEXT_PUBLIC_APP_NAME,LeakGuard Demo,0,frontend_public_value,Next.js,synthetic,14,3.521641,0.0,0.214286,0.071429,0,0,1
LGV1-000788,auth_token,qqbR222wITcMpwgeGC.hGepnuKx10RAePB4sj,1,access_token,none,synthetic,37,4.682162,0.162162,0.324324,0.027027,1,1,1
LGV1-000789,api_key,3Hve79LWyfaAO6rAlJDTKW6iml1y,1,api_key,none,synthetic,28,4.450212,0.214286,0.392857,0.0,1,1,1
LGV1-000790,request_id,7df37378-9f6c-cab4-b352-2c1845aa9503,0,uuid,none,synthetic,36,3.863826,0.583333,0.0,0.111111,0,1,1
LGV1-000791,api_key,your-api-key-here,0,placeholder,none,synthetic,17,3.29277,0.0,0.0,0.176471,1,1,0
LGV1-000792,theme_color,#0866C6,0,color,none,synthetic,7,2.128085,0.714286,0.142857,0.142857,0,1,1
LGV1-000793,app_name,INFO,0,normal_config,none,synthetic,4,2.0,0.0,1.0,0.0,0,1,0
LGV1-000794,VITE_API_KEY,eVeKfJXhIkZG22fK7DNPmWeXRB0rDC44,1,client_exposed_secret,Vite,synthetic,32,4.47641,0.1875,0.53125,0.0,1,1,1
LGV1-000795,request_id,4207291e-b316-7953-734b-da19c99156cc,0,uuid,none,synthetic,36,3.728972,0.666667,0.0,0.111111,0,1,1
LGV1-000796,service_url,https://example.com/api,0,url,none,synthetic,23,3.762267,0.0,0.0,0.217391,0,1,0
LGV1-000797,theme_color,#F7F9FC,0,color,none,synthetic,7,2.128085,0.285714,0.571429,0.142857,0,1,1
LGV1-000798,public_id,PUB-XJs3PpH5ruSI,0,public_identifier,none,synthetic,16,3.875,0.125,0.5625,0.0625,0,1,1
LGV1-000799,environment,development,0,normal_config,none,synthetic,11,3.027169,0.0,0.0,0.0,0,1,0
LGV1-000800,result,sn8$Dv!kQ%Zh5NAmFksO,1,database_credential,none,synthetic,20,4.121928,0.1,0.35,0.15,0,1,1
LGV1-000801,api_key,jkU_09mPy2n%WlF%sr6V,1,database_credential,none,synthetic,20,4.221928,0.2,0.25,0.15,1,1,1
LGV1-000802,message,Authentication failed,0,ui_text,none,synthetic,21,3.653757,0.0,0.047619,0.047619,0,0,1
LGV1-000803,api_key,your-api-key-here,0,placeholder,none,synthetic,17,3.29277,0.0,0.0,0.176471,1,1,0
LGV1-000804,message,API key is required,0,ui_text,none,synthetic,19,3.536887,0.0,0.157895,0.157895,0,0,1
LGV1-000805,config_file,settings.json,0,filename,none,synthetic,13,3.026987,0.0,0.0,0.076923,0,1,0
LGV1-000806,db_password,api_OsfE2htYzEF5QqfPIylx4yxlCcqC,1,api_key,none,synthetic,32,4.5625,0.09375,0.3125,0.03125,1,1,1
LGV1-000807,NEXT_PUBLIC_ACCESS_TOKEN,UHiUWZaMgyybh0aW1P7cipXfrj8OMaY9,1,client_exposed_secret,Next.js,synthetic,32,4.53891,0.15625,0.375,0.0,1,1,1
LGV1-000808,region,INFO,0,normal_config,none,synthetic,4,2.0,0.0,1.0,0.0,0,1,0
LGV1-000809,access_token,27QOZCdmjdolcEqkTD.Bh57FcCwTJFDFh2U3j,1,access_token,none,synthetic,37,4.594456,0.162162,0.432432,0.027027,1,1,1
LGV1-000810,VITE_APP_TITLE,Security Portal,0,frontend_public_value,Vite,synthetic,15,3.640224,0.0,0.133333,0.066667,0,0,1
LGV1-000811,result,h_i!!X$eZIL9p!OcD1%2,1,password,none,synthetic,20,4.084184,0.15,0.3,0.3,0,1,1
LGV1-000812,password,GnYV_-wtkmWqITy6E6_Z,1,password,none,synthetic,20,4.121928,0.1,0.4,0.15,1,1,1
LGV1-000813,data,S7mS2JzgiuWYL3Zd27.TtDPkKiCSEs5jnnZVm,1,access_token,none,synthetic,37,4.756619,0.162162,0.432432,0.027027,0,1,1
LGV1-000814,access_token,xJxI9KB%JgJ38fZFaiV#,1,password,none,synthetic,20,3.984184,0.15,0.45,0.1,1,1,1
LGV1-000815,public_id,PUB-Hf4M1n9k8O1r,0,public_identifier,none,synthetic,16,3.875,0.3125,0.375,0.0625,0,1,1
LGV1-000816,access_token,example-token,0,placeholder,none,synthetic,13,3.334679,0.0,0.0,0.076923,1,1,0
LGV1-000817,api_key,BxQjLV72cV5ZyOdYml.ajOc1YpkzuaKEE2wmO,1,access_token,none,synthetic,37,4.64851,0.135135,0.378378,0.027027,1,1,1
LGV1-000818,config_file,config.production.json,0,filename,none,synthetic,22,3.606937,0.0,0.0,0.090909,0,1,0
LGV1-000819,request_id,6de59332-9364-f3d0-5024-bdc6dcb33df3,0,uuid,none,synthetic,36,3.502814,0.555556,0.0,0.111111,0,1,1
LGV1-000820,request_id,e6766b0a-3b9a-3daf-6321-d75368dd66fd,0,uuid,none,synthetic,36,3.558369,0.527778,0.0,0.111111,0,1,1
LGV1-000821,config_value,yQA0lum93Rf1H3KgX%dv,1,password,none,synthetic,20,4.221928,0.25,0.3,0.05,0,1,1
LGV1-000822,access_token,key_gjsq5lfeF2x61nzgFYbAeF9OenRA,1,api_key,none,synthetic,32,4.41391,0.15625,0.25,0.03125,1,1,1
LGV1-000823,database_password,TCrpQuvnD9Mvb6SiP7.aMEa5aRlAJ5STFWzIf,1,access_token,none,synthetic,37,4.810673,0.135135,0.459459,0.027027,1,1,1
LGV1-000824,config_value,cJP@qYvf-hc6%#L4vjy$,1,password,none,synthetic,20,4.121928,0.1,0.2,0.25,0,1,1
LGV1-000825,database_password,I-Ji85w_T##SG2#3V!gp,1,password,none,synthetic,20,4.084184,0.2,0.3,0.3,1,1,1
LGV1-000826,config_file,application.yaml,0,filename,none,synthetic,16,3.32782,0.0,0.0,0.0625,0,1,0
LGV1-000827,VITE_API_KEY,MUOZ4gyGUfv7OVtBzbl8VqUPV4f16B9h,1,client_exposed_secret,Vite,synthetic,32,4.45282,0.21875,0.4375,0.0,1,1,1
LGV1-000828,password,Bh_VMrsWnvrSbM41O_in,1,database_credential,none,synthetic,20,3.921928,0.1,0.35,0.1,1,1,1
LGV1-000829,auth_token,api_dljdPwcj2cQK1Mtv6fdgAlkRsNQS,1,api_key,none,synthetic,32,4.60141,0.09375,0.28125,0.03125,1,1,1
LGV1-000830,access_token,5J2iZeCBOy3eKfiYHt.ghFodMIvbo08s71qyT,1,access_token,none,synthetic,37,4.993237,0.189189,0.324324,0.027027,1,1,1
LGV1-000831,client_secret,not-configured,0,placeholder,none,synthetic,14,3.521641,0.0,0.0,0.071429,1,1,0
LGV1-000832,auth_token,@K#aOx9Iv7EvSKiwvNmA,1,database_credential,none,synthetic,20,3.984184,0.1,0.4,0.1,1,1,1
LGV1-000833,VITE_API_KEY,u9PpuDTEGJ2VUf6gBSeyiWakHVhkmC3h,1,client_exposed_secret,Vite,synthetic,32,4.75,0.125,0.4375,0.0,1,1,1
LGV1-000834,api_key,your-api-key-here,0,placeholder,none,synthetic,17,3.29277,0.0,0.0,0.176471,1,1,0
LGV1-000835,auth_token,1xkxwnQrS7RPeMOkIU.pkDyr7OSJoRu1XXdo0,1,access_token,none,synthetic,37,4.594456,0.135135,0.405405,0.027027,1,1,1
LGV1-000836,VITE_API_KEY,oHGkWjXggtZVvCFVwIqQFqxDa0wtTv5H,1,client_exposed_secret,Vite,synthetic,32,4.5,0.0625,0.46875,0.0,1,1,1
LGV1-000837,value,key_Mh3Hr8SW0pxCNRQ3EGAQmaO980ub,1,api_key,none,synthetic,32,4.75,0.21875,0.40625,0.03125,0,1,1
LGV1-000838,public_id,PUB-VjPvelPKvDHX,0,public_identifier,none,synthetic,16,3.57782,0.0,0.625,0.0625,0,1,1
LGV1-000839,setting,key_zS8cp43kr4OIsQ6eSUU5n6FAWJhx,1,api_key,none,synthetic,32,4.625,0.21875,0.34375,0.03125,0,1,1
LGV1-000840,NEXT_PUBLIC_ACCESS_TOKEN,Pz1dZ7KBi8OyUlz5uHkBogTZiGhOKYz1,1,client_exposed_secret,Next.js,synthetic,32,4.47641,0.15625,0.4375,0.0,1,1,1
LGV1-000841,data,gn$I-nznvp60LnA#f4to,1,database_credential,none,synthetic,20,3.921928,0.15,0.15,0.15,0,1,1
LGV1-000842,request_id,eadeae69-1bbc-b748-bb55-cfa32e266519,0,uuid,none,synthetic,36,3.784528,0.444444,0.0,0.111111,0,1,1
LGV1-000843,VITE_APP_TITLE,LeakGuard Demo,0,frontend_public_value,Vite,synthetic,14,3.521641,0.0,0.214286,0.071429,0,0,1
LGV1-000844,NEXT_PUBLIC_ACCESS_TOKEN,mlMjWWPel8XOFDWKWLCR74KPONu3OujC,1,client_exposed_secret,Next.js,synthetic,32,4.22641,0.125,0.625,0.0,1,1,1
LGV1-000845,setting,gdw5AT8NFrfn6i1Hot.VJnhxU0YjcpSCPWD8h,1,access_token,none,synthetic,37,5.047291,0.162162,0.378378,0.027027,0,1,1
LGV1-000846,service_url,https://localhost:8000,0,url,none,synthetic,22,3.481715,0.181818,0.0,0.181818,0,1,1
LGV1-000847,log_level,eu-west,0,normal_config,none,synthetic,7,2.521641,0.0,0.0,0.142857,0,1,0
LGV1-000848,db_password,opJnJb%$AgOtSsO44IIu,1,database_credential,none,synthetic,20,3.921928,0.1,0.4,0.1,1,1,1
LGV1-000849,database_password,api_KFnQ90V8Dr7OIZN2X6B7KUOdHmxD,1,api_key,none,synthetic,32,4.75,0.21875,0.5,0.03125,1,1,1
LGV1-000850,public_id,PUB-H8mfpUAFJWpS,0,public_identifier,none,synthetic,16,3.75,0.0625,0.625,0.0625,0,1,1
LGV1-000851,api_key,api_ZmjbcpEN2XeDA4OKmTSyFzpjPSa5,1,api_key,none,synthetic,32,4.60141,0.09375,0.40625,0.03125,1,1,1
LGV1-000852,request_id,67273710-203d-54c9-6485-525ed858f464,0,uuid,none,synthetic,36,3.708003,0.75,0.0,0.111111,0,1,1
LGV1-000853,public_id,PUB-v6wXXJePdHnx,0,public_identifier,none,synthetic,16,3.75,0.0625,0.5,0.0625,0,1,1
LGV1-000854,api_key,Pha!Yl5jlIsW$J61$6ZV,1,password,none,synthetic,20,4.021928,0.2,0.35,0.15,1,1,1
LGV1-000855,client_secret,9pnLwddsFM41PREsIa.2gBi4qUxWzxczdKJmx,1,access_token,none,synthetic,37,4.79027,0.135135,0.324324,0.027027,1,1,1
LGV1-000856,theme_color,#0866C6,0,color,none,synthetic,7,2.128085,0.714286,0.142857,0.142857,0,1,1
LGV1-000857,auth_token,KfxNl7RhMHX9EX3@2eBt,1,password,none,synthetic,20,4.221928,0.2,0.45,0.05,1,1,1
LGV1-000858,access_token,hIOEuqxddJ#m6TD8_CKF,1,password,none,synthetic,20,4.221928,0.1,0.45,0.1,1,1,1
LGV1-000859,message,Please enter your password,0,ui_text,none,synthetic,26,3.69026,0.0,0.038462,0.115385,0,0,1
LGV1-000860,access_token,svc_shaF7RjDRjH9sNJQktFseZsaDcns,1,api_key,none,synthetic,32,4.14032,0.0625,0.34375,0.03125,1,1,1
LGV1-000861,NEXT_PUBLIC_ACCESS_TOKEN,v5zQifUyH9RN3ORoApKjBt6MvCIinPiL,1,client_exposed_secret,Next.js,synthetic,32,4.72641,0.125,0.46875,0.0,1,1,1
LGV1-000862,VITE_API_KEY,cw0CgN3RVJ3oVPJypGYYZSsSQd7yyA9Y,1,client_exposed_secret,Vite,synthetic,32,4.45282,0.15625,0.53125,0.0,1,1,1
LGV1-000863,NEXT_PUBLIC_ACCESS_TOKEN,QlEimJy17x1Ajs3QiiaePbjU4FQBifiP,1,client_exposed_secret,Next.js,synthetic,32,4.301109,0.15625,0.34375,0.0,1,1,1
LGV1-000864,auth_token,McMC9kR74WH5olex1i.Gw8dBFykxhv6Rp1I2X,1,access_token,none,synthetic,37,4.939183,0.243243,0.324324,0.027027,1,1,1
LGV1-000865,config_file,config.production.json,0,filename,none,synthetic,22,3.606937,0.0,0.0,0.090909,0,1,0
LGV1-000866,password,api_mslo4qUlv2Jplmbl1q6gb1RiyPY4,1,api_key,none,synthetic,32,4.3125,0.1875,0.15625,0.03125,1,1,1
LGV1-000867,NEXT_PUBLIC_ACCESS_TOKEN,BKG5ArbSELbuyKyuKgZFgSRnvFGZWQvk,1,client_exposed_secret,Next.js,synthetic,32,4.28891,0.03125,0.5625,0.0,1,1,1
LGV1-000868,NEXT_PUBLIC_ACCESS_TOKEN,tY5U3SObMEq9PYXLKoUdLEkHOUNX1yj0,1,client_exposed_secret,Next.js,synthetic,32,4.53891,0.15625,0.59375,0.0,1,1,1
LGV1-000869,client_secret,key_P1jF7TsGTrA1EEpDJjym6MGV4i3e,1,api_key,none,synthetic,32,4.5625,0.1875,0.40625,0.03125,1,1,1
LGV1-000870,message,Enter your access token,0,ui_text,none,synthetic,23,3.588354,0.0,0.043478,0.130435,0,0,1
LGV1-000871,NEXT_PUBLIC_APP_NAME,LeakGuard Demo,0,frontend_public_value,Next.js,synthetic,14,3.521641,0.0,0.214286,0.071429,0,0,1
LGV1-000872,VITE_API_KEY,NIfGPkL8LjkQNU5Mv17Kc03bfc8PXKqP,1,client_exposed_secret,Vite,synthetic,32,4.41391,0.21875,0.46875,0.0,1,1,1
LGV1-000873,client_secret,Skc$haR4FD_5hmzGmvcV,1,database_credential,none,synthetic,20,4.021928,0.1,0.3,0.1,1,1,1
LGV1-000874,auth_token,jgg_fQMGTWamh6#GW2E8,1,password,none,synthetic,20,4.021928,0.15,0.4,0.1,1,1,1
LGV1-000875,NEXT_PUBLIC_ACCESS_TOKEN,O0ctCAoK4kInXOh89NNviMIb8UbZyfXT,1,client_exposed_secret,Next.js,synthetic,32,4.625,0.15625,0.46875,0.0,1,1,1
LGV1-000876,access_token,api_u1tg6UfOzuNFOlWymq2TFwvZC5xW,1,api_key,none,synthetic,32,4.75,0.125,0.34375,0.03125,1,1,1
LGV1-000877,database_password,Y2Av7YGr0asUt1LLQF.3jCIEwvJWIyD7u3mSp,1,access_token,none,synthetic,37,4.885129,0.189189,0.459459,0.027027,1,1,1
LGV1-000878,api_key,svc_q3FioOlj3NPdohPclRG3CLucJTod,1,api_key,none,synthetic,32,4.366729,0.09375,0.34375,0.03125,1,1,1
LGV1-000879,auth_token,BwBAD3UdRPPgdzUvZ3.gpmmICiBlrDp37eCZ3,1,access_token,none,synthetic,37,4.37824,0.135135,0.432432,0.027027,1,1,1
LGV1-000880,config_value,1-Y2S-Ca_pmM7_MrqcWw,1,database_credential,none,synthetic,20,4.021928,0.15,0.3,0.2,0,1,1
LGV1-000881,auth_token,H26-Y2P%d7WfdOPBgkxr,1,password,none,synthetic,20,4.021928,0.2,0.35,0.1,1,1,1
LGV1-000882,payload,svc_jtNNgWeQWHXFYDmsQFFGqIvZ3IIb,1,api_key,none,synthetic,32,4.39032,0.03125,0.5625,0.03125,0,1,1
LGV1-000883,password,replace-me,0,placeholder,none,synthetic,10,2.846439,0.0,0.0,0.1,1,1,0
LGV1-000884,service_url,https://localhost:8000,0,url,none,synthetic,22,3.481715,0.181818,0.0,0.181818,0,1,1
LGV1-000885,service_url,https://example.com/api,0,url,none,synthetic,23,3.762267,0.0,0.0,0.217391,0,1,0
LGV1-000886,payload,11tbFCX8PfqUeFIA-wO0,1,database_credential,none,synthetic,20,4.121928,0.2,0.45,0.05,0,1,1
LGV1-000887,VITE_APP_TITLE,LeakGuard Demo,0,frontend_public_value,Vite,synthetic,14,3.521641,0.0,0.214286,0.071429,0,0,1
LGV1-000888,api_key,h0ezFeKORdjjZK8tfphJWAMMYNoX,1,api_key,none,synthetic,28,4.450212,0.071429,0.5,0.0,1,1,1
LGV1-000889,NEXT_PUBLIC_ACCESS_TOKEN,zXu5s0RU3BMzIewFQVLbo4MlXpxxvG0a,1,client_exposed_secret,Next.js,synthetic,32,4.6875,0.15625,0.40625,0.0,1,1,1
LGV1-000890,config_file,settings.json,0,filename,none,synthetic,13,3.026987,0.0,0.0,0.076923,0,1,0
LGV1-000891,VITE_API_KEY,Vr0uNgMyBmKwx5O0eCk4c9GqLAsM04P8,1,client_exposed_secret,Vite,synthetic,32,4.72641,0.25,0.375,0.0,1,1,1
LGV1-000892,NEXT_PUBLIC_APP_NAME,Dashboard,0,frontend_public_value,Next.js,synthetic,9,2.947703,0.0,0.111111,0.0,0,1,1
LGV1-000893,password,NPdVYpS0Jaj2gsykKz.2eoy3DQfwDDPI50Dgf,1,access_token,none,synthetic,37,4.668913,0.162162,0.378378,0.027027,1,1,1
LGV1-000894,service_url,https://localhost:8000,0,url,none,synthetic,22,3.481715,0.181818,0.0,0.181818,0,1,1
LGV1-000895,NEXT_PUBLIC_APP_NAME,LeakGuard Demo,0,frontend_public_value,Next.js,synthetic,14,3.521641,0.0,0.214286,0.071429,0,0,1
LGV1-000896,VITE_APP_TITLE,LeakGuard Demo,0,frontend_public_value,Vite,synthetic,14,3.521641,0.0,0.214286,0.071429,0,0,1
LGV1-000897,config_value,QiB!8e368ty$ROsoOJNB,1,database_credential,none,synthetic,20,4.021928,0.2,0.4,0.1,0,1,1
LGV1-000898,public_id,PUB-Fj3nH8ObsARI,0,public_identifier,none,synthetic,16,4.0,0.125,0.5625,0.0625,0,1,1
LGV1-000899,request_id,032e2730-c0c9-c3ed-8ef9-006015457c64,0,uuid,none,synthetic,36,3.69716,0.638889,0.0,0.111111,0,1,1
LGV1-000900,x,XpE8veHjXG50$hC!aXKc,1,database_credential,none,synthetic,20,4.084184,0.15,0.4,0.1,0,1,1
LGV1-000901,request_id,c9c52567-9b62-2c0a-5398-2922065262a2,0,uuid,none,synthetic,36,3.245364,0.722222,0.0,0.111111,0,1,1
LGV1-000902,auth_token,api_TVl32ifA12hdCOTdug2Ir2mPNVbv,1,api_key,none,synthetic,32,4.5,0.1875,0.3125,0.03125,1,1,1
LGV1-000903,VITE_APP_TITLE,LeakGuard Demo,0,frontend_public_value,Vite,synthetic,14,3.521641,0.0,0.214286,0.071429,0,0,1
LGV1-000904,message,Please enter your password,0,ui_text,none,synthetic,26,3.69026,0.0,0.038462,0.115385,0,0,1
LGV1-000905,NEXT_PUBLIC_APP_NAME,Dashboard,0,frontend_public_value,Next.js,synthetic,9,2.947703,0.0,0.111111,0.0,0,1,1
LGV1-000906,region,eu-west,0,normal_config,none,synthetic,7,2.521641,0.0,0.0,0.142857,0,1,0
LGV1-000907,theme_color,#F7F9FC,0,color,none,synthetic,7,2.128085,0.285714,0.571429,0.142857,0,1,1
LGV1-000908,request_id,2ccda2af-4d64-bb63-866c-fb2b3754f16f,0,uuid,none,synthetic,36,3.617861,0.472222,0.0,0.111111,0,1,1
LGV1-000909,x,api_g99sweNvhx776f5cMjlBHvMlRBj5,1,api_key,none,synthetic,32,4.5,0.21875,0.21875,0.03125,0,1,1
LGV1-000910,client_secret,h85HVsH%r7O9cT$ucpT3,1,database_credential,none,synthetic,20,4.021928,0.25,0.3,0.1,1,1,1
LGV1-000911,public_id,PUB-SkeiG3H6y5Bw,0,public_identifier,none,synthetic,16,3.875,0.1875,0.4375,0.0625,0,1,1
LGV1-000912,app_name,INFO,0,normal_config,none,synthetic,4,2.0,0.0,1.0,0.0,0,1,0
LGV1-000913,app_name,LeakGuard,0,normal_config,none,synthetic,9,2.947703,0.0,0.222222,0.0,0,1,1
LGV1-000914,service_url,https://docs.example.org,0,url,none,synthetic,24,4.001629,0.0,0.0,0.208333,0,1,0
LGV1-000915,public_id,PUB-yUYGN8kyJycX,0,public_identifier,none,synthetic,16,3.57782,0.0625,0.5625,0.0625,0,1,1
LGV1-000916,api_key,your-api-key-here,0,placeholder,none,synthetic,17,3.29277,0.0,0.0,0.176471,1,1,0
LGV1-000917,api_key,your-api-key-here,0,placeholder,none,synthetic,17,3.29277,0.0,0.0,0.176471,1,1,0
LGV1-000918,api_key,api_CWms8OBzByfFbFguJENytFYXsXRS,1,api_key,none,synthetic,32,4.60141,0.03125,0.5,0.03125,1,1,1
LGV1-000919,message,Please enter your password,0,ui_text,none,synthetic,26,3.69026,0.0,0.038462,0.115385,0,0,1
LGV1-000920,database_password,i%hQDFlycTlpg5B6JAYq,1,password,none,synthetic,20,4.221928,0.1,0.4,0.05,1,1,1
LGV1-000921,service_url,https://localhost:8000,0,url,none,synthetic,22,3.481715,0.181818,0.0,0.181818,0,1,1
LGV1-000922,db_password,lZ9SHDdJp62hDiZDQH.JMu8W5CN0U5GB16JC5,1,access_token,none,synthetic,37,4.607706,0.27027,0.540541,0.027027,1,1,1
LGV1-000923,access_token,example-token,0,placeholder,none,synthetic,13,3.334679,0.0,0.0,0.076923,1,1,0
LGV1-000924,VITE_API_KEY,pMhXZuv1LVyZVVp7BnjglnrCAq3LdFIx,1,client_exposed_secret,Vite,synthetic,32,4.60141,0.09375,0.4375,0.0,1,1,1
LGV1-000925,config_file,application.yaml,0,filename,none,synthetic,16,3.32782,0.0,0.0,0.0625,0,1,0
LGV1-000926,auth_token,3ppuBLo57L8j6K5aAc.cEUXGcBHzEZZS0gCFp,1,access_token,none,synthetic,37,4.682162,0.189189,0.459459,0.027027,1,1,1
LGV1-000927,value,!G7ZtUFB9HMrdjPlBD#w,1,database_credential,none,synthetic,20,4.221928,0.1,0.5,0.1,0,1,1
LGV1-000928,password,replace-me,0,placeholder,none,synthetic,10,2.846439,0.0,0.0,0.1,1,1,0
LGV1-000929,app_name,eu-west,0,normal_config,none,synthetic,7,2.521641,0.0,0.0,0.142857,0,1,0
LGV1-000930,app_name,LeakGuard,0,normal_config,none,synthetic,9,2.947703,0.0,0.222222,0.0,0,1,1
LGV1-000931,config_value,vIc9Q4CVrPf3kTbKOY.XTtJPhPJfm9NIKWd9K,1,access_token,none,synthetic,37,4.607706,0.135135,0.540541,0.027027,0,1,1
LGV1-000932,message,Please enter your password,0,ui_text,none,synthetic,26,3.69026,0.0,0.038462,0.115385,0,0,1
LGV1-000933,api_key,hzP$3MZ1MNNZHzrrmGw6,1,database_credential,none,synthetic,20,3.821928,0.15,0.45,0.05,1,1,1
LGV1-000934,service_url,https://example.com/api,0,url,none,synthetic,23,3.762267,0.0,0.0,0.217391,0,1,0
LGV1-000935,config_file,settings.json,0,filename,none,synthetic,13,3.026987,0.0,0.0,0.076923,0,1,0
LGV1-000936,theme_color,#FFDCE6,0,color,none,synthetic,7,2.521641,0.142857,0.714286,0.142857,0,1,1
LGV1-000937,config_value,$nw#kdDLITHkWJ4Lj7D#,1,password,none,synthetic,20,3.921928,0.1,0.45,0.15,0,1,1
LGV1-000938,theme_color,#FFDCE6,0,color,none,synthetic,7,2.521641,0.142857,0.714286,0.142857,0,1,1
LGV1-000939,message,Please enter your password,0,ui_text,none,synthetic,26,3.69026,0.0,0.038462,0.115385,0,0,1
LGV1-000940,database_password,GH#Ckz01sRW5FtLfQ@Dc,1,database_credential,none,synthetic,20,4.321928,0.15,0.45,0.1,1,1,1
LGV1-000941,setting,nQ8VYeu!D_cFbB$g#0LF,1,password,none,synthetic,20,4.221928,0.1,0.4,0.2,0,1,1
LGV1-000942,auth_token,api_XnUucKa8jv38q6lwDm5Pdzyj8sGe,1,api_key,none,synthetic,32,4.72641,0.1875,0.1875,0.03125,1,1,1
LGV1-000943,client_secret,vBElz57dvCPnu4F-3Xo9,1,database_credential,none,synthetic,20,4.221928,0.25,0.3,0.05,1,1,1
LGV1-000944,NEXT_PUBLIC_ACCESS_TOKEN,rm1Ks6pvpZXxoDuVhSpCU94AxfwJGe6x,1,client_exposed_secret,Next.js,synthetic,32,4.64032,0.15625,0.34375,0.0,1,1,1
LGV1-000945,password,fj2V8r8Lwwk2GXUNpG.Keg0LWaHnTm9sk5WIa,1,access_token,none,synthetic,37,4.777021,0.189189,0.378378,0.027027,1,1,1
LGV1-000946,password,R5%%2Fo6yUtRslvVXmi@,1,password,none,synthetic,20,4.121928,0.15,0.3,0.15,1,1,1
LGV1-000947,value,VRWt2BAu316eOn2Ar0.sPkqRMpzphjmbpZ0tD,1,access_token,none,synthetic,37,4.810673,0.189189,0.324324,0.027027,0,1,1
LGV1-000948,message,Enter your access token,0,ui_text,none,synthetic,23,3.588354,0.0,0.043478,0.130435,0,0,1
LGV1-000949,theme_color,#FFDCE6,0,color,none,synthetic,7,2.521641,0.142857,0.714286,0.142857,0,1,1
LGV1-000950,db_password,cc!fAPZ!8J4kPpxFyR--,1,database_credential,none,synthetic,20,3.921928,0.1,0.35,0.2,1,1,1
LGV1-000951,public_id,PUB-iiQvY9dftYXj,0,public_identifier,none,synthetic,16,3.75,0.0625,0.4375,0.0625,0,1,1
LGV1-000952,access_token,5vYyE1U1MiWiGODWCQCj3UufZNQN,1,api_key,none,synthetic,28,4.307355,0.142857,0.607143,0.0,1,1,1
LGV1-000953,api_key,U#QmQ3mgUb7oJqUx!GM_,1,database_credential,none,synthetic,20,3.884184,0.1,0.4,0.15,1,1,1
LGV1-000954,theme_color,#FFDCE6,0,color,none,synthetic,7,2.521641,0.142857,0.714286,0.142857,0,1,1
LGV1-000955,access_token,key_HgpngEb1GCzd7htzEl0p12Iq0NRC,1,api_key,none,synthetic,32,4.5625,0.1875,0.28125,0.03125,1,1,1
LGV1-000956,environment,production,0,normal_config,none,synthetic,10,3.121928,0.0,0.0,0.0,0,1,0
LGV1-000957,service_url,https://localhost:8000,0,url,none,synthetic,22,3.481715,0.181818,0.0,0.181818,0,1,1
LGV1-000958,log_level,development,0,normal_config,none,synthetic,11,3.027169,0.0,0.0,0.0,0,1,0
LGV1-000959,setting,8eGpcNUV3gE#UPsN-nEX,1,password,none,synthetic,20,4.021928,0.1,0.5,0.1,0,1,1
LGV1-000960,NEXT_PUBLIC_ACCESS_TOKEN,KcWWlEHPC6rlLBO0FfEwAvuQg2kvASFs,1,client_exposed_secret,Next.js,synthetic,32,4.625,0.09375,0.53125,0.0,1,1,1
LGV1-000961,result,0t1LtFJVDobYajqt9O.1OEhPQ5sAlF6SPpbhW,1,access_token,none,synthetic,37,4.756619,0.162162,0.432432,0.027027,0,1,1
LGV1-000962,password,sV1V!LdV!t1t%NMLfspN,1,password,none,synthetic,20,3.484184,0.1,0.4,0.15,1,1,1
LGV1-000963,api_key,zgs9AraBvj_XsD8lav8P,1,database_credential,none,synthetic,20,3.921928,0.15,0.25,0.05,1,1,1
LGV1-000964,theme_color,#F7F9FC,0,color,none,synthetic,7,2.128085,0.285714,0.571429,0.142857,0,1,1
LGV1-000965,value,key_Dd6xTmrx0DGzO7hRbpxFMCl93ELJ,1,api_key,none,synthetic,32,4.78891,0.15625,0.375,0.03125,0,1,1
LGV1-000966,message,Authentication failed,0,ui_text,none,synthetic,21,3.653757,0.0,0.047619,0.047619,0,0,1
LGV1-000967,service_url,https://docs.example.org,0,url,none,synthetic,24,4.001629,0.0,0.0,0.208333,0,1,0
LGV1-000968,theme_color,#F7F9FC,0,color,none,synthetic,7,2.128085,0.285714,0.571429,0.142857,0,1,1
LGV1-000969,api_key,W0_2-B%8x1O@SiMtwW8g,1,password,none,synthetic,20,4.121928,0.25,0.3,0.2,1,1,1
LGV1-000970,setting,0fdRYO%mo59iC4qb!H%_,1,database_credential,none,synthetic,20,4.221928,0.2,0.25,0.2,0,1,1
LGV1-000971,password,replace-me,0,placeholder,none,synthetic,10,2.846439,0.0,0.0,0.1,1,1,0
LGV1-000972,public_id,PUB-0RTZt6NLfRiu,0,public_identifier,none,synthetic,16,3.875,0.125,0.5625,0.0625,0,1,1
LGV1-000973,service_url,https://docs.example.org,0,url,none,synthetic,24,4.001629,0.0,0.0,0.208333,0,1,0
LGV1-000974,config_file,settings.json,0,filename,none,synthetic,13,3.026987,0.0,0.0,0.076923,0,1,0
LGV1-000975,NEXT_PUBLIC_APP_NAME,Security Portal,0,frontend_public_value,Next.js,synthetic,15,3.640224,0.0,0.133333,0.066667,0,0,1
LGV1-000976,request_id,9ac60306-61f4-3c2b-2dd9-3719f8d9bf33,0,uuid,none,synthetic,36,3.728972,0.583333,0.0,0.111111,0,1,1
LGV1-000977,access_token,example-token,0,placeholder,none,synthetic,13,3.334679,0.0,0.0,0.076923,1,1,0
LGV1-000978,config_file,config.production.json,0,filename,none,synthetic,22,3.606937,0.0,0.0,0.090909,0,1,0
LGV1-000979,VITE_API_KEY,8wcoWFoeqxocQnH6YxyE6D4ccPugT9HO,1,client_exposed_secret,Vite,synthetic,32,4.41391,0.15625,0.34375,0.0,1,1,1
LGV1-000980,config_file,settings.json,0,filename,none,synthetic,13,3.026987,0.0,0.0,0.076923,0,1,0
LGV1-000981,db_password,1hFy%MuS9667@jM49dZL,1,password,none,synthetic,20,4.021928,0.35,0.3,0.1,1,1,1
LGV1-000982,log_level,eu-west,0,normal_config,none,synthetic,7,2.521641,0.0,0.0,0.142857,0,1,0
LGV1-000983,service_url,https://localhost:8000,0,url,none,synthetic,22,3.481715,0.181818,0.0,0.181818,0,1,1
LGV1-000984,theme_color,#0866C6,0,color,none,synthetic,7,2.128085,0.714286,0.142857,0.142857,0,1,1
LGV1-000985,x,key_Vdp8N7j310savSZhtCEbvnVInnIH,1,api_key,none,synthetic,32,4.66391,0.15625,0.3125,0.03125,0,1,1
LGV1-000986,app_name,eu-west,0,normal_config,none,synthetic,7,2.521641,0.0,0.0,0.142857,0,1,0
LGV1-000987,NEXT_PUBLIC_ACCESS_TOKEN,86Rx4dhyxDNcxxlPJTeJTXnivpIhPEV8,1,client_exposed_secret,Next.js,synthetic,32,4.4375,0.125,0.40625,0.0,1,1,1
LGV1-000988,value,nXkzft@h3T-DH9pAOFVa,1,password,none,synthetic,20,4.321928,0.1,0.4,0.1,0,1,1
LGV1-000989,api_key,iVX3rU4hX5bvZBrHeq.TKOeFDGxdF2KkxkqXg,1,access_token,none,synthetic,37,4.702565,0.108108,0.432432,0.027027,1,1,1
LGV1-000990,db_password,OHABVM%usexp54-Vq5Sd,1,database_credential,none,synthetic,20,4.121928,0.15,0.4,0.1,1,1,1
LGV1-000991,config_file,config.production.json,0,filename,none,synthetic,22,3.606937,0.0,0.0,0.090909,0,1,0
LGV1-000992,password,WgGXXuACkqnGcDbeOS.RVDyvVz2mzcaqhT6iu,1,access_token,none,synthetic,37,4.777021,0.054054,0.405405,0.027027,1,1,1
LGV1-000993,auth_token,bH#Km6i#7JujjqBuF-VS,1,password,none,synthetic,20,4.021928,0.1,0.35,0.15,1,1,1
LGV1-000994,access_token,nFQtKNu9194fpLIxrhc@,1,password,none,synthetic,20,4.221928,0.2,0.3,0.05,1,1,1
LGV1-000995,NEXT_PUBLIC_APP_NAME,Dashboard,0,frontend_public_value,Next.js,synthetic,9,2.947703,0.0,0.111111,0.0,0,1,1
LGV1-000996,api_key,j_L4mCLrWy@te!a#RqRB,1,database_credential,none,synthetic,20,4.121928,0.05,0.35,0.2,1,1,1
LGV1-000997,config_value,u%LgAzaTlE9fT0@3HQb-,1,password,none,synthetic,20,4.221928,0.15,0.35,0.15,0,1,1
LGV1-000998,client_secret,0_U94@bIQ#ymlGNJeaFV,1,password,none,synthetic,20,4.321928,0.15,0.4,0.15,1,1,1
LGV1-000999,message,API key is required,0,ui_text,none,synthetic,19,3.536887,0.0,0.157895,0.157895,0,0,1
LGV1-001000,data,svc_6syAXvRMdYOPvevgJRysqU2Q96M3,1,api_key,none,synthetic,32,4.35141,0.15625,0.375,0.03125,0,1,1
