sample_id,variable_name,value,label,sample_type,framework,source,length,entropy,digit_ratio,uppercase_ratio,special_ratio,has_sensitive_name,is_compact,has_character_variety
LGV2-000001,service_url,https://app.example.com/dashboard,0,url,none,synthetic_v2,33,3.93061,0.0,0.0,0.181818,0,1,0
LGV2-000002,service_url,https://example.com/api,0,url,none,synthetic_v2,23,3.762267,0.0,0.0,0.217391,0,1,0
LGV2-000003,data,!dFyZtX6fUo5Rsi3%EPR,1,password,none,synthetic_v2,20,4.221928,0.15,0.4,0.1,0,1,1
LGV2-000004,value,riSy7CZSKJN2!bOh5uGV,1,password,none,synthetic_v2,20,4.221928,0.15,0.5,0.05,0,1,1
LGV2-000005,build_id,icSKdrih2DDAkWvo4sMkYYO8N5kK,0,build_id,none,synthetic_v2,28,4.351823,0.142857,0.428571,0.0,0,1,1
LGV2-000006,VITE_CONFIG_VALUE,a4ce0fcd19d83ebfab35dc240a86ed1e,1,client_exposed_secret,Vite,synthetic_v2,32,3.76532,0.4375,0.0,0.0,0,1,1
LGV2-000007,value,nfh@##dSCM23DzePcr9-,1,database_credential,none,synthetic_v2,20,4.221928,0.15,0.25,0.2,0,1,1
LGV2-000008,file_hash,7afee129eb9c5d75dec53c1758926fd3b23ade5861e02ecac6c10834aefe227e,0,sha256,none,synthetic_v2,64,3.830187,0.546875,0.0,0.0,0,1,1
LGV2-000009,public_id,PUB-jSzNRsUkHKPQQUtAtkbp,0,public_identifier,none,synthetic_v2,24,4.053509,0.0,0.583333,0.041667,0,1,1
LGV2-000010,db_password,zhY6_DlPKee1-w8rFK9w,1,database_credential,none,synthetic_v2,20,4.021928,0.2,0.3,0.1,1,1,1
LGV2-000011,environment,LeakGuard,0,normal_config,none,synthetic_v2,9,2.947703,0.0,0.222222,0.0,0,1,1
LGV2-000012,db_password,Gwqqsd@sZQBb9oiAeaDJ,1,database_credential,none,synthetic_v2,20,4.121928,0.05,0.35,0.05,1,1,1
LGV2-000013,result,WJF-R9uH%SnEkqJLYb7e,1,database_credential,none,synthetic_v2,20,4.221928,0.1,0.5,0.1,0,1,1
LGV2-000014,environment,eu-west,0,normal_config,none,synthetic_v2,7,2.521641,0.0,0.0,0.142857,0,1,0
LGV2-000015,VITE_CONFIG_VALUE,client_BRUdo1MIWXJZznAupATPigGLqu,1,client_exposed_secret,Vite,synthetic_v2,33,4.80197,0.030303,0.454545,0.030303,0,1,1
LGV2-000016,service_url,https://docs.example.org,0,url,none,synthetic_v2,24,4.001629,0.0,0.0,0.208333,0,1,0
LGV2-000017,password,summer silver falcon planet,1,password,none,synthetic_v2,27,3.856196,0.0,0.0,0.111111,1,0,0
LGV2-000018,timezone,eu-west,0,normal_config,none,synthetic_v2,7,2.521641,0.0,0.0,0.142857,0,1,0
LGV2-000019,message,Your session has expired,0,ui_text,none,synthetic_v2,24,3.605389,0.0,0.041667,0.125,0,0,1
LGV2-000020,database_password,sample-secret-value,0,documentation_example,none,synthetic_v2,19,3.405822,0.0,0.0,0.105263,1,1,0
LGV2-000021,file_hash,f3b98315ac5bcf480444c81b7de5ebe98d7929da222725129f0d4ff3c060db71,0,sha256,none,synthetic_v2,64,3.920816,0.625,0.0,0.0,0,1,1
LGV2-000022,access_token,4b9ae6fbf3eea29130a35755ade7c55dc06edc06,1,access_token,none,synthetic_v2,40,3.747085,0.525,0.0,0.0,1,1,1
LGV2-000023,access_token,$ACCESS_TOKEN,0,env_reference,none,synthetic_v2,13,3.238901,0.0,0.846154,0.153846,1,1,0
LGV2-000024,message,Your session has expired,0,ui_text,none,synthetic_v2,24,3.605389,0.0,0.041667,0.125,0,0,1
LGV2-000025,user_password,bjzziqhldqHkCZ24cZ!V,1,password,none,synthetic_v2,20,4.021928,0.1,0.25,0.05,1,1,1
LGV2-000026,service_token,env.API_KEY,0,env_reference,none,synthetic_v2,11,3.459432,0.0,0.545455,0.181818,1,1,1
LGV2-000027,api_key,[hidden],0,redacted,none,synthetic_v2,8,2.75,0.0,0.0,0.25,1,1,0
LGV2-000028,setting,Bvs3fpXt3rGP0LlrOIR@,1,database_credential,none,synthetic_v2,20,4.121928,0.15,0.4,0.05,0,1,1
LGV2-000029,result,lgk_knTJDwbIkXEzHTfQDlYl5wEDuqVx,1,api_key,none,synthetic_v2,32,4.366729,0.03125,0.4375,0.03125,0,1,1
LGV2-000030,checksum,a487a790132cef92db5888b88d16b2f6e30a734e,0,checksum,none,synthetic_v2,40,3.870951,0.65,0.0,0.0,0,1,1
LGV2-000031,db_password,sSdo4Uyv6#iN4SSlP02Y,1,database_credential,none,synthetic_v2,20,3.984184,0.25,0.35,0.05,1,1,1
LGV2-000032,database_password,$ACCESS_TOKEN,0,env_reference,none,synthetic_v2,13,3.238901,0.0,0.846154,0.153846,1,1,0
LGV2-000033,file_hash,993fb8cc3edd409e3c091e1b4ee805b6bc254bae489c2fcf584abc2105733ffa,0,sha256,none,synthetic_v2,64,3.853527,0.546875,0.0,0.0,0,1,1
LGV2-000034,public_id,PUB-l1q6gb1RiyPY4hv7ntDp,0,public_identifier,none,synthetic_v2,24,4.418296,0.208333,0.291667,0.041667,0,1,1
LGV2-000035,admin_password,O@xHU98KDT2_@%qL@y!x,1,password,none,synthetic_v2,20,3.984184,0.15,0.35,0.3,1,1,1
LGV2-000036,VITE_API_KEY,05fb85b4830ad8282feb1f5b58337010,1,client_exposed_secret,Vite,synthetic_v2,32,3.465018,0.6875,0.0,0.0,1,1,1
LGV2-000037,NEXT_PUBLIC_APP_NAME,Developer Console,0,frontend_public_value,Next.js,synthetic_v2,17,3.219528,0.0,0.117647,0.058824,0,0,1
LGV2-000038,result,gflUg697zXBmzveu.vMFnSVEhrDcIj8Ej,1,access_token,none,synthetic_v2,33,4.741364,0.121212,0.333333,0.030303,0,1,1
LGV2-000039,app_name,eu-west,0,normal_config,none,synthetic_v2,7,2.521641,0.0,0.0,0.142857,0,1,0
LGV2-000040,api_key,${API_KEY},0,env_reference,none,synthetic_v2,10,3.321928,0.0,0.6,0.4,1,1,0
LGV2-000041,VITE_API_KEY,client_zYpacLYSESMjxXfpkFfRNv7WOd,1,client_exposed_secret,Vite,synthetic_v2,33,4.741364,0.030303,0.393939,0.030303,1,1,1
LGV2-000042,database_password,%4$X4q#ufnkUwVR0KEF_,1,database_credential,none,synthetic_v2,20,4.221928,0.15,0.35,0.2,1,1,1
LGV2-000043,api_key,df4af981c35168f3ea8bb8b0d3b659ba,1,api_key,none,synthetic_v2,32,3.628928,0.53125,0.0,0.0,1,1,1
LGV2-000044,setting,ecdA9FK8KaPbzKB8.660JdeIyTCEqcXS5,1,access_token,none,synthetic_v2,33,4.597276,0.212121,0.424242,0.030303,0,1,1
LGV2-000045,auth_token,${API_KEY},0,env_reference,none,synthetic_v2,10,3.321928,0.0,0.6,0.4,1,1,0
LGV2-000046,api_key,not-configured,0,redacted,none,synthetic_v2,14,3.521641,0.0,0.0,0.071429,1,1,0
LGV2-000047,setting,d42b274f0118cdd39a0231efe381087280a72a51,1,access_token,none,synthetic_v2,40,3.715957,0.7,0.0,0.0,0,1,1
LGV2-000048,request_id,6a429bd5-cd71-82b4-d471-104f1859c5ae,0,uuid,none,synthetic_v2,36,3.850209,0.583333,0.0,0.111111,0,1,1
LGV2-000049,request_id,da55f825-5086-f384-733a-c54f62359144,0,uuid,none,synthetic_v2,36,3.641604,0.694444,0.0,0.111111,0,1,1
LGV2-000050,file_hash,2f99d009a5243b338aa356271892993c19d2a8142303f1fbc38572a5530f6457,0,sha256,none,synthetic_v2,64,3.742789,0.765625,0.0,0.0,0,1,1
LGV2-000051,payload,01rFShohCUrGLArsa68#,1,password,none,synthetic_v2,20,3.984184,0.2,0.35,0.05,0,1,1
LGV2-000052,build_id,7y7dkKS7MeXXqbz7HRIqemmmDof7,0,build_id,none,synthetic_v2,28,4.008622,0.178571,0.321429,0.0,0,1,1
LGV2-000053,client_secret,<redacted>,0,redacted,none,synthetic_v2,10,2.921928,0.0,0.0,0.2,1,1,0
LGV2-000054,VITE_CONFIG_VALUE,client_RDf4Of8To4nZRPjXTk9GHUMPH7,1,client_exposed_secret,Vite,synthetic_v2,33,4.620152,0.151515,0.454545,0.030303,0,1,1
LGV2-000055,service_token,fake-value-for-docs,0,documentation_example,none,synthetic_v2,19,3.576618,0.0,0.0,0.157895,1,1,0
LGV2-000056,password,7E9Nv8BK%C$lk$Q4ZnP4,1,password,none,synthetic_v2,20,4.121928,0.25,0.4,0.15,1,1,1
LGV2-000057,message,Authentication successful,0,ui_text,none,synthetic_v2,25,3.643074,0.0,0.04,0.04,0,0,1
LGV2-000058,password,_RX3b-W2-uo2GELio7dI,1,password,none,synthetic_v2,20,4.021928,0.2,0.35,0.15,1,1,1
LGV2-000059,db_password,<redacted>,0,redacted,none,synthetic_v2,10,2.921928,0.0,0.0,0.2,1,1,0
LGV2-000060,value,3ZtZ8OMk913Q#0RuFwhi,1,password,none,synthetic_v2,20,4.121928,0.3,0.35,0.05,0,1,1
LGV2-000061,database_credential,02$HdQ-0JtAAU2nGOU0Y,1,database_credential,none,synthetic_v2,20,3.784184,0.25,0.5,0.1,1,1,1
LGV2-000062,access_token,748421599e3e9c8fe21da80270815fe85df2fbda,1,access_token,none,synthetic_v2,40,3.756198,0.625,0.0,0.0,1,1,1
LGV2-000063,result,lgk_ZuhciKnPkfJq2WcfhGtx9IkB8Qap,1,api_key,none,synthetic_v2,32,4.66391,0.09375,0.28125,0.03125,0,1,1
LGV2-000064,client_secret,your-api-key-here,0,placeholder,none,synthetic_v2,17,3.29277,0.0,0.0,0.176471,1,1,0
LGV2-000065,result,Pj2Gg6io6xyC3NGm.XzmerBkRt83KPgjD,1,access_token,none,synthetic_v2,33,4.620152,0.181818,0.333333,0.030303,0,1,1
LGV2-000066,setting,lgk_AmObNoiNNGfMKUA8buNpkKOERf8x,1,api_key,none,synthetic_v2,32,4.3125,0.0625,0.46875,0.03125,0,1,1
LGV2-000067,data,lgk_E3aue5diGZCBQEutGWhpJzyXyTEw,1,api_key,none,synthetic_v2,32,4.66391,0.0625,0.40625,0.03125,0,1,1
LGV2-000068,setting,KVhKSrPj7_kpNB1jaYp#,1,database_credential,none,synthetic_v2,20,4.021928,0.1,0.4,0.1,0,1,1
LGV2-000069,admin_password,z4qw#1devU_I0Uq#PLUl,1,password,none,synthetic_v2,20,3.884184,0.15,0.3,0.15,1,1,1
LGV2-000070,NEXT_PUBLIC_APP_NAME,LeakGuard Demo,0,frontend_public_value,Next.js,synthetic_v2,14,3.521641,0.0,0.214286,0.071429,0,0,1
LGV2-000071,auth_token,env.API_KEY,0,env_reference,none,synthetic_v2,11,3.459432,0.0,0.545455,0.181818,1,1,1
LGV2-000072,request_id,db00ab4c-91e5-2e86-eefe-02c34276bfe1,0,uuid,none,synthetic_v2,36,3.842857,0.472222,0.0,0.111111,0,1,1
LGV2-000073,payload,osysJnkfnHF#pcW63-Hg,1,password,none,synthetic_v2,20,4.021928,0.1,0.25,0.1,0,1,1
LGV2-000074,NEXT_PUBLIC_APP_NAME,Security Portal,0,frontend_public_value,Next.js,synthetic_v2,15,3.640224,0.0,0.133333,0.066667,0,0,1
LGV2-000075,private_api_key,lgk_Q0s8fnCME3Eko1AMjYL0XlNQGqkU,1,api_key,none,synthetic_v2,32,4.53891,0.15625,0.4375,0.03125,1,1,1
LGV2-000076,api_key,example-token,0,placeholder,none,synthetic_v2,13,3.334679,0.0,0.0,0.076923,1,1,0
LGV2-000077,setting,lgk_TiX4E1Z3FMARpbsrGn42YAdJXuqR,1,api_key,none,synthetic_v2,32,4.75,0.15625,0.4375,0.03125,0,1,1
LGV2-000078,database_password,example-only-value,0,documentation_example,none,synthetic_v2,18,3.419382,0.0,0.0,0.111111,1,1,0
LGV2-000079,public_id,PUB-bBaOXLjbNTI6fKybVUiD,0,public_identifier,none,synthetic_v2,24,4.220176,0.041667,0.583333,0.041667,0,1,1
LGV2-000080,database_password,${DB_PASSWORD},0,env_reference,none,synthetic_v2,14,3.521641,0.0,0.714286,0.285714,1,1,0
LGV2-000081,public_id,PUB-sch3FDxd4MRxqBvRsX0b,0,public_identifier,none,synthetic_v2,24,4.251629,0.125,0.416667,0.041667,0,1,1
LGV2-000082,database_password,sbDk2GKuVjW@w7E@6s7G,1,database_credential,none,synthetic_v2,20,3.921928,0.2,0.35,0.1,1,1,1
LGV2-000083,auth_token,${API_KEY},0,env_reference,none,synthetic_v2,10,3.321928,0.0,0.6,0.4,1,1,0
LGV2-000084,password,os.getenv(API_KEY),0,env_reference,none,synthetic_v2,18,4.058814,0.0,0.333333,0.222222,1,1,1
LGV2-000085,VITE_API_KEY,01bafe8e45ed9bf72e9bd849004b9f0f,1,client_exposed_secret,Vite,synthetic_v2,32,3.47641,0.53125,0.0,0.0,1,1,1
LGV2-000086,NEXT_PUBLIC_RUNTIME_VALUE,client_6vXrj3Zoragyoy8gY7hlHU4tL0,1,client_exposed_secret,Next.js,synthetic_v2,33,4.680758,0.181818,0.181818,0.030303,0,1,1
LGV2-000087,NEXT_PUBLIC_RUNTIME_VALUE,client_RuAmmDahr6dP0c7WOSw0j0C7Ie,1,client_exposed_secret,Next.js,synthetic_v2,33,4.657882,0.181818,0.272727,0.030303,0,1,1
LGV2-000088,x,4d1c5530b72d23fede409ff84ab3ff64744723c9,1,access_token,none,synthetic_v2,40,3.787326,0.625,0.0,0.0,0,1,1
LGV2-000089,build_id,633dv2fu75wmVj9nt1exN6uL51CE,0,build_id,none,synthetic_v2,28,4.450212,0.392857,0.178571,0.0,0,1,1
LGV2-000090,access_token,fake-value-for-docs,0,documentation_example,none,synthetic_v2,19,3.576618,0.0,0.0,0.157895,1,1,0
LGV2-000091,api_key,lgk_sXwMKiGgz0TYguJPeYtIDzLApNpJ,1,api_key,none,synthetic_v2,32,4.60141,0.03125,0.46875,0.03125,1,1,1
LGV2-000092,region,eu-west,0,normal_config,none,synthetic_v2,7,2.521641,0.0,0.0,0.142857,0,1,0
LGV2-000093,x,2f26146425672de9567d5799e68f2bcc,1,api_key,none,synthetic_v2,32,3.516127,0.71875,0.0,0.0,0,1,1
LGV2-000094,VITE_API_KEY,client_Xh2H3x9exT8QzLgvtuikU8BYO9,1,client_exposed_secret,Vite,synthetic_v2,33,4.680758,0.181818,0.272727,0.030303,1,1,1
LGV2-000095,public_id,PUB-bqSE3ZyWIXgBSLN4w8RF,0,public_identifier,none,synthetic_v2,24,4.418296,0.125,0.625,0.041667,0,1,1
LGV2-000096,db_password,cnswnp7YYV!iZ_Zkv4b%,1,database_credential,none,synthetic_v2,20,4.021928,0.1,0.25,0.15,1,1,1
LGV2-000097,value,3eaUaVZv36NejLO9.3DO3vYQgNhdTim6V,1,access_token,none,synthetic_v2,33,4.377727,0.212121,0.393939,0.030303,0,1,1
LGV2-000098,NEXT_PUBLIC_ACCESS_TOKEN,client_IToGJ1QZwez3VcBbD6e3uKBKzT,1,client_exposed_secret,Next.js,synthetic_v2,33,4.53667,0.121212,0.393939,0.030303,1,1,1
LGV2-000099,database_password,fake-value-for-docs,0,documentation_example,none,synthetic_v2,19,3.576618,0.0,0.0,0.157895,1,1,0
LGV2-000100,data,xR1Nzr$bQEJVs1Ufe$i@,1,database_credential,none,synthetic_v2,20,4.121928,0.1,0.35,0.15,0,1,1
LGV2-000101,data,k_b9YE5ebNPzsxg9ueXs,1,database_credential,none,synthetic_v2,20,3.921928,0.15,0.25,0.05,0,1,1
LGV2-000102,auth_token,documentation-token,0,documentation_example,none,synthetic_v2,19,3.391893,0.0,0.0,0.052632,1,1,0
LGV2-000103,runtime_value,xCPW-Y#Yn-F1H4NQNWl2,1,database_credential,none,synthetic_v2,20,3.921928,0.15,0.55,0.15,0,1,1
LGV2-000104,database_password,h$6ovu1WI4nx9XD916fq,1,database_credential,none,synthetic_v2,20,4.021928,0.35,0.2,0.05,1,1,1
LGV2-000105,message,Enter your access token,0,ui_text,none,synthetic_v2,23,3.588354,0.0,0.043478,0.130435,0,0,1
LGV2-000106,result,yuClGULr8XgotFvd.KH5HLG27BsuyuWl9,1,access_token,none,synthetic_v2,33,4.597276,0.151515,0.393939,0.030303,0,1,1
LGV2-000107,setting,pNjUGlprXh3qSpQ0.BmETYZgSUGNlm2LO,1,access_token,none,synthetic_v2,33,4.53667,0.090909,0.515152,0.030303,0,1,1
LGV2-000108,message,Enter your access token,0,ui_text,none,synthetic_v2,23,3.588354,0.0,0.043478,0.130435,0,0,1
LGV2-000109,VITE_API_KEY,b87f6e3490cacaead49a6fa5ca9f7ac8,1,client_exposed_secret,Vite,synthetic_v2,32,3.526211,0.4375,0.0,0.0,1,1,1
LGV2-000110,service_url,https://app.example.com/dashboard,0,url,none,synthetic_v2,33,3.93061,0.0,0.0,0.181818,0,1,0
LGV2-000111,VITE_CONFIG_VALUE,7f1b048e4875032cc26d5d89c9d23b48,1,client_exposed_secret,Vite,synthetic_v2,32,3.780639,0.6875,0.0,0.0,0,1,1
LGV2-000112,public_id,PUB-L4hjgCijUesXvSuLpTEB,0,public_identifier,none,synthetic_v2,24,4.251629,0.041667,0.5,0.041667,0,1,1
LGV2-000113,public_id,PUB-PcC9BzmRtMXmToKAwatP,0,public_identifier,none,synthetic_v2,24,4.136842,0.041667,0.541667,0.041667,0,1,1
LGV2-000114,setting,%Tsy9L1NQ#9vTmi$uNfb,1,database_credential,none,synthetic_v2,20,4.021928,0.15,0.3,0.15,0,1,1
LGV2-000115,db_password,oIo!S4!10Ik_$yKB2T43,1,database_credential,none,synthetic_v2,20,3.921928,0.3,0.3,0.2,1,1,1
LGV2-000116,api_key,665b0248bb572306695036fb5e35bcd6,1,api_key,none,synthetic_v2,32,3.430037,0.71875,0.0,0.0,1,1,1
LGV2-000117,service_token,wIrMIkuTssKr82G5.R0gi9WYA6dr3PiS3,1,access_token,none,synthetic_v2,33,4.657882,0.242424,0.363636,0.030303,1,1,1
LGV2-000118,VITE_CONFIG_VALUE,779a32011d1b70d870432cce7409aeae,1,client_exposed_secret,Vite,synthetic_v2,32,3.566428,0.65625,0.0,0.0,0,1,1
LGV2-000119,value,a63b4ac0916cdab473c0ea497fe4941a938f6f9c,1,access_token,none,synthetic_v2,40,3.644588,0.575,0.0,0.0,0,1,1
LGV2-000120,service_token,27cc4306d435f132f40ddb1d7fcb3d48f729d860,1,access_token,none,synthetic_v2,40,3.658695,0.625,0.0,0.0,1,1,1
LGV2-000121,data,lgk_qfRR6ulIWvU7El68vyk9Kkz8Lo3S,1,api_key,none,synthetic_v2,32,4.45282,0.21875,0.28125,0.03125,0,1,1
LGV2-000122,checksum,d42469fa2c20d8d5e465c9f199fe700489f39d5f,0,checksum,none,synthetic_v2,40,3.687326,0.65,0.0,0.0,0,1,1
LGV2-000123,checksum,08a14750444f1169bd5d5545b350f69cb8a00a0f,0,checksum,none,synthetic_v2,40,3.58071,0.7,0.0,0.0,0,1,1
LGV2-000124,user_password,6l$8!C5m8oRUMQ6RgUbA,1,password,none,synthetic_v2,20,3.921928,0.25,0.4,0.1,1,1,1
LGV2-000125,access_token,***REDACTED***,0,redacted,none,synthetic_v2,14,2.4138,0.0,0.571429,0.428571,1,1,0
LGV2-000126,timezone,LeakGuard,0,normal_config,none,synthetic_v2,9,2.947703,0.0,0.222222,0.0,0,1,1
LGV2-000127,request_id,d17b6fc6-e66e-b0e2-88fd-5890a479dce2,0,uuid,none,synthetic_v2,36,3.850209,0.5,0.0,0.111111,0,1,1
LGV2-000128,public_id,PUB-z81U1iphKVG7hHQ1L8X7,0,public_identifier,none,synthetic_v2,24,4.053509,0.291667,0.458333,0.041667,0,1,1
LGV2-000129,VITE_APP_TITLE,Security Portal,0,frontend_public_value,Vite,synthetic_v2,15,3.640224,0.0,0.133333,0.066667,0,0,1
LGV2-000130,runtime_value,coffee garden bridge bridge,1,password,none,synthetic_v2,27,3.398251,0.0,0.0,0.111111,0,0,0
LGV2-000131,message,Please enter your password,0,ui_text,none,synthetic_v2,26,3.69026,0.0,0.038462,0.115385,0,0,1
LGV2-000132,VITE_APP_TITLE,Developer Console,0,frontend_public_value,Vite,synthetic_v2,17,3.219528,0.0,0.117647,0.058824,0,0,1
LGV2-000133,api_key,your-api-key-here,0,placeholder,none,synthetic_v2,17,3.29277,0.0,0.0,0.176471,1,1,0
LGV2-000134,message,Please enter your password,0,ui_text,none,synthetic_v2,26,3.69026,0.0,0.038462,0.115385,0,0,1
LGV2-000135,request_id,bf8ff33e-ee15-95cf-35a3-7765bfacc63e,0,uuid,none,synthetic_v2,36,3.503976,0.444444,0.0,0.111111,0,1,1
LGV2-000136,auth_token,example-only-value,0,documentation_example,none,synthetic_v2,18,3.419382,0.0,0.0,0.111111,1,1,0
LGV2-000137,user_password,garden winter coffee mountain,1,password,none,synthetic_v2,29,3.728502,0.0,0.0,0.103448,1,0,0
LGV2-000138,client_secret,demo-credential,0,documentation_example,none,synthetic_v2,15,3.456565,0.0,0.0,0.066667,1,1,0
LGV2-000139,client_secret,your-api-key-here,0,placeholder,none,synthetic_v2,17,3.29277,0.0,0.0,0.176471,1,1,0
LGV2-000140,private_api_key,8cb37f0a72e9d34119f3374cebd4d3fd,1,api_key,none,synthetic_v2,32,3.628928,0.5625,0.0,0.0,1,1,1
LGV2-000141,auth_token,gB9xO51DTjBlUH9P.rNZ6IXEDB0ULru2p,1,access_token,none,synthetic_v2,33,4.657882,0.212121,0.515152,0.030303,1,1,1
LGV2-000142,client_secret,demo-credential,0,documentation_example,none,synthetic_v2,15,3.456565,0.0,0.0,0.066667,1,1,0
LGV2-000143,region,production,0,normal_config,none,synthetic_v2,10,3.121928,0.0,0.0,0.0,0,1,0
LGV2-000144,api_key,replace-me,0,placeholder,none,synthetic_v2,10,2.846439,0.0,0.0,0.1,1,1,0
LGV2-000145,checksum,7ab373cbb0f8ca0af987069323ff516a7812b6c9,0,checksum,none,synthetic_v2,40,3.627567,0.625,0.0,0.0,0,1,1
LGV2-000146,data,MNdCUU9fBB3LbAoi.i3sHP85gvuq83k04,1,access_token,none,synthetic_v2,33,4.657882,0.272727,0.333333,0.030303,0,1,1
LGV2-000147,data,a5h6%iT_JFuo7wFW6Kfr,1,password,none,synthetic_v2,20,4.121928,0.2,0.3,0.1,0,1,1
LGV2-000148,auth_token,xqLsD2hEd3OLL8Ne.E4mGh3RyHtAd32ji,1,access_token,none,synthetic_v2,33,4.513795,0.212121,0.363636,0.030303,1,1,1
LGV2-000149,value,942e853f791ca5feb99cd79a67e44121,1,api_key,none,synthetic_v2,32,3.730338,0.65625,0.0,0.0,0,1,1
LGV2-000150,auth_token,replace-me,0,placeholder,none,synthetic_v2,10,2.846439,0.0,0.0,0.1,1,1,0
LGV2-000151,public_id,PUB-WESiUlUXL607Gfj5aLLx,0,public_identifier,none,synthetic_v2,24,4.188722,0.166667,0.541667,0.041667,0,1,1
LGV2-000152,NEXT_PUBLIC_ACCESS_TOKEN,client_DKpSotR02fP2PWcfzyyJEdOaSk,1,client_exposed_secret,Next.js,synthetic_v2,33,4.620152,0.090909,0.333333,0.030303,1,1,1
LGV2-000153,message,Authentication successful,0,ui_text,none,synthetic_v2,25,3.643074,0.0,0.04,0.04,0,0,1
LGV2-000154,build_id,18H2ITJSWZhAD6eh0i7bEwtSxi0C,0,build_id,none,synthetic_v2,28,4.521641,0.25,0.428571,0.0,0,1,1
LGV2-000155,message,Authentication successful,0,ui_text,none,synthetic_v2,25,3.643074,0.0,0.04,0.04,0,0,1
LGV2-000156,service_api_key,29ed2f94497d91213dd3e8b8203e55c1,1,api_key,none,synthetic_v2,32,3.616729,0.6875,0.0,0.0,1,1,1
LGV2-000157,password,<redacted>,0,redacted,none,synthetic_v2,10,2.921928,0.0,0.0,0.2,1,1,0
LGV2-000158,public_id,PUB-JrfVmU16e55iHtdnopLW,0,public_identifier,none,synthetic_v2,24,4.418296,0.166667,0.375,0.041667,0,1,1
LGV2-000159,user_password,#Q!M#ZS66taW5Iy9y-PK,1,password,none,synthetic_v2,20,4.021928,0.2,0.4,0.2,1,1,1
LGV2-000160,x,j3zsGc0gBrsdpCnR.q1gzEIg7j5DVYFQG,1,access_token,none,synthetic_v2,33,4.657882,0.151515,0.363636,0.030303,0,1,1
LGV2-000161,region,eu-west,0,normal_config,none,synthetic_v2,7,2.521641,0.0,0.0,0.142857,0,1,0
LGV2-000162,checksum,630cf48a60fc59876ffdd5f1b32af947f6df095a,0,checksum,none,synthetic_v2,40,3.677567,0.575,0.0,0.0,0,1,1
LGV2-000163,environment,INFO,0,normal_config,none,synthetic_v2,4,2.0,0.0,1.0,0.0,0,1,0
LGV2-000164,value,!9S_pLWxeH1wM@RED!9Y,1,password,none,synthetic_v2,20,4.121928,0.15,0.45,0.2,0,1,1
LGV2-000165,region,UTC,0,normal_config,none,synthetic_v2,3,1.584963,0.0,1.0,0.0,0,1,0
LGV2-000166,NEXT_PUBLIC_RUNTIME_VALUE,client_2mPNVbv1R25u5Tk5LU8xHa8QzA,1,client_exposed_secret,Next.js,synthetic_v2,33,4.779094,0.242424,0.30303,0.030303,0,1,1
LGV2-000167,NEXT_PUBLIC_ACCESS_TOKEN,client_YvZJNSRTdky9OaZf0jE7MBfeqo,1,client_exposed_secret,Next.js,synthetic_v2,33,4.862576,0.090909,0.363636,0.030303,1,1,1
LGV2-000168,message,Please enter your password,0,ui_text,none,synthetic_v2,26,3.69026,0.0,0.038462,0.115385,0,0,1
LGV2-000169,access_token,yNsDO9j3kOZ7vAON.Kz26efkvouuPsTrM,1,access_token,none,synthetic_v2,33,4.597276,0.151515,0.363636,0.030303,1,1,1
LGV2-000170,admin_password,HUg1@xAVPM!I29EUxHR8,1,password,none,synthetic_v2,20,4.021928,0.2,0.55,0.1,1,1,1
LGV2-000171,db_password,change-this-value,0,placeholder,none,synthetic_v2,17,3.616875,0.0,0.0,0.117647,1,1,0
LGV2-000172,checksum,9f044d19965f03b21df9eacf44eee4a2dc7ca1e8,0,checksum,none,synthetic_v2,40,3.765957,0.525,0.0,0.0,0,1,1
LGV2-000173,admin_password,x3L#vN582k2pkPkP4LLn,1,password,none,synthetic_v2,20,3.646439,0.3,0.3,0.05,1,1,1
LGV2-000174,service_url,https://localhost:8000,0,url,none,synthetic_v2,22,3.481715,0.181818,0.0,0.181818,0,1,1
LGV2-000175,db_password,$5FmDB0k5ciMq#0diI09,1,database_credential,none,synthetic_v2,20,3.884184,0.3,0.25,0.1,1,1,1
LGV2-000176,password,${DB_PASSWORD},0,env_reference,none,synthetic_v2,14,3.521641,0.0,0.714286,0.285714,1,1,0
LGV2-000177,access_token,g0l3c2sxZRuBVhg2.W4ca2iQPkvw5C9Nr,1,access_token,none,synthetic_v2,33,4.779094,0.242424,0.272727,0.030303,1,1,1
LGV2-000178,db_password,process.env.API_KEY,0,env_reference,none,synthetic_v2,19,3.932138,0.0,0.315789,0.157895,1,1,1
LGV2-000179,x,lgk_2ergJIriYg7VRBnc5QKdahvNUrsB,1,api_key,none,synthetic_v2,32,4.64032,0.09375,0.34375,0.03125,0,1,1
LGV2-000180,checksum,757bba0c274f6169d2ac5d499cf18d55c3e2b3c0,0,checksum,none,synthetic_v2,40,3.887326,0.6,0.0,0.0,0,1,1
LGV2-000181,access_token,4HUYrm2RbSRINqRJ.4Da8BPR8Pd28uB2A,1,access_token,none,synthetic_v2,33,4.331977,0.242424,0.515152,0.030303,1,1,1
LGV2-000182,config_value,I_Jf4zwyk0w#NJQSR2pa,1,password,none,synthetic_v2,20,4.121928,0.15,0.35,0.1,0,1,1
LGV2-000183,password,your-password-here,0,placeholder,none,synthetic_v2,18,3.46132,0.0,0.0,0.111111,1,1,0
LGV2-000184,result,VVXc!#ayz81YNbt_KZ2!,1,database_credential,none,synthetic_v2,20,4.121928,0.15,0.35,0.2,0,1,1
LGV2-000185,service_url,https://example.com/api,0,url,none,synthetic_v2,23,3.762267,0.0,0.0,0.217391,0,1,0
LGV2-000186,auth_token,replace-me,0,placeholder,none,synthetic_v2,10,2.846439,0.0,0.0,0.1,1,1,0
LGV2-000187,service_token,${DB_PASSWORD},0,env_reference,none,synthetic_v2,14,3.521641,0.0,0.714286,0.285714,1,1,0
LGV2-000188,database_password,not-configured,0,redacted,none,synthetic_v2,14,3.521641,0.0,0.0,0.071429,1,1,0
LGV2-000189,config_value,0d47b8cc45da913cab710d5535495edf,1,api_key,none,synthetic_v2,32,3.652518,0.59375,0.0,0.0,0,1,1
LGV2-000190,checksum,20fc9ce7f8bef4eb7495c85b0d941ed7c4b6cdde,0,checksum,none,synthetic_v2,40,3.63483,0.475,0.0,0.0,0,1,1
LGV2-000191,NEXT_PUBLIC_RUNTIME_VALUE,cd419af4f38e48c712c858467e577343,1,client_exposed_secret,Next.js,synthetic_v2,32,3.590018,0.71875,0.0,0.0,0,1,1
LGV2-000192,log_level,LeakGuard,0,normal_config,none,synthetic_v2,9,2.947703,0.0,0.222222,0.0,0,1,1
LGV2-000193,x,!IfYM#D!ApKqdebFWZ8u,1,database_credential,none,synthetic_v2,20,4.221928,0.05,0.45,0.15,0,1,1
LGV2-000194,client_secret,example-only-value,0,documentation_example,none,synthetic_v2,18,3.419382,0.0,0.0,0.111111,1,1,0
LGV2-000195,password,not-configured,0,redacted,none,synthetic_v2,14,3.521641,0.0,0.0,0.071429,1,1,0
LGV2-000196,NEXT_PUBLIC_ACCESS_TOKEN,7515f29bd07633b7e681634ff5511b96,1,client_exposed_secret,Next.js,synthetic_v2,32,3.593139,0.75,0.0,0.0,1,1,1
LGV2-000197,api_key,lgk_XOGyUl4bN2xXNpuUeQ9I0ymHRFXJ,1,api_key,none,synthetic_v2,32,4.60141,0.125,0.46875,0.03125,1,1,1
LGV2-000198,VITE_API_KEY,client_n12ujfTp9wzGdRtq0lb8z2CJVJ,1,client_exposed_secret,Vite,synthetic_v2,33,4.680758,0.181818,0.212121,0.030303,1,1,1
LGV2-000199,log_level,LeakGuard,0,normal_config,none,synthetic_v2,9,2.947703,0.0,0.222222,0.0,0,1,1
LGV2-000200,NEXT_PUBLIC_ACCESS_TOKEN,e01fcd3fe22a4248ac9ed336de7daecd,1,client_exposed_secret,Next.js,synthetic_v2,32,3.555037,0.4375,0.0,0.0,1,1,1
LGV2-000201,access_token,[hidden],0,redacted,none,synthetic_v2,8,2.75,0.0,0.0,0.25,1,1,0
LGV2-000202,public_id,PUB-dZvj0Tn2U7ZoSVd73Xl2,0,public_identifier,none,synthetic_v2,24,4.168296,0.25,0.416667,0.041667,0,1,1
LGV2-000203,checksum,bb9959fe94449c87069408bcf5b4abcf5f5fc02a,0,checksum,none,synthetic_v2,40,3.444588,0.575,0.0,0.0,0,1,1
LGV2-000204,service_url,https://localhost:8000,0,url,none,synthetic_v2,22,3.481715,0.181818,0.0,0.181818,0,1,1
LGV2-000205,payload,7pm_18%ae5RrV@aRokOr,1,database_credential,none,synthetic_v2,20,4.021928,0.2,0.2,0.15,0,1,1
LGV2-000206,setting,B@zipV5bBQDbjsFP7VOO,1,database_credential,none,synthetic_v2,20,3.921928,0.1,0.5,0.05,0,1,1
LGV2-000207,access_token,not-configured,0,redacted,none,synthetic_v2,14,3.521641,0.0,0.0,0.071429,1,1,0
LGV2-000208,VITE_CONFIG_VALUE,03be3403a1e261de371e7a219b8f96c5,1,client_exposed_secret,Vite,synthetic_v2,32,3.8125,0.65625,0.0,0.0,0,1,1
LGV2-000209,file_hash,83efb1718dea0c6a207d2765a9230fd0a873f7a1a72e3e3211ca241e19d23119,0,sha256,none,synthetic_v2,64,3.738654,0.65625,0.0,0.0,0,1,1
LGV2-000210,setting,h7PQ8QJULt7Tn5EP.cxkzmwedc12Zqyl0,1,access_token,none,synthetic_v2,33,4.80197,0.212121,0.30303,0.030303,0,1,1
LGV2-000211,client_secret,your-password-here,0,placeholder,none,synthetic_v2,18,3.46132,0.0,0.0,0.111111,1,1,0
LGV2-000212,database_password,<redacted>,0,redacted,none,synthetic_v2,10,2.921928,0.0,0.0,0.2,1,1,0
LGV2-000213,request_id,80785391-9bdd-8ac3-9c4d-8e2c4169de84,0,uuid,none,synthetic_v2,36,3.749941,0.583333,0.0,0.111111,0,1,1
LGV2-000214,service_url,https://app.example.com/dashboard,0,url,none,synthetic_v2,33,3.93061,0.0,0.0,0.181818,0,1,0
LGV2-000215,request_id,f0a4be8a-3fab-0c74-bbbb-cccc8d8e352b,0,uuid,none,synthetic_v2,36,3.5374,0.333333,0.0,0.111111,0,1,1
LGV2-000216,auth_token,process.env.API_KEY,0,env_reference,none,synthetic_v2,19,3.932138,0.0,0.315789,0.157895,1,1,1
LGV2-000217,setting,Pwlb3x2DXQwUBnNJ.468myxl7VamCxHma,1,access_token,none,synthetic_v2,33,4.574401,0.181818,0.333333,0.030303,0,1,1
LGV2-000218,database_password,change-this-value,0,placeholder,none,synthetic_v2,17,3.616875,0.0,0.0,0.117647,1,1,0
LGV2-000219,request_id,7688f76e-a504-ee5a-b98b-94597d35de60,0,uuid,none,synthetic_v2,36,3.69716,0.583333,0.0,0.111111,0,1,1
LGV2-000220,NEXT_PUBLIC_RUNTIME_VALUE,042abe65ae7eba688043ddcf11b0d1af,1,client_exposed_secret,Next.js,synthetic_v2,32,3.757049,0.5,0.0,0.0,0,1,1
LGV2-000221,password,change-this-value,0,placeholder,none,synthetic_v2,17,3.616875,0.0,0.0,0.117647,1,1,0
LGV2-000222,runtime_value,Kq85UbTMFBTW8izn.QCtISRtvoKZ4G8Aj,1,access_token,none,synthetic_v2,33,4.718488,0.151515,0.515152,0.030303,0,1,1
LGV2-000223,VITE_APP_TITLE,Developer Console,0,frontend_public_value,Vite,synthetic_v2,17,3.219528,0.0,0.117647,0.058824,0,0,1
LGV2-000224,database_password,your-api-key-here,0,placeholder,none,synthetic_v2,17,3.29277,0.0,0.0,0.176471,1,1,0
LGV2-000225,setting,4r%$RJU9bR-@K2R1J5Mv,1,database_credential,none,synthetic_v2,20,3.984184,0.25,0.4,0.2,0,1,1
LGV2-000226,private_api_key,lgk_gRV5IfLBcbfnoGMbJmTPSIAoCLrZ,1,api_key,none,synthetic_v2,32,4.625,0.03125,0.5,0.03125,1,1,1
LGV2-000227,runtime_value,QICiKFSuH6wMIGnS.gQ0cpcmjt21n9iMJ,1,access_token,none,synthetic_v2,33,4.620152,0.151515,0.424242,0.030303,0,1,1
LGV2-000228,user_password,#cETFYM!JWTuN_0QhrS!,1,password,none,synthetic_v2,20,4.121928,0.05,0.55,0.2,1,1,1
LGV2-000229,data,yj3K8cujNfG0X2QV.Dy5QJpUgzdJ3lTC9,1,access_token,none,synthetic_v2,33,4.741364,0.212121,0.393939,0.030303,0,1,1
LGV2-000230,result,Y-2xcYyYmKRjK4Y_8MSu,1,database_credential,none,synthetic_v2,20,3.821928,0.15,0.45,0.1,0,1,1
LGV2-000231,auth_token,jivfEKVdJzqfzGBX.SiWiEJmFzPKmJNVH,1,access_token,none,synthetic_v2,33,4.309101,0.0,0.545455,0.030303,1,1,1
LGV2-000232,config_value,Y5k8A0htXu4tnTZd.CKAoQXDog96R5bbI,1,access_token,none,synthetic_v2,33,4.680758,0.212121,0.393939,0.030303,0,1,1
LGV2-000233,public_id,PUB-JPhPJfm9NIKWd9KHmWEG,0,public_identifier,none,synthetic_v2,24,3.970176,0.083333,0.666667,0.041667,0,1,1
LGV2-000234,service_url,https://example.com/api,0,url,none,synthetic_v2,23,3.762267,0.0,0.0,0.217391,0,1,0
LGV2-000235,service_token,your-password-here,0,placeholder,none,synthetic_v2,18,3.46132,0.0,0.0,0.111111,1,1,0
LGV2-000236,db_password,documentation-token,0,documentation_example,none,synthetic_v2,19,3.391893,0.0,0.0,0.052632,1,1,0
LGV2-000237,client_secret,demo-credential,0,documentation_example,none,synthetic_v2,15,3.456565,0.0,0.0,0.066667,1,1,0
LGV2-000238,file_hash,1ad4044bf0012c7ad81e5648f55a8012f558e724d2cb0f21b123b05e32a5d21b,0,sha256,none,synthetic_v2,64,3.737704,0.65625,0.0,0.0,0,1,1
LGV2-000239,api_key,05eb64de62343cbda4782790966c917f,1,api_key,none,synthetic_v2,32,3.866729,0.6875,0.0,0.0,1,1,1
LGV2-000240,api_key,removed-for-security,0,redacted,none,synthetic_v2,20,3.646439,0.0,0.0,0.1,1,1,0
LGV2-000241,password,${DB_PASSWORD},0,env_reference,none,synthetic_v2,14,3.521641,0.0,0.714286,0.285714,1,1,0
LGV2-000242,auth_token,a2e0b6997ebf6740d07b0a0c9367df148217dbe2,1,access_token,none,synthetic_v2,40,3.747085,0.625,0.0,0.0,1,1,1
LGV2-000243,data,E0r1kk1bMglshIVz.keQWaRrjCwlnTc5R,1,access_token,none,synthetic_v2,33,4.657882,0.121212,0.30303,0.030303,0,1,1
LGV2-000244,request_id,ef252aa8-44a9-844f-a10e-193140686515,0,uuid,none,synthetic_v2,36,3.583275,0.666667,0.0,0.111111,0,1,1
LGV2-000245,db_password,TjEz6_HOjEB@yCxRIAw8,1,database_credential,none,synthetic_v2,20,4.121928,0.1,0.5,0.1,1,1,1
LGV2-000246,api_key,not-configured,0,redacted,none,synthetic_v2,14,3.521641,0.0,0.0,0.071429,1,1,0
LGV2-000247,admin_password,NMc2dj5oCqsqDqq@pYAk,1,password,none,synthetic_v2,20,3.921928,0.1,0.3,0.05,1,1,1
LGV2-000248,password,removed-for-security,0,redacted,none,synthetic_v2,20,3.646439,0.0,0.0,0.1,1,1,0
LGV2-000249,service_token,9b364f73bb387d080589ab054c24026cdea5b9a2,1,access_token,none,synthetic_v2,40,3.799582,0.65,0.0,0.0,1,1,1
LGV2-000250,database_credential,LZB#dCY7e$CH#!8urtU1,1,database_credential,none,synthetic_v2,20,4.121928,0.15,0.4,0.2,1,1,1
LGV2-000251,api_key,lgk_1ffBgVVxZiJdL9JJvQhAw3Q8WB36,1,api_key,none,synthetic_v2,32,4.47641,0.1875,0.40625,0.03125,1,1,1
LGV2-000252,log_level,eu-west,0,normal_config,none,synthetic_v2,7,2.521641,0.0,0.0,0.142857,0,1,0
LGV2-000253,build_id,cutJXT2CnNAgaRiL3RXb7GCeGlDr,0,build_id,none,synthetic_v2,28,4.521641,0.107143,0.5,0.0,0,1,1
LGV2-000254,value,a9e3aa6365b6df37dea10843921b5ec3f14f08b4,1,access_token,none,synthetic_v2,40,3.868454,0.6,0.0,0.0,0,1,1
LGV2-000255,NEXT_PUBLIC_ACCESS_TOKEN,client_92BN6P2rvrrZgqPLzDXRVpURLX,1,client_exposed_secret,Next.js,synthetic_v2,33,4.597276,0.121212,0.424242,0.030303,1,1,1
LGV2-000256,access_token,process.env.API_KEY,0,env_reference,none,synthetic_v2,19,3.932138,0.0,0.315789,0.157895,1,1,1
LGV2-000257,build_id,viruPYWcHYAP0sWbo2UvvpnId66Q,0,build_id,none,synthetic_v2,28,4.351823,0.142857,0.392857,0.0,0,1,1
LGV2-000258,runtime_value,SV2n5GForwK9G7tf3$Ca,1,database_credential,none,synthetic_v2,20,4.221928,0.25,0.35,0.05,0,1,1
LGV2-000259,result,lgk_BTBMqFbnhJavmQZ3XmMzk0Z68C7q,1,api_key,none,synthetic_v2,32,4.625,0.15625,0.375,0.03125,0,1,1
LGV2-000260,auth_token,removed-for-security,0,redacted,none,synthetic_v2,20,3.646439,0.0,0.0,0.1,1,1,0
LGV2-000261,checksum,c2622c84abc4c392a7e17480f7777e640970fed6,0,checksum,none,synthetic_v2,40,3.674024,0.675,0.0,0.0,0,1,1
LGV2-000262,build_id,NxSR9SRzZtfiiamh0bSm2bnEPjPp,0,build_id,none,synthetic_v2,28,4.280395,0.107143,0.357143,0.0,0,1,1
LGV2-000263,service_token,replace-me,0,placeholder,none,synthetic_v2,10,2.846439,0.0,0.0,0.1,1,1,0
LGV2-000264,database_credential,nECK4GKLs-ueXbhA5$TG,1,database_credential,none,synthetic_v2,20,4.121928,0.1,0.5,0.1,1,1,1
LGV2-000265,database_password,***REDACTED***,0,redacted,none,synthetic_v2,14,2.4138,0.0,0.571429,0.428571,1,1,0
LGV2-000266,NEXT_PUBLIC_RUNTIME_VALUE,client_rvvAefq7cSV2UsiHIA8Vc1xObX,1,client_exposed_secret,Next.js,synthetic_v2,33,4.597276,0.121212,0.30303,0.030303,0,1,1
LGV2-000267,NEXT_PUBLIC_RUNTIME_VALUE,d579f2d0d2241b8c8ea9a9ffc4fa2fa2,1,client_exposed_secret,Next.js,synthetic_v2,32,3.539717,0.5,0.0,0.0,0,1,1
LGV2-000268,user_password,kCm77b$6zq-6T5lQwNN7,1,password,none,synthetic_v2,20,3.884184,0.3,0.25,0.1,1,1,1
LGV2-000269,timezone,INFO,0,normal_config,none,synthetic_v2,4,2.0,0.0,1.0,0.0,0,1,0
LGV2-000270,database_password,not-configured,0,redacted,none,synthetic_v2,14,3.521641,0.0,0.0,0.071429,1,1,0
LGV2-000271,admin_password,Aar-w5QFIU0P6kRa4c8b,1,password,none,synthetic_v2,20,4.221928,0.25,0.35,0.05,1,1,1
LGV2-000272,NEXT_PUBLIC_ACCESS_TOKEN,client_17Kc03bfc8PXKqPnXKANObF4OI,1,client_exposed_secret,Next.js,synthetic_v2,33,4.453189,0.181818,0.393939,0.030303,1,1,1
LGV2-000273,setting,qiKAa0_vU_Vo$BUwn7tL,1,password,none,synthetic_v2,20,4.121928,0.1,0.35,0.15,0,1,1
LGV2-000274,password,-pCGvU#ng6BDcgqWe!Zf,1,password,none,synthetic_v2,20,4.221928,0.05,0.35,0.15,1,1,1
LGV2-000275,region,INFO,0,normal_config,none,synthetic_v2,4,2.0,0.0,1.0,0.0,0,1,0
LGV2-000276,database_password,your-api-key-here,0,placeholder,none,synthetic_v2,17,3.29277,0.0,0.0,0.176471,1,1,0
LGV2-000277,database_credential,t-kk21tAZUPj-$JN-8-k,1,database_credential,none,synthetic_v2,20,3.584184,0.15,0.3,0.25,1,1,1
LGV2-000278,file_hash,71043ad7526b018131928ac854e34a4de37ff8af72892b7622f1606ec6f3a6a9,0,sha256,none,synthetic_v2,64,3.893091,0.6875,0.0,0.0,0,1,1
LGV2-000279,database_password,your-api-key-here,0,placeholder,none,synthetic_v2,17,3.29277,0.0,0.0,0.176471,1,1,0
LGV2-000280,file_hash,913948e630f50327e880f2462cc01fded501289f680867e01df719b2bef5bb4a,0,sha256,none,synthetic_v2,64,3.886338,0.671875,0.0,0.0,0,1,1
LGV2-000281,checksum,c9d932320d3f3e19d67ec36f3bedc0b79889d70d,0,checksum,none,synthetic_v2,40,3.53071,0.6,0.0,0.0,0,1,1
LGV2-000282,message,Authentication successful,0,ui_text,none,synthetic_v2,25,3.643074,0.0,0.04,0.04,0,0,1
LGV2-000283,password,fake-value-for-docs,0,documentation_example,none,synthetic_v2,19,3.576618,0.0,0.0,0.157895,1,1,0
LGV2-000284,password,t_9B99uDAup18oUJCxhQ,1,password,none,synthetic_v2,20,3.984184,0.25,0.35,0.05,1,1,1
LGV2-000285,access_token,$ACCESS_TOKEN,0,env_reference,none,synthetic_v2,13,3.238901,0.0,0.846154,0.153846,1,1,0
LGV2-000286,build_id,QgQ2vWHqeYxBPb9IigoD1hhJTsi3,0,build_id,none,synthetic_v2,28,4.521641,0.142857,0.392857,0.0,0,1,1
LGV2-000287,auth_token,documentation-token,0,documentation_example,none,synthetic_v2,19,3.391893,0.0,0.0,0.052632,1,1,0
LGV2-000288,service_url,https://app.example.com/dashboard,0,url,none,synthetic_v2,33,3.93061,0.0,0.0,0.181818,0,1,0
LGV2-000289,password,process.env.API_KEY,0,env_reference,none,synthetic_v2,19,3.932138,0.0,0.315789,0.157895,1,1,1
LGV2-000290,config_value,caiXD71dxbfoEwf!%3oW,1,password,none,synthetic_v2,20,4.121928,0.15,0.2,0.1,0,1,1
LGV2-000291,result,F-4Yvkv!y%5AW!vYjLd8,1,database_credential,none,synthetic_v2,20,3.884184,0.15,0.3,0.2,0,1,1
LGV2-000292,config_value,9$Vj7js$v9Bim$gFXwqs,1,database_credential,none,synthetic_v2,20,3.784184,0.15,0.2,0.15,0,1,1
LGV2-000293,build_id,W4PWGxFHDluTxHSET9FErLzO6YLP,0,build_id,none,synthetic_v2,28,4.235926,0.107143,0.678571,0.0,0,1,1
LGV2-000294,access_token,nlfVMq3RgBIbazha.kPEDSz3Q9VMUFtN0,1,access_token,none,synthetic_v2,33,4.741364,0.121212,0.454545,0.030303,1,1,1
LGV2-000295,service_api_key,lgk_SP6TYkTUhfhTCOxfHTyUYGN8kyJy,1,api_key,none,synthetic_v2,32,4.20282,0.0625,0.5,0.03125,1,1,1
LGV2-000296,VITE_API_KEY,0da28df3fbed0596fbe77ae49cdbf569,1,client_exposed_secret,Vite,synthetic_v2,32,3.741729,0.46875,0.0,0.0,1,1,1
LGV2-000297,service_url,https://app.example.com/dashboard,0,url,none,synthetic_v2,33,3.93061,0.0,0.0,0.181818,0,1,0
LGV2-000298,NEXT_PUBLIC_ACCESS_TOKEN,client_0jaiHsxXFAv66kgnjGo1mY5JNS,1,client_exposed_secret,Next.js,synthetic_v2,33,4.80197,0.151515,0.272727,0.030303,1,1,1
LGV2-000299,client_secret,fake-value-for-docs,0,documentation_example,none,synthetic_v2,19,3.576618,0.0,0.0,0.157895,1,1,0
LGV2-000300,password,process.env.API_KEY,0,env_reference,none,synthetic_v2,19,3.932138,0.0,0.315789,0.157895,1,1,1
LGV2-000301,environment,LeakGuard,0,normal_config,none,synthetic_v2,9,2.947703,0.0,0.222222,0.0,0,1,1
LGV2-000302,user_password,mountain mountain forest forest,1,password,none,synthetic_v2,31,3.51049,0.0,0.0,0.096774,1,0,0
LGV2-000303,api_key,lgk_hQ7Il9brYnp1T14LCfZIMuzLcF37,1,api_key,none,synthetic_v2,32,4.6875,0.21875,0.34375,0.03125,1,1,1
LGV2-000304,service_api_key,lgk_kYqoExsX2djwsD9kN7kTIsll1TS5,1,api_key,none,synthetic_v2,32,4.39032,0.15625,0.28125,0.03125,1,1,1
LGV2-000305,NEXT_PUBLIC_RUNTIME_VALUE,client_k1mWMqvmu5qzhPsCbCM9PQGXzn,1,client_exposed_secret,Next.js,synthetic_v2,33,4.620152,0.090909,0.30303,0.030303,0,1,1
LGV2-000306,public_id,PUB-PQJFbz60k84KnlH3G7dT,0,public_identifier,none,synthetic_v2,24,4.501629,0.25,0.458333,0.041667,0,1,1
LGV2-000307,auth_token,uAPuhgHQec18il3c.mgFmgcKP1yQFHNSL,1,access_token,none,synthetic_v2,33,4.331977,0.121212,0.393939,0.030303,1,1,1
LGV2-000308,config_value,lfY@tIzOkKeATN4fg9Eb,1,database_credential,none,synthetic_v2,20,4.221928,0.1,0.4,0.05,0,1,1
LGV2-000309,result,567VeXHiSqMIKWIO.cII96Ua3zD1Jjgrf,1,access_token,none,synthetic_v2,33,4.741364,0.212121,0.454545,0.030303,0,1,1
LGV2-000310,file_hash,3403cc030147284003a264fe59af4718301393d40707dc4b97c3f53739b2a3b2,0,sha256,none,synthetic_v2,64,3.715085,0.75,0.0,0.0,0,1,1
LGV2-000311,config_value,2b9efdc68568c3956fded8a3cd6bb2e518d9bc03,1,access_token,none,synthetic_v2,40,3.656198,0.525,0.0,0.0,0,1,1
LGV2-000312,setting,Ji131!_V!vzKwr0mw@xa,1,password,none,synthetic_v2,20,4.021928,0.2,0.15,0.2,0,1,1
LGV2-000313,message,Please enter your password,0,ui_text,none,synthetic_v2,26,3.69026,0.0,0.038462,0.115385,0,0,1
LGV2-000314,message,Enter your access token,0,ui_text,none,synthetic_v2,23,3.588354,0.0,0.043478,0.130435,0,0,1
LGV2-000315,NEXT_PUBLIC_ACCESS_TOKEN,client_a69z76qtf70Wptn34k6COu4ZXP,1,client_exposed_secret,Next.js,synthetic_v2,33,4.574401,0.30303,0.181818,0.030303,1,1,1
LGV2-000316,VITE_APP_TITLE,Developer Console,0,frontend_public_value,Vite,synthetic_v2,17,3.219528,0.0,0.117647,0.058824,0,0,1
LGV2-000317,NEXT_PUBLIC_ACCESS_TOKEN,f7f92c143e556641d2d648a22cca8e0d,1,client_exposed_secret,Next.js,synthetic_v2,32,3.780639,0.625,0.0,0.0,1,1,1
LGV2-000318,private_api_key,lgk_inPiLIRZm3itST5H6iB6XjP7K6ku,1,api_key,none,synthetic_v2,32,4.47641,0.1875,0.375,0.03125,1,1,1
LGV2-000319,NEXT_PUBLIC_RUNTIME_VALUE,client_BLk4TS3YFWsoHgfUM9M3xp32QF,1,client_exposed_secret,Next.js,synthetic_v2,33,4.779094,0.181818,0.393939,0.030303,0,1,1
LGV2-000320,service_api_key,lgk_4jcNNNpPsFA4JEdfryiAmP4ZHpOZ,1,api_key,none,synthetic_v2,32,4.45282,0.09375,0.4375,0.03125,1,1,1
LGV2-000321,db_password,sample-secret-value,0,documentation_example,none,synthetic_v2,19,3.405822,0.0,0.0,0.105263,1,1,0
LGV2-000322,NEXT_PUBLIC_ACCESS_TOKEN,client_ylWIEp2ot2TjZD6dJA9AJHiypq,1,client_exposed_secret,Next.js,synthetic_v2,33,4.559546,0.121212,0.333333,0.030303,1,1,1
LGV2-000323,service_api_key,lgk_oM9mD7zKaqlAGgJeGsv8hZG9q4I0,1,api_key,none,synthetic_v2,32,4.60141,0.1875,0.3125,0.03125,1,1,1
LGV2-000324,VITE_CONFIG_VALUE,client_ClscuwMP4psiMzEQhQeeq8InFT,1,client_exposed_secret,Vite,synthetic_v2,33,4.476064,0.060606,0.30303,0.030303,0,1,1
LGV2-000325,NEXT_PUBLIC_APP_NAME,Dashboard,0,frontend_public_value,Next.js,synthetic_v2,9,2.947703,0.0,0.111111,0.0,0,1,1
LGV2-000326,payload,77M8-ADbD68zYRt%OkD$,1,database_credential,none,synthetic_v2,20,3.884184,0.25,0.4,0.15,0,1,1
LGV2-000327,api_key,2af5f391c21abdd370c191a4a741ce27,1,api_key,none,synthetic_v2,32,3.628928,0.59375,0.0,0.0,1,1,1
LGV2-000328,service_url,https://app.example.com/dashboard,0,url,none,synthetic_v2,33,3.93061,0.0,0.0,0.181818,0,1,0
LGV2-000329,file_hash,7ae6b4646953014b2aa76695d876b04e3c0e6c1eec66c3253563fbad662bf83e,0,sha256,none,synthetic_v2,64,3.782603,0.640625,0.0,0.0,0,1,1
LGV2-000330,auth_token,not-configured,0,redacted,none,synthetic_v2,14,3.521641,0.0,0.0,0.071429,1,1,0
LGV2-000331,environment,INFO,0,normal_config,none,synthetic_v2,4,2.0,0.0,1.0,0.0,0,1,0
LGV2-000332,database_password,example-only-value,0,documentation_example,none,synthetic_v2,18,3.419382,0.0,0.0,0.111111,1,1,0
LGV2-000333,data,lgk_OO2No17WTjI89NB2mrd98zsy5HA5,1,api_key,none,synthetic_v2,32,4.625,0.3125,0.3125,0.03125,0,1,1
LGV2-000334,service_url,https://localhost:8000,0,url,none,synthetic_v2,22,3.481715,0.181818,0.0,0.181818,0,1,1
LGV2-000335,admin_password,orange river cloud garden,1,password,none,synthetic_v2,25,3.543465,0.0,0.0,0.12,1,0,0
LGV2-000336,database_password,n8cxG0E%AvvYq5i9kyLm,1,database_credential,none,synthetic_v2,20,4.221928,0.2,0.25,0.05,1,1,1
LGV2-000337,value,h4mFXh!VJJ-fWh859R_F,1,database_credential,none,synthetic_v2,20,3.884184,0.2,0.4,0.15,0,1,1
LGV2-000338,request_id,16c702a1-a3e2-ac17-5450-c61f10e2b676,0,uuid,none,synthetic_v2,36,3.631478,0.611111,0.0,0.111111,0,1,1
LGV2-000339,setting,lgk_WJP5jNnH1qsV9chpt5JaYHCXmvtp,1,api_key,none,synthetic_v2,32,4.6875,0.125,0.34375,0.03125,0,1,1
LGV2-000340,setting,lgk_8787EQ2S5gUysMmTj3H4KY2TGciF,1,api_key,none,synthetic_v2,32,4.6875,0.28125,0.375,0.03125,0,1,1
LGV2-000341,file_hash,a500879d31b8b313e90ea77b994c73a6be34dd221d4f6e2bcc8fdefd544fe436,0,sha256,none,synthetic_v2,64,3.922923,0.578125,0.0,0.0,0,1,1
LGV2-000342,access_token,yyvdq90qlCeF7mNz.lPFgjIXBnNPg6CTq,1,access_token,none,synthetic_v2,33,4.476064,0.121212,0.363636,0.030303,1,1,1
LGV2-000343,service_api_key,lgk_gagqoGVHJLSKoCxzDXRLSGjwbEgs,1,api_key,none,synthetic_v2,32,4.5,0.0,0.46875,0.03125,1,1,1
LGV2-000344,database_password,***REDACTED***,0,redacted,none,synthetic_v2,14,2.4138,0.0,0.571429,0.428571,1,1,0
LGV2-000345,auth_token,fiGe2YrqiNrr2qaV.hMl6LVjQCxZlqYSp,1,access_token,none,synthetic_v2,33,4.453189,0.090909,0.363636,0.030303,1,1,1
LGV2-000346,password,S8jt2@J1Lno#AqMvscc%,1,password,none,synthetic_v2,20,4.221928,0.15,0.25,0.15,1,1,1
LGV2-000347,payload,d0b636914cda156f83dff4acc433044b,1,api_key,none,synthetic_v2,32,3.542838,0.59375,0.0,0.0,0,1,1
LGV2-000348,NEXT_PUBLIC_APP_NAME,Developer Console,0,frontend_public_value,Next.js,synthetic_v2,17,3.219528,0.0,0.117647,0.058824,0,0,1
LGV2-000349,password,nmZ6NF3ACv3kU_YlQ@R5,1,password,none,synthetic_v2,20,4.221928,0.2,0.45,0.1,1,1,1
LGV2-000350,NEXT_PUBLIC_APP_NAME,LeakGuard Demo,0,frontend_public_value,Next.js,synthetic_v2,14,3.521641,0.0,0.214286,0.071429,0,0,1
LGV2-000351,access_token,<redacted>,0,redacted,none,synthetic_v2,10,2.921928,0.0,0.0,0.2,1,1,0
LGV2-000352,service_token,IaOenQOXn3RB1gnI.1S4VXBP08eVRjbDT,1,access_token,none,synthetic_v2,33,4.415458,0.181818,0.515152,0.030303,1,1,1
LGV2-000353,public_id,PUB-p2GHJ2Xwzk4i7vJZ6ZXB,0,public_identifier,none,synthetic_v2,24,4.168296,0.208333,0.5,0.041667,0,1,1
LGV2-000354,access_token,***REDACTED***,0,redacted,none,synthetic_v2,14,2.4138,0.0,0.571429,0.428571,1,1,0
LGV2-000355,password,os.getenv(API_KEY),0,env_reference,none,synthetic_v2,18,4.058814,0.0,0.333333,0.222222,1,1,1
LGV2-000356,client_secret,env.API_KEY,0,env_reference,none,synthetic_v2,11,3.459432,0.0,0.545455,0.181818,1,1,1
LGV2-000357,admin_password,%y6@b$K$4Deh%%vKbwzX,1,password,none,synthetic_v2,20,3.784184,0.1,0.2,0.3,1,1,1
LGV2-000358,auth_token,jT2BxyxaswwtC3Jf.nU4CVAZCskZU5BU5,1,access_token,none,synthetic_v2,33,4.392583,0.151515,0.424242,0.030303,1,1,1
LGV2-000359,database_credential,XFb3z%FepAm68pG-FW4X,1,database_credential,none,synthetic_v2,20,3.884184,0.2,0.4,0.1,1,1,1
LGV2-000360,access_token,2f19d54dbcecc24b35c47009edc77eb48631d076,1,access_token,none,synthetic_v2,40,3.775071,0.6,0.0,0.0,1,1,1
LGV2-000361,file_hash,45731a4e8b561ab4be5930cf4ea40a9f94ea3f14390c7eb2a1678602e2c6fa1b,0,sha256,none,synthetic_v2,64,3.827319,0.609375,0.0,0.0,0,1,1
LGV2-000362,data,bks@X%AEN6Jml@35mjft,1,password,none,synthetic_v2,20,4.121928,0.15,0.25,0.15,0,1,1
LGV2-000363,db_password,demo-credential,0,documentation_example,none,synthetic_v2,15,3.456565,0.0,0.0,0.066667,1,1,0
LGV2-000364,password,xPim14d#u$7gC6QH2Ti0,1,password,none,synthetic_v2,20,4.221928,0.3,0.25,0.1,1,1,1
LGV2-000365,auth_token,J8yBlRLQyfXNsZpT.efrjyTYOjVyuxgfa,1,access_token,none,synthetic_v2,33,4.53667,0.030303,0.393939,0.030303,1,1,1
LGV2-000366,NEXT_PUBLIC_ACCESS_TOKEN,client_GtQAuzSsJimAQ8yRV5lNKtzJ1a,1,client_exposed_secret,Next.js,synthetic_v2,33,4.53667,0.090909,0.363636,0.030303,1,1,1
LGV2-000367,service_url,https://localhost:8000,0,url,none,synthetic_v2,22,3.481715,0.181818,0.0,0.181818,0,1,1
LGV2-000368,service_token,your-api-key-here,0,placeholder,none,synthetic_v2,17,3.29277,0.0,0.0,0.176471,1,1,0
LGV2-000369,NEXT_PUBLIC_ACCESS_TOKEN,client_QBifiPZA3D5YSM7BNlDGBJ0Cyw,1,client_exposed_secret,Next.js,synthetic_v2,33,4.635007,0.121212,0.484848,0.030303,1,1,1
LGV2-000370,runtime_value,0dbbe5030865571566649e1e74136b9d,1,api_key,none,synthetic_v2,32,3.480338,0.75,0.0,0.0,0,1,1
LGV2-000371,service_token,change-this-value,0,placeholder,none,synthetic_v2,17,3.616875,0.0,0.0,0.117647,1,1,0
LGV2-000372,NEXT_PUBLIC_APP_NAME,LeakGuard Demo,0,frontend_public_value,Next.js,synthetic_v2,14,3.521641,0.0,0.214286,0.071429,0,0,1
LGV2-000373,password,Lp16NVtB_rCm-CV9V88F,1,password,none,synthetic_v2,20,3.884184,0.25,0.45,0.1,1,1,1
LGV2-000374,service_token,<redacted>,0,redacted,none,synthetic_v2,10,2.921928,0.0,0.0,0.2,1,1,0
LGV2-000375,db_password,AWCj0Tkuwv_m6JDUVLDI,1,database_credential,none,synthetic_v2,20,4.221928,0.1,0.55,0.05,1,1,1
LGV2-000376,request_id,3f05344c-9947-c98a-2444-727727eaf665,0,uuid,none,synthetic_v2,36,3.596892,0.694444,0.0,0.111111,0,1,1
LGV2-000377,NEXT_PUBLIC_ACCESS_TOKEN,client_EcVk8Jx68hM2AhhxKscHjhxtxt,1,client_exposed_secret,Next.js,synthetic_v2,33,4.210765,0.121212,0.212121,0.030303,1,1,1
LGV2-000378,access_token,your-api-key-here,0,placeholder,none,synthetic_v2,17,3.29277,0.0,0.0,0.176471,1,1,0
LGV2-000379,runtime_value,aPoslt1g4AYzk8@gyh_$,1,password,none,synthetic_v2,20,4.221928,0.15,0.15,0.15,0,1,1
LGV2-000380,VITE_APP_TITLE,Dashboard,0,frontend_public_value,Vite,synthetic_v2,9,2.947703,0.0,0.111111,0.0,0,1,1
LGV2-000381,VITE_API_KEY,client_HWp5dZ2ZZMzQuRiUbPFsq6AzyV,1,client_exposed_secret,Vite,synthetic_v2,33,4.779094,0.090909,0.393939,0.030303,1,1,1
LGV2-000382,db_password,your-api-key-here,0,placeholder,none,synthetic_v2,17,3.29277,0.0,0.0,0.176471,1,1,0
LGV2-000383,data,0efbd0b3df18dd2228bfc74305256eb8,1,api_key,none,synthetic_v2,32,3.616729,0.5625,0.0,0.0,0,1,1
LGV2-000384,service_token,c40566171e1b68bec307bfe5fbb58290c1567768,1,access_token,none,synthetic_v2,40,3.615957,0.675,0.0,0.0,1,1,1
LGV2-000385,user_password,_w@NLxYfOeaWnCCwW8qT,1,password,none,synthetic_v2,20,4.021928,0.05,0.45,0.1,1,1,1
LGV2-000386,message,Your session has expired,0,ui_text,none,synthetic_v2,24,3.605389,0.0,0.041667,0.125,0,0,1
LGV2-000387,payload,-2VpOzi%F-q2yWfLsy3y,1,password,none,synthetic_v2,20,3.884184,0.15,0.25,0.15,0,1,1
LGV2-000388,service_api_key,fca5eab8f67897996fafb893ccb49192,1,api_key,none,synthetic_v2,32,3.545959,0.5625,0.0,0.0,1,1,1
LGV2-000389,result,z8$Zi#UXY3IAkW3VQ7IE,1,password,none,synthetic_v2,20,4.121928,0.2,0.55,0.1,0,1,1
LGV2-000390,setting,5a19a114f22443572bba2da2fc1dc426e5387710,1,access_token,none,synthetic_v2,40,3.756198,0.675,0.0,0.0,0,1,1
LGV2-000391,api_key,replace-me,0,placeholder,none,synthetic_v2,10,2.846439,0.0,0.0,0.1,1,1,0
LGV2-000392,password,your-api-key-here,0,placeholder,none,synthetic_v2,17,3.29277,0.0,0.0,0.176471,1,1,0
LGV2-000393,config_value,DzjzUpebZJ_@Q6TG#m@3,1,database_credential,none,synthetic_v2,20,4.121928,0.1,0.35,0.2,0,1,1
LGV2-000394,NEXT_PUBLIC_ACCESS_TOKEN,5ef542e196161a9cf8169b1a83bdceca,1,client_exposed_secret,Next.js,synthetic_v2,32,3.644248,0.5625,0.0,0.0,1,1,1
LGV2-000395,VITE_CONFIG_VALUE,004baa5d7c6c1d4c5ca5d7343c85a622,1,client_exposed_secret,Vite,synthetic_v2,32,3.527518,0.59375,0.0,0.0,0,1,1
LGV2-000396,db_password,ZG#y$%ek0Plg7OZ6Na7o,1,database_credential,none,synthetic_v2,20,4.121928,0.2,0.3,0.15,1,1,1
LGV2-000397,file_hash,31228e0f401c84ac0ffdc270cf3ba9c12ba2e9651c69c3bf2e641607fc29fe01,0,sha256,none,synthetic_v2,64,3.79153,0.59375,0.0,0.0,0,1,1
LGV2-000398,api_key,lgk_SRnvFGZWQvkNtxBmFO2Ye12Insqd,1,api_key,none,synthetic_v2,32,4.6875,0.09375,0.40625,0.03125,1,1,1
LGV2-000399,region,eu-west,0,normal_config,none,synthetic_v2,7,2.521641,0.0,0.0,0.142857,0,1,0
LGV2-000400,request_id,6e12d255-93ca-3df0-21ce-7ad073f59a4e,0,uuid,none,synthetic_v2,36,3.821888,0.527778,0.0,0.111111,0,1,1
LGV2-000401,access_token,3241b4d419b1b673bd4755d05ad7853c1f76eb97,1,access_token,none,synthetic_v2,40,3.722574,0.675,0.0,0.0,1,1,1
LGV2-000402,service_url,https://docs.example.org,0,url,none,synthetic_v2,24,4.001629,0.0,0.0,0.208333,0,1,0
LGV2-000403,service_url,https://app.example.com/dashboard,0,url,none,synthetic_v2,33,3.93061,0.0,0.0,0.181818,0,1,0
LGV2-000404,file_hash,292c382a07ff301801360c8ffadabaa7bcc1ba30ec40387befd60a0b1ae7fc2b,0,sha256,none,synthetic_v2,64,3.704784,0.515625,0.0,0.0,0,1,1
LGV2-000405,NEXT_PUBLIC_RUNTIME_VALUE,491c4c0ee12183a39fa13164f474990f,1,client_exposed_secret,Next.js,synthetic_v2,32,3.477217,0.71875,0.0,0.0,0,1,1
LGV2-000406,payload,PSeD5TFWpWqvsSCv.YCSqKrMcWijHsbo4,1,access_token,none,synthetic_v2,33,4.513795,0.060606,0.484848,0.030303,0,1,1
LGV2-000407,x,Yz1SC4n47W0Lp@ziW_@_,1,database_credential,none,synthetic_v2,20,3.821928,0.25,0.3,0.2,0,1,1
LGV2-000408,VITE_API_KEY,client_YlJzGvQkIMC7w5uJu2xAWOB0Uu,1,client_exposed_secret,Vite,synthetic_v2,33,4.779094,0.121212,0.393939,0.030303,1,1,1
LGV2-000409,access_token,os.getenv(API_KEY),0,env_reference,none,synthetic_v2,18,4.058814,0.0,0.333333,0.222222,1,1,1
LGV2-000410,NEXT_PUBLIC_APP_NAME,Developer Console,0,frontend_public_value,Next.js,synthetic_v2,17,3.219528,0.0,0.117647,0.058824,0,0,1
LGV2-000411,value,ZKliXJBfV2biCM6@BO0!,1,database_credential,none,synthetic_v2,20,4.121928,0.15,0.5,0.1,0,1,1
LGV2-000412,config_value,river river falcon window,1,password,none,synthetic_v2,25,3.543465,0.0,0.0,0.12,0,0,0
LGV2-000413,request_id,07fcb800-da49-5408-0011-be30e268d92f,0,uuid,none,synthetic_v2,36,3.825304,0.611111,0.0,0.111111,0,1,1
LGV2-000414,service_token,1df5543cacd78ca9e44d9a6669b45a3bfd9d030c,1,access_token,none,synthetic_v2,40,3.725071,0.55,0.0,0.0,1,1,1
LGV2-000415,request_id,1f9071b1-95eb-44d9-8459-f302cd1d036e,0,uuid,none,synthetic_v2,36,3.82924,0.611111,0.0,0.111111,0,1,1
LGV2-000416,value,x-l!9C$j35o7uxQJt7yj,1,password,none,synthetic_v2,20,4.021928,0.25,0.15,0.15,0,1,1
LGV2-000417,result,lgk_SNp60517U0HKDceuxcjMUOZ4gyGU,1,api_key,none,synthetic_v2,32,4.66391,0.21875,0.375,0.03125,0,1,1
LGV2-000418,value,lgk_j3h27a9peXXYW8r9lhWCvhGX1XID,1,api_key,none,synthetic_v2,32,4.41391,0.21875,0.34375,0.03125,0,1,1
LGV2-000419,NEXT_PUBLIC_RUNTIME_VALUE,client_pVBWpNfdixFsmjynPcp7UM8CV4,1,client_exposed_secret,Next.js,synthetic_v2,33,4.657882,0.090909,0.30303,0.030303,0,1,1
LGV2-000420,build_id,1VQZ8dS6YQpqJytO9Sx5ZRhI3p2C,0,build_id,none,synthetic_v2,28,4.521641,0.25,0.464286,0.0,0,1,1
LGV2-000421,NEXT_PUBLIC_ACCESS_TOKEN,9df469611a11f5125227c3712da86a78,1,client_exposed_secret,Next.js,synthetic_v2,32,3.507049,0.75,0.0,0.0,1,1,1
LGV2-000422,public_id,PUB-4NgpoqlUQtvTDQLHHK4r,0,public_identifier,none,synthetic_v2,24,4.251629,0.083333,0.541667,0.041667,0,1,1
LGV2-000423,build_id,bvBlAb3HuyqfhgIksjlqXfjt8ARk,0,build_id,none,synthetic_v2,28,4.307355,0.071429,0.25,0.0,0,1,1
LGV2-000424,VITE_CONFIG_VALUE,client_MjlBHvMlRBj5QRtN0sw4gr6FQx,1,client_exposed_secret,Vite,synthetic_v2,33,4.53667,0.121212,0.333333,0.030303,0,1,1
LGV2-000425,timezone,development,0,normal_config,none,synthetic_v2,11,3.027169,0.0,0.0,0.0,0,1,0
LGV2-000426,password,example-only-value,0,documentation_example,none,synthetic_v2,18,3.419382,0.0,0.0,0.111111,1,1,0
LGV2-000427,password,$ACCESS_TOKEN,0,env_reference,none,synthetic_v2,13,3.238901,0.0,0.846154,0.153846,1,1,0
LGV2-000428,db_password,removed-for-security,0,redacted,none,synthetic_v2,20,3.646439,0.0,0.0,0.1,1,1,0
LGV2-000429,NEXT_PUBLIC_RUNTIME_VALUE,client_EO2JnAdL8fr5NJu9eClqXYrq3F,1,client_exposed_secret,Next.js,synthetic_v2,33,4.680758,0.151515,0.333333,0.030303,0,1,1
LGV2-000430,service_api_key,lgk_6Y8hyqIUsb6H0XxGZGCFcs5PmuGf,1,api_key,none,synthetic_v2,32,4.72641,0.15625,0.375,0.03125,1,1,1
LGV2-000431,client_secret,[hidden],0,redacted,none,synthetic_v2,8,2.75,0.0,0.0,0.25,1,1,0
LGV2-000432,password,window mountain silver mountain,1,password,none,synthetic_v2,31,3.69228,0.0,0.0,0.096774,1,0,0
LGV2-000433,service_token,35a40add9e846345087770b2f4fb5cff45671d08,1,access_token,none,synthetic_v2,40,3.793943,0.675,0.0,0.0,1,1,1
LGV2-000434,db_password,s1xd@AKB_qW4LzIHy30E,1,database_credential,none,synthetic_v2,20,4.321928,0.2,0.4,0.1,1,1,1
LGV2-000435,NEXT_PUBLIC_ACCESS_TOKEN,client_9OjtR469Y3UPx98aJ3JjhcaKMz,1,client_exposed_secret,Next.js,synthetic_v2,33,4.53667,0.242424,0.272727,0.030303,1,1,1
LGV2-000436,api_key,b971722f244f58d669cbee3772a07702,1,api_key,none,synthetic_v2,32,3.715018,0.71875,0.0,0.0,1,1,1
LGV2-000437,service_api_key,lgk_qw30fC3hXZpnZVLSw3TNOBkNiYn0,1,api_key,none,synthetic_v2,32,4.47641,0.15625,0.40625,0.03125,1,1,1
LGV2-000438,NEXT_PUBLIC_ACCESS_TOKEN,client_ux5y0eWB1JesEihS3rvHAHnSnN,1,client_exposed_secret,Next.js,synthetic_v2,33,4.574401,0.121212,0.30303,0.030303,1,1,1
LGV2-000439,service_url,https://localhost:8000,0,url,none,synthetic_v2,22,3.481715,0.181818,0.0,0.181818,0,1,1
LGV2-000440,NEXT_PUBLIC_APP_NAME,Security Portal,0,frontend_public_value,Next.js,synthetic_v2,15,3.640224,0.0,0.133333,0.066667,0,0,1
LGV2-000441,api_key,fake-value-for-docs,0,documentation_example,none,synthetic_v2,19,3.576618,0.0,0.0,0.157895,1,1,0
LGV2-000442,result,lgk_AUvCYPSashjd4PcMWlGkaz1BR84D,1,api_key,none,synthetic_v2,32,4.6875,0.125,0.40625,0.03125,0,1,1
LGV2-000443,value,10xxRh4!OFgorOvbkTBu,1,password,none,synthetic_v2,20,4.121928,0.15,0.3,0.05,0,1,1
LGV2-000444,message,API key is required,0,ui_text,none,synthetic_v2,19,3.536887,0.0,0.157895,0.157895,0,0,1
LGV2-000445,message,Authentication successful,0,ui_text,none,synthetic_v2,25,3.643074,0.0,0.04,0.04,0,0,1
LGV2-000446,result,1b9cd4ebab2de81170439c5c27ce2bee,1,api_key,none,synthetic_v2,32,3.590018,0.5,0.0,0.0,0,1,1
LGV2-000447,NEXT_PUBLIC_APP_NAME,LeakGuard Demo,0,frontend_public_value,Next.js,synthetic_v2,14,3.521641,0.0,0.214286,0.071429,0,0,1
LGV2-000448,database_credential,xzXoPHU!Sn%ZYO61z-_o,1,database_credential,none,synthetic_v2,20,4.121928,0.1,0.4,0.2,1,1,1
LGV2-000449,service_url,https://localhost:8000,0,url,none,synthetic_v2,22,3.481715,0.181818,0.0,0.181818,0,1,1
LGV2-000450,request_id,fe66c4fa-35ed-ff38-9197-107c89b702ed,0,uuid,none,synthetic_v2,36,3.940351,0.527778,0.0,0.111111,0,1,1
LGV2-000451,file_hash,6a1c1bdf6160d8852428c29ed68512da956bdff5dbc0624aa04e4fa3d80e4e31,0,sha256,none,synthetic_v2,64,3.832512,0.59375,0.0,0.0,0,1,1
LGV2-000452,file_hash,f4d167b313be01b29950e85cdc9e294bc74a390965635794dc1d0f4c3ed0e569,0,sha256,none,synthetic_v2,64,3.8434,0.65625,0.0,0.0,0,1,1
LGV2-000453,password,change-this-value,0,placeholder,none,synthetic_v2,17,3.616875,0.0,0.0,0.117647,1,1,0
LGV2-000454,database_password,${DB_PASSWORD},0,env_reference,none,synthetic_v2,14,3.521641,0.0,0.714286,0.285714,1,1,0
LGV2-000455,NEXT_PUBLIC_ACCESS_TOKEN,client_tigyGLtke0ct8sDUHMHvB4Riv5,1,client_exposed_secret,Next.js,synthetic_v2,33,4.415458,0.121212,0.272727,0.030303,1,1,1
LGV2-000456,payload,716qZWLnWbvU1NB3.BYU7VWdZgJy8U7Rs,1,access_token,none,synthetic_v2,33,4.430313,0.242424,0.484848,0.030303,0,1,1
LGV2-000457,VITE_APP_TITLE,Security Portal,0,frontend_public_value,Vite,synthetic_v2,15,3.640224,0.0,0.133333,0.066667,0,0,1
LGV2-000458,VITE_APP_TITLE,LeakGuard Demo,0,frontend_public_value,Vite,synthetic_v2,14,3.521641,0.0,0.214286,0.071429,0,0,1
LGV2-000459,access_token,demo-credential,0,documentation_example,none,synthetic_v2,15,3.456565,0.0,0.0,0.066667,1,1,0
LGV2-000460,private_api_key,lgk_2ofA2HF3nLE1DraUBV3ppuBLo57L,1,api_key,none,synthetic_v2,32,4.53891,0.21875,0.375,0.03125,1,1,1
LGV2-000461,service_token,xnCC8p2xgRxI5Pwd.zrm9h820DfQnPOMb,1,access_token,none,synthetic_v2,33,4.597276,0.212121,0.30303,0.030303,1,1,1
LGV2-000462,api_key,example-token,0,placeholder,none,synthetic_v2,13,3.334679,0.0,0.0,0.076923,1,1,0
LGV2-000463,NEXT_PUBLIC_RUNTIME_VALUE,client_AhhCkMuLypKbsbPY2Ka6Dsi19z,1,client_exposed_secret,Next.js,synthetic_v2,33,4.741364,0.121212,0.272727,0.030303,0,1,1
LGV2-000464,request_id,f16a1857-9a68-990e-2412-e47e29a7f041,0,uuid,none,synthetic_v2,36,3.620635,0.666667,0.0,0.111111,0,1,1
LGV2-000465,user_password,$Ie#_t9EUAVo9ek0J79s,1,password,none,synthetic_v2,20,3.984184,0.25,0.3,0.15,1,1,1
LGV2-000466,service_token,1iWTECNa5fbqn1jJ.8UMHBhXspthdpAOY,1,access_token,none,synthetic_v2,33,4.862576,0.121212,0.424242,0.030303,1,1,1
LGV2-000467,service_token,c388e69f6342e5e2ab29955b73647f0bbe4229cf,1,access_token,none,synthetic_v2,40,3.687326,0.65,0.0,0.0,1,1,1
LGV2-000468,VITE_APP_TITLE,Dashboard,0,frontend_public_value,Vite,synthetic_v2,9,2.947703,0.0,0.111111,0.0,0,1,1
LGV2-000469,NEXT_PUBLIC_APP_NAME,Developer Console,0,frontend_public_value,Next.js,synthetic_v2,17,3.219528,0.0,0.117647,0.058824,0,0,1
LGV2-000470,request_id,55367ab6-0d57-4085-0f0a-64508e978ce1,0,uuid,none,synthetic_v2,36,3.739815,0.666667,0.0,0.111111,0,1,1
LGV2-000471,public_id,PUB-BqvNZ4WDcgVd7IlkYbFG,0,public_identifier,none,synthetic_v2,24,4.501629,0.083333,0.541667,0.041667,0,1,1
LGV2-000472,private_api_key,lgk_FDWKWLCR74KPONu3OujCeECOtYrL,1,api_key,none,synthetic_v2,32,4.45282,0.09375,0.59375,0.03125,1,1,1
LGV2-000473,data,FTJn#c@-0uaZXR0qOsCI,1,password,none,synthetic_v2,20,4.221928,0.1,0.45,0.15,0,1,1
LGV2-000474,service_token,change-this-value,0,placeholder,none,synthetic_v2,17,3.616875,0.0,0.0,0.117647,1,1,0
LGV2-000475,database_password,BTVfAh!k1UI1h_Mh7j!j,1,database_credential,none,synthetic_v2,20,3.784184,0.15,0.35,0.15,1,1,1
LGV2-000476,VITE_CONFIG_VALUE,client_ZSpefT1x2QHFzbxUrx3DXUy6SK,1,client_exposed_secret,Vite,synthetic_v2,33,4.718488,0.121212,0.363636,0.030303,0,1,1
LGV2-000477,NEXT_PUBLIC_APP_NAME,Dashboard,0,frontend_public_value,Next.js,synthetic_v2,9,2.947703,0.0,0.111111,0.0,0,1,1
LGV2-000478,build_id,9rWtFjqhNgBuPc3mSsrbYKAz2eEW,0,build_id,none,synthetic_v2,28,4.664498,0.107143,0.392857,0.0,0,1,1
LGV2-000479,checksum,3370e580feb832bd64cda1e8b31cd696c58fd317,0,checksum,none,synthetic_v2,40,3.837326,0.6,0.0,0.0,0,1,1
LGV2-000480,service_url,https://app.example.com/dashboard,0,url,none,synthetic_v2,33,3.93061,0.0,0.0,0.181818,0,1,0
LGV2-000481,service_url,https://app.example.com/dashboard,0,url,none,synthetic_v2,33,3.93061,0.0,0.0,0.181818,0,1,0
LGV2-000482,service_token,etDCcdx1seP32fNM.GyDLJ9YV5cC6ZKPm,1,access_token,none,synthetic_v2,33,4.741364,0.181818,0.454545,0.030303,1,1,1
LGV2-000483,database_password,${API_KEY},0,env_reference,none,synthetic_v2,10,3.321928,0.0,0.6,0.4,1,1,0
LGV2-000484,database_credential,gK@H@7bvE1tg0AvSXZ4o,1,database_credential,none,synthetic_v2,20,4.021928,0.2,0.35,0.1,1,1,1
LGV2-000485,checksum,29e5e3f776523d05ac878f34f2a72accd7783923,0,checksum,none,synthetic_v2,40,3.609341,0.675,0.0,0.0,0,1,1
LGV2-000486,password,process.env.API_KEY,0,env_reference,none,synthetic_v2,19,3.932138,0.0,0.315789,0.157895,1,1,1
LGV2-000487,api_key,60474f36e8b5359309cc6273931bdb2a,1,api_key,none,synthetic_v2,32,3.816428,0.71875,0.0,0.0,1,1,1
LGV2-000488,password,change-this-value,0,placeholder,none,synthetic_v2,17,3.616875,0.0,0.0,0.117647,1,1,0
LGV2-000489,access_token,documentation-token,0,documentation_example,none,synthetic_v2,19,3.391893,0.0,0.0,0.052632,1,1,0
LGV2-000490,checksum,b944f9a9b04171db6662a6feaa9da53e1f7077e6,0,checksum,none,synthetic_v2,40,3.647085,0.6,0.0,0.0,0,1,1
LGV2-000491,x,k%WyYjgihvXziQ#X6oQd,1,database_credential,none,synthetic_v2,20,4.021928,0.05,0.3,0.1,0,1,1
LGV2-000492,NEXT_PUBLIC_APP_NAME,LeakGuard Demo,0,frontend_public_value,Next.js,synthetic_v2,14,3.521641,0.0,0.214286,0.071429,0,0,1
LGV2-000493,result,S9Wd4v5!Rk@UYVcxcW80,1,database_credential,none,synthetic_v2,20,4.121928,0.25,0.35,0.1,0,1,1
LGV2-000494,user_password,Htg0m2vRLWfjx_@4eu#q,1,password,none,synthetic_v2,20,4.321928,0.15,0.2,0.15,1,1,1
LGV2-000495,database_credential,!3HH9U0Vhpsicuu@8J$H,1,database_credential,none,synthetic_v2,20,3.984184,0.2,0.3,0.15,1,1,1
LGV2-000496,VITE_API_KEY,client_FOIS6P7lJkFsilu1CNd3w8aFim,1,client_exposed_secret,Vite,synthetic_v2,33,4.612132,0.151515,0.30303,0.030303,1,1,1
LGV2-000497,auth_token,26d89587c7346079efdd1658408851f012a92db2,1,access_token,none,synthetic_v2,40,3.818454,0.75,0.0,0.0,1,1,1
LGV2-000498,database_password,owU7iw8kX%UfUT$hgAQU,1,database_credential,none,synthetic_v2,20,3.821928,0.1,0.4,0.1,1,1,1
LGV2-000499,config_value,moqh2lcUXYAM$f%6%fyp,1,password,none,synthetic_v2,20,4.121928,0.1,0.25,0.15,0,1,1
LGV2-000500,setting,3e2e0653250c37d7a4efbc366e299815,1,api_key,none,synthetic_v2,32,3.804229,0.6875,0.0,0.0,0,1,1
LGV2-000501,runtime_value,window coffee summer falcon,1,password,none,synthetic_v2,27,3.754163,0.0,0.0,0.111111,0,0,0
LGV2-000502,service_token,example-token,0,placeholder,none,synthetic_v2,13,3.334679,0.0,0.0,0.076923,1,1,0
LGV2-000503,database_password,${DB_PASSWORD},0,env_reference,none,synthetic_v2,14,3.521641,0.0,0.714286,0.285714,1,1,0
LGV2-000504,checksum,c345131e4ae766196dca605e934953290c4a0a44,0,checksum,none,synthetic_v2,40,3.539823,0.725,0.0,0.0,0,1,1
LGV2-000505,app_name,production,0,normal_config,none,synthetic_v2,10,3.121928,0.0,0.0,0.0,0,1,0
LGV2-000506,setting,planet falcon cloud window,1,password,none,synthetic_v2,26,3.661226,0.0,0.0,0.115385,0,0,0
LGV2-000507,payload,9dc0582d368971bf6d8581c5980d60d488ea3770,1,access_token,none,synthetic_v2,40,3.714911,0.725,0.0,0.0,0,1,1
LGV2-000508,api_key,documentation-token,0,documentation_example,none,synthetic_v2,19,3.391893,0.0,0.0,0.052632,1,1,0
LGV2-000509,result,2q3cx#j1l6qUTdzWVcE6,1,database_credential,none,synthetic_v2,20,4.021928,0.25,0.25,0.05,0,1,1
LGV2-000510,public_id,PUB-l8CbSnyKQlrVRKXjPzKY,0,public_identifier,none,synthetic_v2,24,4.220176,0.041667,0.583333,0.041667,0,1,1
LGV2-000511,db_password,example-token,0,placeholder,none,synthetic_v2,13,3.334679,0.0,0.0,0.076923,1,1,0
LGV2-000512,VITE_CONFIG_VALUE,client_chpzFtSM9lPVyXSYQQfXD30Pyr,1,client_exposed_secret,Vite,synthetic_v2,33,4.559546,0.090909,0.393939,0.030303,0,1,1
LGV2-000513,access_token,example-only-value,0,documentation_example,none,synthetic_v2,18,3.419382,0.0,0.0,0.111111,1,1,0
LGV2-000514,database_password,example-only-value,0,documentation_example,none,synthetic_v2,18,3.419382,0.0,0.0,0.111111,1,1,0
LGV2-000515,access_token,25493ee8f6a041053984e07240f6ad9fbe1a2418,1,access_token,none,synthetic_v2,40,3.768454,0.7,0.0,0.0,1,1,1
LGV2-000516,NEXT_PUBLIC_RUNTIME_VALUE,client_mGrH56bFu5kdPpStqCBvcrVWQD,1,client_exposed_secret,Next.js,synthetic_v2,33,4.80197,0.090909,0.333333,0.030303,0,1,1
LGV2-000517,api_key,ced5dfcbc3f75e2190a832a5c522af0d,1,api_key,none,synthetic_v2,32,3.616729,0.5,0.0,0.0,1,1,1
LGV2-000518,service_token,env.API_KEY,0,env_reference,none,synthetic_v2,11,3.459432,0.0,0.545455,0.181818,1,1,1
LGV2-000519,checksum,44efb437b6142da1d8c601b7eeebc3742052d2f9,0,checksum,none,synthetic_v2,40,3.825071,0.6,0.0,0.0,0,1,1
LGV2-000520,api_key,lgk_RO2qGFq562dfOB1rcavXiOqkVCJT,1,api_key,none,synthetic_v2,32,4.57782,0.15625,0.375,0.03125,1,1,1
LGV2-000521,database_credential,Y4Fw%3-2fWvZ!_6PGeO!,1,database_credential,none,synthetic_v2,20,4.221928,0.2,0.35,0.25,1,1,1
LGV2-000522,payload,9bdwI8Je8fJh46YdGL%!,1,database_credential,none,synthetic_v2,20,4.021928,0.25,0.3,0.1,0,1,1
LGV2-000523,build_id,GK90HG66bXoUgxpJSGHl1rvUiDN1,0,build_id,none,synthetic_v2,28,4.351823,0.214286,0.464286,0.0,0,1,1
LGV2-000524,admin_password,_%5acrMKMB8U5CMGaYge,1,password,none,synthetic_v2,20,3.884184,0.15,0.45,0.1,1,1,1
LGV2-000525,service_url,https://example.com/api,0,url,none,synthetic_v2,23,3.762267,0.0,0.0,0.217391,0,1,0
LGV2-000526,checksum,1b0ea9b30b5cb03df624d3f0487fcb9bd583ee54,0,checksum,none,synthetic_v2,40,3.789823,0.55,0.0,0.0,0,1,1
LGV2-000527,message,Enter your access token,0,ui_text,none,synthetic_v2,23,3.588354,0.0,0.043478,0.130435,0,0,1
LGV2-000528,database_password,$ACCESS_TOKEN,0,env_reference,none,synthetic_v2,13,3.238901,0.0,0.846154,0.153846,1,1,0
LGV2-000529,config_value,L0W!rknO%Jo4SgF#_A#I,1,password,none,synthetic_v2,20,4.221928,0.1,0.4,0.25,0,1,1
LGV2-000530,password,[hidden],0,redacted,none,synthetic_v2,8,2.75,0.0,0.0,0.25,1,1,0
LGV2-000531,NEXT_PUBLIC_RUNTIME_VALUE,786c2343166e32a9f64146d8bbe3d2fd,1,client_exposed_secret,Next.js,synthetic_v2,32,3.628928,0.65625,0.0,0.0,0,1,1
LGV2-000532,NEXT_PUBLIC_ACCESS_TOKEN,client_raK3RXVd6MVF155sXZoMZwoOmN,1,client_exposed_secret,Next.js,synthetic_v2,33,4.680758,0.151515,0.393939,0.030303,1,1,1
LGV2-000533,config_value,lgk_XZ6UYpg54lU5yWA7edNqhc2VeCWx,1,api_key,none,synthetic_v2,32,4.625,0.1875,0.34375,0.03125,0,1,1
LGV2-000534,access_token,TVPBr1xiRUv4EDCw.XtFJglPMf1r20i5I,1,access_token,none,synthetic_v2,33,4.80197,0.181818,0.454545,0.030303,1,1,1
LGV2-000535,data,bXpPFyo8JGP7jhrU.xHqSgr3QHZtVzbeK,1,access_token,none,synthetic_v2,33,4.80197,0.090909,0.424242,0.030303,0,1,1
LGV2-000536,auth_token,hWuhDhHiFWxTsJUc.fuFhysDMVtR1CoJA,1,access_token,none,synthetic_v2,33,4.438334,0.030303,0.484848,0.030303,1,1,1
LGV2-000537,auth_token,change-this-value,0,placeholder,none,synthetic_v2,17,3.616875,0.0,0.0,0.117647,1,1,0
LGV2-000538,password,$ACCESS_TOKEN,0,env_reference,none,synthetic_v2,13,3.238901,0.0,0.846154,0.153846,1,1,0
LGV2-000539,setting,Qz-D@@TLylx2mlWZONO-,1,password,none,synthetic_v2,20,3.921928,0.05,0.45,0.2,0,1,1
LGV2-000540,database_credential,Pwi2BnGO1p4hXQEB@s0J,1,database_credential,none,synthetic_v2,20,4.221928,0.2,0.45,0.05,1,1,1
LGV2-000541,VITE_API_KEY,client_cgOY1Dbh72kCDa9BmS6i4Ptk37,1,client_exposed_secret,Vite,synthetic_v2,33,4.680758,0.242424,0.242424,0.030303,1,1,1
LGV2-000542,password,sample-secret-value,0,documentation_example,none,synthetic_v2,19,3.405822,0.0,0.0,0.105263,1,1,0
LGV2-000543,db_password,b76Gw0BCYSqMNJG2y$W%,1,database_credential,none,synthetic_v2,20,4.221928,0.2,0.5,0.1,1,1,1
LGV2-000544,timezone,eu-west,0,normal_config,none,synthetic_v2,7,2.521641,0.0,0.0,0.142857,0,1,0
LGV2-000545,api_key,***REDACTED***,0,redacted,none,synthetic_v2,14,2.4138,0.0,0.571429,0.428571,1,1,0
LGV2-000546,request_id,4f848c31-7954-af2d-a819-d4b9b1a6aed3,0,uuid,none,synthetic_v2,36,3.808271,0.527778,0.0,0.111111,0,1,1
LGV2-000547,config_value,lgk_i3ntB0TQEkMK8tLmGTRDrmajCe0z,1,api_key,none,synthetic_v2,32,4.6875,0.125,0.375,0.03125,0,1,1
LGV2-000548,build_id,FDQ9zYT3uCi0uV9TBQu96WK3Sla3,0,build_id,none,synthetic_v2,28,4.155046,0.285714,0.464286,0.0,0,1,1
LGV2-000549,build_id,y4uO6CZklta5lQKOM2chvwENMIak,0,build_id,none,synthetic_v2,28,4.450212,0.142857,0.392857,0.0,0,1,1
LGV2-000550,db_password,Hn@ZU!s0UKrK-gLb38fZ,1,database_credential,none,synthetic_v2,20,4.021928,0.15,0.4,0.15,1,1,1
LGV2-000551,database_credential,h%7cptv53SM_jE#qq%x5,1,database_credential,none,synthetic_v2,20,4.021928,0.2,0.15,0.2,1,1,1
LGV2-000552,message,Your session has expired,0,ui_text,none,synthetic_v2,24,3.605389,0.0,0.041667,0.125,0,0,1
LGV2-000553,file_hash,0c65eb75f6a49206ee7e75e3a57e201dfc2d830ef19c1bced334835bda47f683,0,sha256,none,synthetic_v2,64,3.917838,0.59375,0.0,0.0,0,1,1
LGV2-000554,service_token,your-api-key-here,0,placeholder,none,synthetic_v2,17,3.29277,0.0,0.0,0.176471,1,1,0
LGV2-000555,service_url,https://docs.example.org,0,url,none,synthetic_v2,24,4.001629,0.0,0.0,0.208333,0,1,0
LGV2-000556,runtime_value,c406bbc206b4f037e3486dbabc946082,1,api_key,none,synthetic_v2,32,3.551109,0.625,0.0,0.0,0,1,1
LGV2-000557,password,your-api-key-here,0,placeholder,none,synthetic_v2,17,3.29277,0.0,0.0,0.176471,1,1,0
LGV2-000558,VITE_API_KEY,client_Rel9lVGhycBrJqikL2qavDT7jc,1,client_exposed_secret,Vite,synthetic_v2,33,4.574401,0.090909,0.242424,0.030303,1,1,1
LGV2-000559,database_password,PdWR%xyYhTbR!JB%JH@7,1,database_credential,none,synthetic_v2,20,4.021928,0.05,0.5,0.2,1,1,1
LGV2-000560,client_secret,removed-for-security,0,redacted,none,synthetic_v2,20,3.646439,0.0,0.0,0.1,1,1,0
LGV2-000561,password,process.env.API_KEY,0,env_reference,none,synthetic_v2,19,3.932138,0.0,0.315789,0.157895,1,1,1
LGV2-000562,file_hash,0ba1104f54295ae63d09736c2f51636cbb4c505f7b4bb67454e76509bf7b747d,0,sha256,none,synthetic_v2,64,3.732915,0.671875,0.0,0.0,0,1,1
LGV2-000563,value,f82b2b5c6802254a56fb0acd3c656f27fecab611,1,access_token,none,synthetic_v2,40,3.672574,0.575,0.0,0.0,0,1,1
LGV2-000564,data,XWTmRfwm0AN8_lpQ7xZr,1,database_credential,none,synthetic_v2,20,4.221928,0.15,0.4,0.05,0,1,1
LGV2-000565,password,fake-value-for-docs,0,documentation_example,none,synthetic_v2,19,3.576618,0.0,0.0,0.157895,1,1,0
LGV2-000566,checksum,9c723a82fd6b299da6dc8e505f6e8d16be4749dd,0,checksum,none,synthetic_v2,40,3.827567,0.575,0.0,0.0,0,1,1
LGV2-000567,file_hash,4eabc1a3b05dfaa35b95e50eedcf78bafc9173dd8c0559644a1294bec5e04659,0,sha256,none,synthetic_v2,64,3.848082,0.546875,0.0,0.0,0,1,1
LGV2-000568,auth_token,KEXpWv9XDRD5L3bE.hqeyOYoRSoZuA9wH,1,access_token,none,synthetic_v2,33,4.680758,0.121212,0.515152,0.030303,1,1,1
LGV2-000569,service_token,removed-for-security,0,redacted,none,synthetic_v2,20,3.646439,0.0,0.0,0.1,1,1,0
LGV2-000570,config_value,IME6%5y#MOGyZkehw2C3,1,database_credential,none,synthetic_v2,20,4.121928,0.2,0.4,0.1,0,1,1
LGV2-000571,client_secret,[hidden],0,redacted,none,synthetic_v2,8,2.75,0.0,0.0,0.25,1,1,0
LGV2-000572,access_token,ds8y3NAp935k0u7K.UumWkFGDF4tFbf8z,1,access_token,none,synthetic_v2,33,4.657882,0.272727,0.30303,0.030303,1,1,1
LGV2-000573,setting,G8GAdji2c5pdm_yTpLjx,1,database_credential,none,synthetic_v2,20,3.921928,0.15,0.25,0.05,0,1,1
LGV2-000574,password,J7MRsto9j4igxGZk!t$g,1,password,none,synthetic_v2,20,4.121928,0.15,0.25,0.1,1,1,1
LGV2-000575,db_password,your-password-here,0,placeholder,none,synthetic_v2,18,3.46132,0.0,0.0,0.111111,1,1,0
LGV2-000576,file_hash,3e0285d406e1e532d1508327be432e0902c89453eb7ebe051081dfaf256c29c2,0,sha256,none,synthetic_v2,64,3.803979,0.6875,0.0,0.0,0,1,1
LGV2-000577,private_api_key,lgk_CZdDiGADKdJDRZtUbzq0aVnLecBw,1,api_key,none,synthetic_v2,32,4.72641,0.03125,0.46875,0.03125,1,1,1
LGV2-000578,user_password,cgwHe#1eEm!TuMF@@TA3,1,password,none,synthetic_v2,20,4.021928,0.1,0.35,0.2,1,1,1
LGV2-000579,client_secret,fake-value-for-docs,0,documentation_example,none,synthetic_v2,19,3.576618,0.0,0.0,0.157895,1,1,0
LGV2-000580,public_id,PUB-FeZ8K5NS1WZcwe8AMVN7,0,public_identifier,none,synthetic_v2,24,4.251629,0.208333,0.583333,0.041667,0,1,1
LGV2-000581,password,falcon coffee garden river,1,password,none,synthetic_v2,26,3.536414,0.0,0.0,0.115385,1,0,0
LGV2-000582,service_token,${DB_PASSWORD},0,env_reference,none,synthetic_v2,14,3.521641,0.0,0.714286,0.285714,1,1,0
LGV2-000583,service_url,https://docs.example.org,0,url,none,synthetic_v2,24,4.001629,0.0,0.0,0.208333,0,1,0
LGV2-000584,setting,Quf2L5Rz9#0pj!t%Lzwo,1,password,none,synthetic_v2,20,4.121928,0.2,0.2,0.15,0,1,1
LGV2-000585,NEXT_PUBLIC_RUNTIME_VALUE,client_UljI7lpYau2kXrG0bGG5dzikdE,1,client_exposed_secret,Next.js,synthetic_v2,33,4.574401,0.121212,0.242424,0.030303,0,1,1
LGV2-000586,checksum,aca34a615a2384d5b5e7143c50f200529df4648e,0,checksum,none,synthetic_v2,40,3.83483,0.675,0.0,0.0,0,1,1
LGV2-000587,build_id,RY2jy8BR1k7dgwEl8dhGPvLBjOUz,0,build_id,none,synthetic_v2,28,4.450212,0.178571,0.392857,0.0,0,1,1
LGV2-000588,value,#x9EMm%8p4Yad9F!hnZA,1,password,none,synthetic_v2,20,4.221928,0.2,0.3,0.15,0,1,1
LGV2-000589,VITE_API_KEY,client_fPBi3DldqyunDuvW4yrW81Aq1f,1,client_exposed_secret,Vite,synthetic_v2,33,4.438334,0.151515,0.212121,0.030303,1,1,1
LGV2-000590,client_secret,sample-secret-value,0,documentation_example,none,synthetic_v2,19,3.405822,0.0,0.0,0.105263,1,1,0
LGV2-000591,client_secret,[hidden],0,redacted,none,synthetic_v2,8,2.75,0.0,0.0,0.25,1,1,0
LGV2-000592,NEXT_PUBLIC_RUNTIME_VALUE,e19a0d2fde7a7e89178c80717e7c0d12,1,client_exposed_secret,Next.js,synthetic_v2,32,3.319549,0.625,0.0,0.0,0,1,1
LGV2-000593,log_level,production,0,normal_config,none,synthetic_v2,10,3.121928,0.0,0.0,0.0,0,1,0
LGV2-000594,payload,TlstgZJk54jkAhI6.NAkJJOESrS25phQ8,1,access_token,none,synthetic_v2,33,4.513795,0.181818,0.424242,0.030303,0,1,1
LGV2-000595,NEXT_PUBLIC_RUNTIME_VALUE,67deb05421813c830885ff76c62c8742,1,client_exposed_secret,Next.js,synthetic_v2,32,3.667838,0.75,0.0,0.0,0,1,1
LGV2-000596,auth_token,9UPVFDkUYwkiUIFl.64IP9dHc12e80QdW,1,access_token,none,synthetic_v2,33,4.53667,0.242424,0.454545,0.030303,1,1,1
LGV2-000597,auth_token,example-only-value,0,documentation_example,none,synthetic_v2,18,3.419382,0.0,0.0,0.111111,1,1,0
LGV2-000598,runtime_value,lgk_ruWwzfJXuFNdztSDF2P96h1x8Ngb,1,api_key,none,synthetic_v2,32,4.6875,0.15625,0.3125,0.03125,0,1,1
LGV2-000599,checksum,82044a4cef23d842a45cbafdfda47cdff7c2d727,0,checksum,none,synthetic_v2,40,3.413461,0.5,0.0,0.0,0,1,1
LGV2-000600,message,Authentication successful,0,ui_text,none,synthetic_v2,25,3.643074,0.0,0.04,0.04,0,0,1
LGV2-000601,service_token,change-this-value,0,placeholder,none,synthetic_v2,17,3.616875,0.0,0.0,0.117647,1,1,0
LGV2-000602,api_key,demo-credential,0,documentation_example,none,synthetic_v2,15,3.456565,0.0,0.0,0.066667,1,1,0
LGV2-000603,service_api_key,lgk_4JBzpkTVPy1yoqfBOpHWZ6NZSRrs,1,api_key,none,synthetic_v2,32,4.6875,0.09375,0.4375,0.03125,1,1,1
LGV2-000604,db_password,sample-secret-value,0,documentation_example,none,synthetic_v2,19,3.405822,0.0,0.0,0.105263,1,1,0
LGV2-000605,file_hash,98e638fc9d27d8f97c0fcb3e70c7ebf39a42356f724cf71f8d9a41ad086ffa7a,0,sha256,none,synthetic_v2,64,3.837597,0.5625,0.0,0.0,0,1,1
LGV2-000606,config_value,803YCd0KimccDeZB.LuRaa9Eq5S1Pf4GK,1,access_token,none,synthetic_v2,33,4.80197,0.242424,0.393939,0.030303,0,1,1
LGV2-000607,admin_password,Ca2vgj%D9YqIN1mB#l4l,1,password,none,synthetic_v2,20,4.221928,0.2,0.3,0.1,1,1,1
LGV2-000608,service_token,process.env.API_KEY,0,env_reference,none,synthetic_v2,19,3.932138,0.0,0.315789,0.157895,1,1,1
LGV2-000609,setting,zW9KM@rzvMm71rG_k3Nx,1,database_credential,none,synthetic_v2,20,4.021928,0.2,0.3,0.1,0,1,1
LGV2-000610,value,ECYvCYm!I-IAm0Dh@JZi,1,database_credential,none,synthetic_v2,20,3.921928,0.05,0.55,0.15,0,1,1
LGV2-000611,admin_password,d46J6eL!uC1v!Pk_-KCv,1,password,none,synthetic_v2,20,3.921928,0.2,0.3,0.2,1,1,1
LGV2-000612,auth_token,[hidden],0,redacted,none,synthetic_v2,8,2.75,0.0,0.0,0.25,1,1,0
LGV2-000613,VITE_APP_TITLE,Dashboard,0,frontend_public_value,Vite,synthetic_v2,9,2.947703,0.0,0.111111,0.0,0,1,1
LGV2-000614,x,lgk_ayZAz92gwx8t1eB82PtoSfPPZy4E,1,api_key,none,synthetic_v2,32,4.47641,0.21875,0.28125,0.03125,0,1,1
LGV2-000615,NEXT_PUBLIC_APP_NAME,Developer Console,0,frontend_public_value,Next.js,synthetic_v2,17,3.219528,0.0,0.117647,0.058824,0,0,1
LGV2-000616,log_level,development,0,normal_config,none,synthetic_v2,11,3.027169,0.0,0.0,0.0,0,1,0
LGV2-000617,request_id,dc5714da-90ca-beeb-db72-1b1452c2526e,0,uuid,none,synthetic_v2,36,3.676191,0.472222,0.0,0.111111,0,1,1
LGV2-000618,public_id,PUB-bM6LCyGOVoGLTaobNW5h,0,public_identifier,none,synthetic_v2,24,4.251629,0.083333,0.583333,0.041667,0,1,1
LGV2-000619,setting,156308782cc54263df01bcbdce1c7c42cbb19989,1,access_token,none,synthetic_v2,40,3.724024,0.625,0.0,0.0,0,1,1
LGV2-000620,db_password,[hidden],0,redacted,none,synthetic_v2,8,2.75,0.0,0.0,0.25,1,1,0
LGV2-000621,file_hash,e055e251a7ef36fa4744034bc165118feeb6bb57c1160897c2a3e2b562045b02,0,sha256,none,synthetic_v2,64,3.786892,0.671875,0.0,0.0,0,1,1
LGV2-000622,db_password,[hidden],0,redacted,none,synthetic_v2,8,2.75,0.0,0.0,0.25,1,1,0
LGV2-000623,message,Enter your access token,0,ui_text,none,synthetic_v2,23,3.588354,0.0,0.043478,0.130435,0,0,1
LGV2-000624,service_token,$ACCESS_TOKEN,0,env_reference,none,synthetic_v2,13,3.238901,0.0,0.846154,0.153846,1,1,0
LGV2-000625,database_credential,5ZR47y-2yFnJjrx1uU!F,1,database_credential,none,synthetic_v2,20,4.121928,0.25,0.3,0.1,1,1,1
LGV2-000626,request_id,639509c4-119a-7396-be3e-9a907a6eaaa5,0,uuid,none,synthetic_v2,36,3.467586,0.583333,0.0,0.111111,0,1,1
LGV2-000627,NEXT_PUBLIC_ACCESS_TOKEN,dabe898736a3566f893697b590481194,1,client_exposed_secret,Next.js,synthetic_v2,32,3.613609,0.78125,0.0,0.0,1,1,1
LGV2-000628,service_url,https://example.com/api,0,url,none,synthetic_v2,23,3.762267,0.0,0.0,0.217391,0,1,0
LGV2-000629,setting,wgA!3J0@_LM3MW0prGWg,1,password,none,synthetic_v2,20,3.821928,0.2,0.4,0.15,0,1,1
LGV2-000630,checksum,6e13c9e101c67b7620d00a6273551d3aa66cd376,0,checksum,none,synthetic_v2,40,3.524024,0.7,0.0,0.0,0,1,1
LGV2-000631,value,lgk_camUXbD1Wz6lax00r8v8VLyC1evb,1,api_key,none,synthetic_v2,32,4.5625,0.21875,0.21875,0.03125,0,1,1
LGV2-000632,admin_password,silent window river coffee,1,password,none,synthetic_v2,26,3.642371,0.0,0.0,0.115385,1,0,0
LGV2-000633,auth_token,${DB_PASSWORD},0,env_reference,none,synthetic_v2,14,3.521641,0.0,0.714286,0.285714,1,1,0
LGV2-000634,NEXT_PUBLIC_RUNTIME_VALUE,client_tCBJ8f93Glz084Gmj1RoXbmUVw,1,client_exposed_secret,Next.js,synthetic_v2,33,4.741364,0.212121,0.272727,0.030303,0,1,1
LGV2-000635,public_id,PUB-PAOjdUxoOrrb5FCCMszk,0,public_identifier,none,synthetic_v2,24,4.168296,0.041667,0.5,0.041667,0,1,1
LGV2-000636,database_password,replace-me,0,placeholder,none,synthetic_v2,10,2.846439,0.0,0.0,0.1,1,1,0
LGV2-000637,database_credential,dMJ3Z$5HSSgin-wo#eHQ,1,database_credential,none,synthetic_v2,20,4.121928,0.1,0.4,0.15,1,1,1
LGV2-000638,setting,dcd8220cb922790ea3c8f10b6dd694cc5ce07d3f,1,access_token,none,synthetic_v2,40,3.775071,0.55,0.0,0.0,0,1,1
LGV2-000639,message,Authentication successful,0,ui_text,none,synthetic_v2,25,3.643074,0.0,0.04,0.04,0,0,1
LGV2-000640,build_id,P8fLGWdYErAYWX2JPimutA3Lu1RY,0,build_id,none,synthetic_v2,28,4.280395,0.142857,0.571429,0.0,0,1,1
LGV2-000641,auth_token,K3Q3jk3jlXTdAttU.X9CsOlh5i9maNWqa,1,access_token,none,synthetic_v2,33,4.53667,0.181818,0.333333,0.030303,1,1,1
LGV2-000642,db_password,not-configured,0,redacted,none,synthetic_v2,14,3.521641,0.0,0.0,0.071429,1,1,0
LGV2-000643,service_token,removed-for-security,0,redacted,none,synthetic_v2,20,3.646439,0.0,0.0,0.1,1,1,0
LGV2-000644,checksum,9a974ed6db488f3d24f6926218a14bc752e96be8,0,checksum,none,synthetic_v2,40,3.765312,0.65,0.0,0.0,0,1,1
LGV2-000645,auth_token,yOI1kKMylMh3YWtT.2uTcrAfF4pxC18tn,1,access_token,none,synthetic_v2,33,4.741364,0.181818,0.363636,0.030303,1,1,1
LGV2-000646,environment,UTC,0,normal_config,none,synthetic_v2,3,1.584963,0.0,1.0,0.0,0,1,0
LGV2-000647,public_id,PUB-wfx9zknKlU0aMcI7v5Xu,0,public_identifier,none,synthetic_v2,24,4.501629,0.166667,0.333333,0.041667,0,1,1
LGV2-000648,data,EAm0l5e@lhp3bVJRXGpG,1,password,none,synthetic_v2,20,4.021928,0.15,0.4,0.05,0,1,1
LGV2-000649,payload,PZiDXrb0TmnQTqs1.xbuBYyuJJVmZnNGC,1,access_token,none,synthetic_v2,33,4.620152,0.060606,0.484848,0.030303,0,1,1
LGV2-000650,public_id,PUB-QHRrCQm2Ojnywm3Q28Qp,0,public_identifier,none,synthetic_v2,24,4.084963,0.166667,0.458333,0.041667,0,1,1
LGV2-000651,access_token,FOMeH4ax7uiy31KA.xIRlWE9XebLeaqnc,1,access_token,none,synthetic_v2,33,4.779094,0.151515,0.363636,0.030303,1,1,1
LGV2-000652,data,EyakxcIlR15AgfWk.nejAgBoS0krTHTJ4,1,access_token,none,synthetic_v2,33,4.718488,0.121212,0.363636,0.030303,0,1,1
LGV2-000653,data,323ee316726f64ca71d122fac3ed0056003ad340,1,access_token,none,synthetic_v2,40,3.568454,0.675,0.0,0.0,0,1,1
LGV2-000654,service_url,https://docs.example.org,0,url,none,synthetic_v2,24,4.001629,0.0,0.0,0.208333,0,1,0
LGV2-000655,build_id,vZsT8CRydRSlkObzTNx6ou067rS8,0,build_id,none,synthetic_v2,28,4.450212,0.214286,0.357143,0.0,0,1,1
LGV2-000656,setting,kXQF-@QozBQw2E4Kg-ab,1,password,none,synthetic_v2,20,3.984184,0.1,0.4,0.15,0,1,1
LGV2-000657,NEXT_PUBLIC_APP_NAME,Developer Console,0,frontend_public_value,Next.js,synthetic_v2,17,3.219528,0.0,0.117647,0.058824,0,0,1
LGV2-000658,VITE_CONFIG_VALUE,client_cFOStUbQMg4og8fgDXG8ygMRbj,1,client_exposed_secret,Vite,synthetic_v2,33,4.49894,0.090909,0.333333,0.030303,0,1,1
LGV2-000659,service_api_key,812815a064c2957cac42b13d72aca08e,1,api_key,none,synthetic_v2,32,3.70282,0.65625,0.0,0.0,1,1,1
LGV2-000660,NEXT_PUBLIC_RUNTIME_VALUE,client_okZzsp8bKvq3qKZ8XFNTUhl5CM,1,client_exposed_secret,Next.js,synthetic_v2,33,4.741364,0.121212,0.333333,0.030303,0,1,1
LGV2-000661,api_key,lgk_xuAcK3oVjbqJ7LLUAsjmvoyK1pFJ,1,api_key,none,synthetic_v2,32,4.625,0.09375,0.34375,0.03125,1,1,1
LGV2-000662,file_hash,76b96ad88d6496ba6e53976a5fb7cf8ea48283cc0268fe8d681df3fdca3453b1,0,sha256,none,synthetic_v2,64,3.840422,0.59375,0.0,0.0,0,1,1
LGV2-000663,NEXT_PUBLIC_APP_NAME,Security Portal,0,frontend_public_value,Next.js,synthetic_v2,15,3.640224,0.0,0.133333,0.066667,0,0,1
LGV2-000664,service_url,https://docs.example.org,0,url,none,synthetic_v2,24,4.001629,0.0,0.0,0.208333,0,1,0
LGV2-000665,db_password,demo-credential,0,documentation_example,none,synthetic_v2,15,3.456565,0.0,0.0,0.066667,1,1,0
LGV2-000666,db_password,o88lH!kWV2aYx_LVxNGX,1,database_credential,none,synthetic_v2,20,4.021928,0.15,0.45,0.1,1,1,1
LGV2-000667,NEXT_PUBLIC_RUNTIME_VALUE,client_bjNLkNwKBAWbWsJVFpy6IiyM82,1,client_exposed_secret,Next.js,synthetic_v2,33,4.741364,0.090909,0.393939,0.030303,0,1,1
LGV2-000668,access_token,documentation-token,0,documentation_example,none,synthetic_v2,19,3.391893,0.0,0.0,0.052632,1,1,0
LGV2-000669,request_id,21c7c0f6-9137-67ab-4dd8-5715753ff3e2,0,uuid,none,synthetic_v2,36,3.87467,0.611111,0.0,0.111111,0,1,1
LGV2-000670,message,Your session has expired,0,ui_text,none,synthetic_v2,24,3.605389,0.0,0.041667,0.125,0,0,1
LGV2-000671,result,BPFrMV7_0oZAByNU#7Ry,1,password,none,synthetic_v2,20,4.021928,0.15,0.55,0.1,0,1,1
LGV2-000672,config_value,x_bMyv#NBS6GWUA@pV6c,1,database_credential,none,synthetic_v2,20,4.221928,0.1,0.45,0.15,0,1,1
LGV2-000673,value,_GbMbBAMd1UNBBgD$M7z,1,password,none,synthetic_v2,20,3.746439,0.1,0.55,0.1,0,1,1
LGV2-000674,value,796491c9584ad7686598e82fbbbe51c4,1,api_key,none,synthetic_v2,32,3.655639,0.6875,0.0,0.0,0,1,1
LGV2-000675,access_token,sample-secret-value,0,documentation_example,none,synthetic_v2,19,3.405822,0.0,0.0,0.105263,1,1,0
LGV2-000676,client_secret,not-configured,0,redacted,none,synthetic_v2,14,3.521641,0.0,0.0,0.071429,1,1,0
LGV2-000677,database_password,sample-secret-value,0,documentation_example,none,synthetic_v2,19,3.405822,0.0,0.0,0.105263,1,1,0
LGV2-000678,request_id,c6f06a71-46fc-4ff2-12f1-78bdc7de01a9,0,uuid,none,synthetic_v2,36,3.728972,0.5,0.0,0.111111,0,1,1
LGV2-000679,file_hash,3fcff4625be08e4d85d24351687fa7dbc1eb5b859437a8b811d89b9ea4623464,0,sha256,none,synthetic_v2,64,3.88372,0.640625,0.0,0.0,0,1,1
LGV2-000680,api_key,sample-secret-value,0,documentation_example,none,synthetic_v2,19,3.405822,0.0,0.0,0.105263,1,1,0
LGV2-000681,NEXT_PUBLIC_RUNTIME_VALUE,client_TEGJ2VUf6gBSeyiWakHVhkmC3h,1,client_exposed_secret,Next.js,synthetic_v2,33,4.741364,0.090909,0.363636,0.030303,0,1,1
LGV2-000682,build_id,BXaEYWHeLDwtPoCmS3r1E9yrkEoC,0,build_id,none,synthetic_v2,28,4.423252,0.107143,0.5,0.0,0,1,1
LGV2-000683,config_value,fcc18cabdda4b86f982e2a3043725b24,1,api_key,none,synthetic_v2,32,3.819549,0.5625,0.0,0.0,0,1,1
LGV2-000684,NEXT_PUBLIC_ACCESS_TOKEN,client_nPFz46PDjqipVJIqVLB5LzxoiG,1,client_exposed_secret,Next.js,synthetic_v2,33,4.53667,0.090909,0.363636,0.030303,1,1,1
LGV2-000685,build_id,sJE8B5kpbZ9mMTeeXgr0YlIhXDJW,0,build_id,none,synthetic_v2,28,4.593069,0.142857,0.464286,0.0,0,1,1
LGV2-000686,database_credential,XA31WW1h0XeaQ1!97MTc,1,database_credential,none,synthetic_v2,20,3.884184,0.35,0.4,0.05,1,1,1
LGV2-000687,api_key,lgk_RL0uZsmfAxlz4y814Kob8b7JPNOo,1,api_key,none,synthetic_v2,32,4.6875,0.21875,0.28125,0.03125,1,1,1
LGV2-000688,VITE_APP_TITLE,Dashboard,0,frontend_public_value,Vite,synthetic_v2,9,2.947703,0.0,0.111111,0.0,0,1,1
LGV2-000689,access_token,not-configured,0,redacted,none,synthetic_v2,14,3.521641,0.0,0.0,0.071429,1,1,0
LGV2-000690,access_token,documentation-token,0,documentation_example,none,synthetic_v2,19,3.391893,0.0,0.0,0.052632,1,1,0
LGV2-000691,runtime_value,nW5IGy10Ab!VfJYb_90N,1,database_credential,none,synthetic_v2,20,4.121928,0.25,0.4,0.1,0,1,1
LGV2-000692,public_id,PUB-jfpeaK10AjWlEViVHS8t,0,public_identifier,none,synthetic_v2,24,4.418296,0.125,0.458333,0.041667,0,1,1
LGV2-000693,checksum,05a3ec4668fe9765d62036140bd2a5f66fbb42ed,0,checksum,none,synthetic_v2,40,3.779663,0.625,0.0,0.0,0,1,1
LGV2-000694,setting,5cc8b8dbb7ab24a743fa37b7e81eefd2,1,api_key,none,synthetic_v2,32,3.566428,0.46875,0.0,0.0,0,1,1
LGV2-000695,file_hash,f650e8c22effc4df44a6f1a0c57b180bccae103585ab885cec64b95748c763ac,0,sha256,none,synthetic_v2,64,3.814257,0.5625,0.0,0.0,0,1,1
LGV2-000696,service_api_key,lgk_nD0YmTvgWAc7O1RLhX5CDQL9Gi9F,1,api_key,none,synthetic_v2,32,4.75,0.1875,0.46875,0.03125,1,1,1
LGV2-000697,result,dC_ndI8W3T0FA@cslUys,1,password,none,synthetic_v2,20,4.121928,0.15,0.35,0.1,0,1,1
LGV2-000698,db_password,replace-me,0,placeholder,none,synthetic_v2,10,2.846439,0.0,0.0,0.1,1,1,0
LGV2-000699,service_token,0d11f1dcf3ef720d64b9720f95e0ee4c5be02ca1,1,access_token,none,synthetic_v2,40,3.73483,0.55,0.0,0.0,1,1,1
LGV2-000700,admin_password,jcO9Bf5ybM-yWyABgIQ!,1,password,none,synthetic_v2,20,3.984184,0.1,0.4,0.1,1,1,1
LGV2-000701,VITE_CONFIG_VALUE,client_yc9FW5fEqIffpU1TO7gDyVvpME,1,client_exposed_secret,Vite,synthetic_v2,33,4.657882,0.121212,0.333333,0.030303,0,1,1
LGV2-000702,x,ocean mountain bridge cloud,1,password,none,synthetic_v2,27,3.782122,0.0,0.0,0.111111,0,0,0
LGV2-000703,request_id,0a186676-f473-c022-981b-99f9c145419c,0,uuid,none,synthetic_v2,36,3.728972,0.694444,0.0,0.111111,0,1,1
LGV2-000704,result,@V8RWrjwvUog2f@$FVpT,1,password,none,synthetic_v2,20,4.121928,0.1,0.35,0.15,0,1,1
LGV2-000705,value,1-FHvDRno4y%$Fa!1Dx2,1,database_credential,none,synthetic_v2,20,4.021928,0.2,0.3,0.2,0,1,1
LGV2-000706,NEXT_PUBLIC_ACCESS_TOKEN,client_w1OnL1GsckVIKetfzSh1iUJr4B,1,client_exposed_secret,Next.js,synthetic_v2,33,4.597276,0.121212,0.30303,0.030303,1,1,1
LGV2-000707,service_token,${DB_PASSWORD},0,env_reference,none,synthetic_v2,14,3.521641,0.0,0.714286,0.285714,1,1,0
LGV2-000708,database_credential,hOLF_BEPrf9D4bMD#ZOg,1,database_credential,none,synthetic_v2,20,4.121928,0.1,0.55,0.1,1,1,1
LGV2-000709,x,summer garden window summer,1,password,none,synthetic_v2,27,3.5599,0.0,0.0,0.111111,0,0,0
LGV2-000710,public_id,PUB-en1hL5WUpwQWMO0k03nT,0,public_identifier,none,synthetic_v2,24,4.251629,0.208333,0.458333,0.041667,0,1,1
LGV2-000711,region,LeakGuard,0,normal_config,none,synthetic_v2,9,2.947703,0.0,0.222222,0.0,0,1,1
LGV2-000712,checksum,1df5f4dc093d98ab5496b8fe6a45f0ad54f20966,0,checksum,none,synthetic_v2,40,3.693943,0.6,0.0,0.0,0,1,1
LGV2-000713,VITE_API_KEY,668f40c18519681e02c8b309c7c3af25,1,client_exposed_secret,Vite,synthetic_v2,32,3.741729,0.71875,0.0,0.0,1,1,1
LGV2-000714,public_id,PUB-fA4TtuLUDWQCNZqv963Z,0,public_identifier,none,synthetic_v2,24,4.418296,0.166667,0.583333,0.041667,0,1,1
LGV2-000715,service_token,<redacted>,0,redacted,none,synthetic_v2,10,2.921928,0.0,0.0,0.2,1,1,0
LGV2-000716,db_password,JPVY!6IW5-s1lKZj$3w!,1,database_credential,none,synthetic_v2,20,4.221928,0.2,0.4,0.2,1,1,1
LGV2-000717,client_secret,${DB_PASSWORD},0,env_reference,none,synthetic_v2,14,3.521641,0.0,0.714286,0.285714,1,1,0
LGV2-000718,request_id,d568192f-1032-5480-b01b-56582767ec01,0,uuid,none,synthetic_v2,36,3.773684,0.722222,0.0,0.111111,0,1,1
LGV2-000719,NEXT_PUBLIC_RUNTIME_VALUE,client_ELaF3pEhc0bKRs1oHGkWjXggtZ,1,client_exposed_secret,Next.js,synthetic_v2,33,4.80197,0.090909,0.333333,0.030303,0,1,1
LGV2-000720,db_password,fake-value-for-docs,0,documentation_example,none,synthetic_v2,19,3.576618,0.0,0.0,0.157895,1,1,0
LGV2-000721,NEXT_PUBLIC_RUNTIME_VALUE,client_DsTfQViFsyMlYegIRZ1PJjrfMT,1,client_exposed_secret,Next.js,synthetic_v2,33,4.620152,0.030303,0.424242,0.030303,0,1,1
LGV2-000722,db_password,<redacted>,0,redacted,none,synthetic_v2,10,2.921928,0.0,0.0,0.2,1,1,0
LGV2-000723,build_id,VvCFVwIqQFqxDa0wtTv5HXQ2351M,0,build_id,none,synthetic_v2,28,4.307355,0.214286,0.464286,0.0,0,1,1
LGV2-000724,db_password,sample-secret-value,0,documentation_example,none,synthetic_v2,19,3.405822,0.0,0.0,0.105263,1,1,0
LGV2-000725,auth_token,not-configured,0,redacted,none,synthetic_v2,14,3.521641,0.0,0.0,0.071429,1,1,0
LGV2-000726,user_password,window bridge river river,1,password,none,synthetic_v2,25,3.23908,0.0,0.0,0.12,1,0,0
LGV2-000727,api_key,lgk_CAEDnvMju3TuU3wziWxGJgupDhrC,1,api_key,none,synthetic_v2,32,4.60141,0.0625,0.375,0.03125,1,1,1
LGV2-000728,client_secret,example-only-value,0,documentation_example,none,synthetic_v2,18,3.419382,0.0,0.0,0.111111,1,1,0
LGV2-000729,private_api_key,lgk_VPAoupA6Uur0eKxhGR5dloZHc9ze,1,api_key,none,synthetic_v2,32,4.6875,0.125,0.3125,0.03125,1,1,1
LGV2-000730,NEXT_PUBLIC_ACCESS_TOKEN,338ff740312f05ca4932fe69ff8a01d3,1,client_exposed_secret,Next.js,synthetic_v2,32,3.628928,0.65625,0.0,0.0,1,1,1
LGV2-000731,database_password,hOvAOx2ak#wus!Q!5lJq,1,database_credential,none,synthetic_v2,20,4.121928,0.1,0.25,0.15,1,1,1
LGV2-000732,log_level,INFO,0,normal_config,none,synthetic_v2,4,2.0,0.0,1.0,0.0,0,1,0
LGV2-000733,setting,lgk_gonEUA5avlpc6quJGgzvX1Sb6kx6,1,api_key,none,synthetic_v2,32,4.51532,0.15625,0.21875,0.03125,0,1,1
LGV2-000734,file_hash,25220d7612ca6f6f5f91e502568463265a75c9d96d8b70895212fb1d2e02ab28,0,sha256,none,synthetic_v2,64,3.755916,0.71875,0.0,0.0,0,1,1
LGV2-000735,result,vfCx40tmxBwPzP_BBd72,1,database_credential,none,synthetic_v2,20,3.884184,0.2,0.3,0.05,0,1,1
LGV2-000736,request_id,922913f1-00f3-e866-3026-0bb173f1df26,0,uuid,none,synthetic_v2,36,3.503258,0.666667,0.0,0.111111,0,1,1
LGV2-000737,message,Your session has expired,0,ui_text,none,synthetic_v2,24,3.605389,0.0,0.041667,0.125,0,0,1
LGV2-000738,auth_token,your-password-here,0,placeholder,none,synthetic_v2,18,3.46132,0.0,0.0,0.111111,1,1,0
LGV2-000739,request_id,09791408-7768-9441-0245-59a5709de505,0,uuid,none,synthetic_v2,36,3.424677,0.805556,0.0,0.111111,0,1,1
LGV2-000740,api_key,d33eb7986102163324c53589e2e8da85,1,api_key,none,synthetic_v2,32,3.691428,0.75,0.0,0.0,1,1,1
LGV2-000741,payload,AlLzxDwXsj0RW4FR.IAx9BfMq4iv7wPDC,1,access_token,none,synthetic_v2,33,4.680758,0.151515,0.454545,0.030303,0,1,1
LGV2-000742,value,h3IPsCM9F8sToaJ-!UOO,1,password,none,synthetic_v2,20,4.121928,0.15,0.5,0.1,0,1,1
LGV2-000743,build_id,XIRLu3aNdTWwLhXeNeHAUkUmpMXW,0,build_id,none,synthetic_v2,28,4.280395,0.035714,0.607143,0.0,0,1,1
LGV2-000744,public_id,PUB-4VXjbjE7dBhxNkEoJFrd,0,public_identifier,none,synthetic_v2,24,4.251629,0.083333,0.458333,0.041667,0,1,1
LGV2-000745,database_password,os.getenv(API_KEY),0,env_reference,none,synthetic_v2,18,4.058814,0.0,0.333333,0.222222,1,1,1
LGV2-000746,checksum,697a7b7ea37edb2b2bf7ed747d489aa32dd4f65e,0,checksum,none,synthetic_v2,40,3.502656,0.525,0.0,0.0,0,1,1
LGV2-000747,build_id,ROPaoST3scpdhbNx65z9FK6XOCxB,0,build_id,none,synthetic_v2,28,4.593069,0.178571,0.428571,0.0,0,1,1
LGV2-000748,config_value,lgk_jAuDp3ViW7FuN7WNHVO4cRgYefba,1,api_key,none,synthetic_v2,32,4.625,0.125,0.40625,0.03125,0,1,1
LGV2-000749,result,gDW_kfeFlGz-3gGu_U%l,1,database_credential,none,synthetic_v2,20,3.921928,0.05,0.3,0.2,0,1,1
LGV2-000750,environment,UTC,0,normal_config,none,synthetic_v2,3,1.584963,0.0,1.0,0.0,0,1,0
LGV2-000751,setting,224933f71a0798cb259279c13f801ad86a146a17,1,access_token,none,synthetic_v2,40,3.743943,0.75,0.0,0.0,0,1,1
LGV2-000752,config_value,HMouQQM6xPp58HiQ.5JWb10s0a5w9A4Qh,1,access_token,none,synthetic_v2,33,4.476064,0.30303,0.363636,0.030303,0,1,1
LGV2-000753,x,planet river river coffee,1,password,none,synthetic_v2,25,3.429275,0.0,0.0,0.12,0,0,0
LGV2-000754,database_credential,ZoaqTaEWT3Yg$8VLhOdK,1,database_credential,none,synthetic_v2,20,4.121928,0.1,0.5,0.05,1,1,1
LGV2-000755,config_value,210c96906308b416d1922937a5bb7ba4,1,api_key,none,synthetic_v2,32,3.655639,0.75,0.0,0.0,0,1,1
LGV2-000756,message,Authentication successful,0,ui_text,none,synthetic_v2,25,3.643074,0.0,0.04,0.04,0,0,1
LGV2-000757,access_token,process.env.API_KEY,0,env_reference,none,synthetic_v2,19,3.932138,0.0,0.315789,0.157895,1,1,1
LGV2-000758,file_hash,84462c8c7119046d6d4d8602518f27e5f32eabf8aa48770df8a9fc19834777e4,0,sha256,none,synthetic_v2,64,3.84481,0.6875,0.0,0.0,0,1,1
LGV2-000759,file_hash,595fd49cf3fff51c8fcb9a1014bb0ac3dbbdb177792293a50a1edd80f0acca3f,0,sha256,none,synthetic_v2,64,3.754332,0.5,0.0,0.0,0,1,1
LGV2-000760,database_password,Q%2d6nD-nR7m6yDX0b9m,1,database_credential,none,synthetic_v2,20,3.921928,0.3,0.25,0.1,1,1,1
LGV2-000761,private_api_key,lgk_xxy8KcMjRC8xxCWeKiHxzuPrp9hb,1,api_key,none,synthetic_v2,32,4.449699,0.09375,0.28125,0.03125,1,1,1
LGV2-000762,request_id,6b08984b-a731-d6f3-9485-39236223733d,0,uuid,none,synthetic_v2,36,3.651285,0.722222,0.0,0.111111,0,1,1
LGV2-000763,service_api_key,lgk_VCX0urUAMPfmCn60AVFWH3x0dGYk,1,api_key,none,synthetic_v2,32,4.60141,0.15625,0.46875,0.03125,1,1,1
LGV2-000764,message,API key is required,0,ui_text,none,synthetic_v2,19,3.536887,0.0,0.157895,0.157895,0,0,1
LGV2-000765,public_id,PUB-5Dj9aQEBvblq4ekRW2aM,0,public_identifier,none,synthetic_v2,24,4.418296,0.166667,0.416667,0.041667,0,1,1
LGV2-000766,message,Your session has expired,0,ui_text,none,synthetic_v2,24,3.605389,0.0,0.041667,0.125,0,0,1
LGV2-000767,access_token,<redacted>,0,redacted,none,synthetic_v2,10,2.921928,0.0,0.0,0.2,1,1,0
LGV2-000768,file_hash,d5352b3f0b3d33d6ba2aef53c11a7f62c4f58a91345f501569474418288f8643,0,sha256,none,synthetic_v2,64,3.821874,0.703125,0.0,0.0,0,1,1
LGV2-000769,result,lgk_F8rBdqaBDkdY41dVDHsnAh4sjsrl,1,api_key,none,synthetic_v2,32,4.32782,0.125,0.28125,0.03125,0,1,1
LGV2-000770,db_password,change-this-value,0,placeholder,none,synthetic_v2,17,3.616875,0.0,0.0,0.117647,1,1,0
LGV2-000771,checksum,51a4a546c2d3130857af3abcc7bd37e4603f4297,0,checksum,none,synthetic_v2,40,3.843943,0.65,0.0,0.0,0,1,1
LGV2-000772,runtime_value,Fa8BScVt98Wl3Y3Au-Fm,1,database_credential,none,synthetic_v2,20,4.021928,0.25,0.4,0.05,0,1,1
LGV2-000773,api_key,removed-for-security,0,redacted,none,synthetic_v2,20,3.646439,0.0,0.0,0.1,1,1,0
LGV2-000774,VITE_CONFIG_VALUE,72a5a8e2a1d3a61074c768f4f5f94626,1,client_exposed_secret,Vite,synthetic_v2,32,3.718139,0.6875,0.0,0.0,0,1,1
LGV2-000775,password,0Pc8DCWmD1z7Po%PEHzj,1,password,none,synthetic_v2,20,3.884184,0.2,0.45,0.05,1,1,1
LGV2-000776,VITE_CONFIG_VALUE,client_OOBJVlRgsts2HHNyyLNTFjF92S,1,client_exposed_secret,Vite,synthetic_v2,33,4.49894,0.090909,0.454545,0.030303,0,1,1
LGV2-000777,request_id,a266530e-5570-cefc-9327-1b56485b841f,0,uuid,none,synthetic_v2,36,3.882021,0.638889,0.0,0.111111,0,1,1
LGV2-000778,NEXT_PUBLIC_ACCESS_TOKEN,client_sN6dSH5jD1PCfUGhlXL85SIizA,1,client_exposed_secret,Next.js,synthetic_v2,33,4.80197,0.151515,0.393939,0.030303,1,1,1
LGV2-000779,VITE_API_KEY,fbc4105ff52fa7a817cc72eee2fea3f0,1,client_exposed_secret,Vite,synthetic_v2,32,3.483459,0.46875,0.0,0.0,1,1,1
LGV2-000780,value,95a1019c6b1d5b163e57a26f601c63907a5c7bc1,1,access_token,none,synthetic_v2,40,3.599582,0.675,0.0,0.0,0,1,1
LGV2-000781,build_id,vB6dpofLaoAVW4ZYIKcZa3Up0ded,0,build_id,none,synthetic_v2,28,4.351823,0.142857,0.392857,0.0,0,1,1
LGV2-000782,runtime_value,lgk_09fdr2NyFb3yyCconylQBIdQtcIW,1,api_key,none,synthetic_v2,32,4.4375,0.125,0.28125,0.03125,0,1,1
LGV2-000783,api_key,86351e292836fab473926afea94bad50,1,api_key,none,synthetic_v2,32,3.780639,0.65625,0.0,0.0,1,1,1
LGV2-000784,db_password,l#_9y-0R#slmdtP9Z4zN,1,database_credential,none,synthetic_v2,20,4.021928,0.2,0.2,0.2,1,1,1
LGV2-000785,auth_token,2a6dda752f3ea3e59c23caf1264044e9ce66a99d,1,access_token,none,synthetic_v2,40,3.656198,0.575,0.0,0.0,1,1,1
LGV2-000786,auth_token,kdgvnmASJU7UIqQs.tpgdzKJ1FjdxaBfs,1,access_token,none,synthetic_v2,33,4.657882,0.060606,0.333333,0.030303,1,1,1
LGV2-000787,service_url,https://example.com/api,0,url,none,synthetic_v2,23,3.762267,0.0,0.0,0.217391,0,1,0
LGV2-000788,setting,pjb5o5CqFzDTDx4n.DiA9dp8j5O7gsxdw,1,access_token,none,synthetic_v2,33,4.513795,0.212121,0.242424,0.030303,0,1,1
LGV2-000789,service_api_key,lgk_91WhgYNNY28g0JcGgkOh3n6xkUsT,1,api_key,none,synthetic_v2,32,4.41391,0.21875,0.3125,0.03125,1,1,1
LGV2-000790,password,$ACCESS_TOKEN,0,env_reference,none,synthetic_v2,13,3.238901,0.0,0.846154,0.153846,1,1,0
LGV2-000791,log_level,eu-west,0,normal_config,none,synthetic_v2,7,2.521641,0.0,0.0,0.142857,0,1,0
LGV2-000792,file_hash,475417315ea171880b17b32e3276abd2d940abadbf905b194036ab6c14c227d3,0,sha256,none,synthetic_v2,64,3.851313,0.671875,0.0,0.0,0,1,1
LGV2-000793,build_id,mJvZp4iU99s8D9l4xQdxIpopq8m8,0,build_id,none,synthetic_v2,28,4.083617,0.285714,0.214286,0.0,0,1,1
LGV2-000794,VITE_CONFIG_VALUE,client_7kG5FR0LrYkMQBJ5GjDUWzL8Q7,1,client_exposed_secret,Vite,synthetic_v2,33,4.680758,0.181818,0.454545,0.030303,0,1,1
LGV2-000795,message,Please enter your password,0,ui_text,none,synthetic_v2,26,3.69026,0.0,0.038462,0.115385,0,0,1
LGV2-000796,request_id,1d5d8f65-3361-1134-b012-00ab9fa87040,0,uuid,none,synthetic_v2,36,3.726198,0.666667,0.0,0.111111,0,1,1
LGV2-000797,file_hash,ae56ed5e8a8606c9ce234173fc4157471272a288a451df64724e2d2ae58a0100,0,sha256,none,synthetic_v2,64,3.779232,0.6875,0.0,0.0,0,1,1
LGV2-000798,checksum,7778b740a75c60528f337d77e55783079dce6732,0,checksum,none,synthetic_v2,40,3.48284,0.775,0.0,0.0,0,1,1
LGV2-000799,build_id,jc08V4UnBHrK4NugwskhsrFCo4ks,0,build_id,none,synthetic_v2,28,4.324863,0.178571,0.285714,0.0,0,1,1
LGV2-000800,config_value,3j_ax_-yIxP9tNc1@naR,1,database_credential,none,synthetic_v2,20,4.021928,0.15,0.2,0.2,0,1,1
LGV2-000801,result,fOa1ggbQFSMIg6P_UxJo,1,database_credential,none,synthetic_v2,20,4.084184,0.1,0.45,0.05,0,1,1
LGV2-000802,VITE_APP_TITLE,Developer Console,0,frontend_public_value,Vite,synthetic_v2,17,3.219528,0.0,0.117647,0.058824,0,0,1
LGV2-000803,log_level,development,0,normal_config,none,synthetic_v2,11,3.027169,0.0,0.0,0.0,0,1,0
LGV2-000804,VITE_APP_TITLE,Developer Console,0,frontend_public_value,Vite,synthetic_v2,17,3.219528,0.0,0.117647,0.058824,0,0,1
LGV2-000805,password,***REDACTED***,0,redacted,none,synthetic_v2,14,2.4138,0.0,0.571429,0.428571,1,1,0
LGV2-000806,service_api_key,lgk_2k1Q4JlsgEiVqUZJW6l8R5vPfowo,1,api_key,none,synthetic_v2,32,4.60141,0.1875,0.3125,0.03125,1,1,1
LGV2-000807,NEXT_PUBLIC_RUNTIME_VALUE,client_DgI4YduYOemEhCfEmgILnMFtKa,1,client_exposed_secret,Next.js,synthetic_v2,33,4.559546,0.030303,0.393939,0.030303,0,1,1
LGV2-000808,db_password,documentation-token,0,documentation_example,none,synthetic_v2,19,3.391893,0.0,0.0,0.052632,1,1,0
LGV2-000809,result,BGNVBWj09YEbWyB2.fW66tMIjJUlqyDtD,1,access_token,none,synthetic_v2,33,4.453189,0.151515,0.515152,0.030303,0,1,1
LGV2-000810,client_secret,process.env.API_KEY,0,env_reference,none,synthetic_v2,19,3.932138,0.0,0.315789,0.157895,1,1,1
LGV2-000811,payload,!pPm3J99mDCMXc$ax!q1,1,password,none,synthetic_v2,20,4.021928,0.2,0.3,0.15,0,1,1
LGV2-000812,password,%tx0WA7iGL2dGs4r@EM9,1,password,none,synthetic_v2,20,4.221928,0.25,0.35,0.1,1,1,1
LGV2-000813,setting,cedc818f7a19ed7563a400c2ab216b65c795bad6,1,access_token,none,synthetic_v2,40,3.877567,0.575,0.0,0.0,0,1,1
LGV2-000814,runtime_value,quK%cL$NGh#3eeqDQR9M,1,password,none,synthetic_v2,20,4.121928,0.1,0.4,0.15,0,1,1
LGV2-000815,checksum,91acf1de011087cba2b84cc37d487ab1b95c11f1,0,checksum,none,synthetic_v2,40,3.625071,0.575,0.0,0.0,0,1,1
LGV2-000816,log_level,eu-west,0,normal_config,none,synthetic_v2,7,2.521641,0.0,0.0,0.142857,0,1,0
LGV2-000817,setting,iWuNeybgflrTgfx6.2G09qIZHOydaW5Ia,1,access_token,none,synthetic_v2,33,4.680758,0.151515,0.30303,0.030303,0,1,1
LGV2-000818,public_id,PUB-9kbJCJPd5wE3TjeRwe9U,0,public_identifier,none,synthetic_v2,24,4.084963,0.166667,0.458333,0.041667,0,1,1
LGV2-000819,auth_token,fake-value-for-docs,0,documentation_example,none,synthetic_v2,19,3.576618,0.0,0.0,0.157895,1,1,0
LGV2-000820,message,Please enter your password,0,ui_text,none,synthetic_v2,26,3.69026,0.0,0.038462,0.115385,0,0,1
LGV2-000821,admin_password,silver bridge garden ocean,1,password,none,synthetic_v2,26,3.642371,0.0,0.0,0.115385,1,0,0
LGV2-000822,runtime_value,lgk_8OBzByfFbFguJENytFYXsXRSdH1c,1,api_key,none,synthetic_v2,32,4.60141,0.0625,0.46875,0.03125,0,1,1
LGV2-000823,value,0SDEuPPz0ykdZxPB.mrggexMX2vbpskIg,1,access_token,none,synthetic_v2,33,4.574401,0.090909,0.333333,0.030303,0,1,1
LGV2-000824,value,T#wG!B0mOu13-OLUn-ZJ,1,password,none,synthetic_v2,20,4.121928,0.15,0.45,0.2,0,1,1
LGV2-000825,user_password,d6KPkp9m6_7YtnQdHVcI,1,password,none,synthetic_v2,20,4.121928,0.2,0.35,0.05,1,1,1
LGV2-000826,public_id,PUB-GaXRpdR1vBMVaBEssFfW,0,public_identifier,none,synthetic_v2,24,4.136842,0.041667,0.583333,0.041667,0,1,1
LGV2-000827,NEXT_PUBLIC_RUNTIME_VALUE,7c40b0c42557ba52cb0ae38c42524ace,1,client_exposed_secret,Next.js,synthetic_v2,32,3.316428,0.59375,0.0,0.0,0,1,1
LGV2-000828,db_password,OjuHY1ODPLMqI5E3rh%z,1,database_credential,none,synthetic_v2,20,4.221928,0.15,0.5,0.05,1,1,1
LGV2-000829,private_api_key,lgk_vAw9ZsskcS7MVtUYKqdOELkKdQsZ,1,api_key,none,synthetic_v2,32,4.51532,0.0625,0.4375,0.03125,1,1,1
LGV2-000830,data,LAhJcomjtiVSzaxd.GYahHQrLHat4Ziu6,1,access_token,none,synthetic_v2,33,4.597276,0.060606,0.363636,0.030303,0,1,1
LGV2-000831,password,<redacted>,0,redacted,none,synthetic_v2,10,2.921928,0.0,0.0,0.2,1,1,0
LGV2-000832,payload,OyDZL#7fvP!M77o0T7@7,1,database_credential,none,synthetic_v2,20,3.741446,0.3,0.35,0.15,0,1,1
LGV2-000833,NEXT_PUBLIC_RUNTIME_VALUE,client_WpIvFoB9JbSegK5ioA3cnDAIVe,1,client_exposed_secret,Next.js,synthetic_v2,33,4.53667,0.090909,0.363636,0.030303,0,1,1
LGV2-000834,api_key,your-password-here,0,placeholder,none,synthetic_v2,18,3.46132,0.0,0.0,0.111111,1,1,0
LGV2-000835,service_token,Bvrjn9Wvgfygw2wM.qZcUDIh7yfJs1ON4,1,access_token,none,synthetic_v2,33,4.741364,0.151515,0.30303,0.030303,1,1,1
LGV2-000836,NEXT_PUBLIC_RUNTIME_VALUE,d349ab4bf20ebd76a7af8aa64a777ff0,1,client_exposed_secret,Next.js,synthetic_v2,32,3.417838,0.5,0.0,0.0,0,1,1
LGV2-000837,x,53d8f341d0524cdb4c793aa312beded9,1,api_key,none,synthetic_v2,32,3.738609,0.5625,0.0,0.0,0,1,1
LGV2-000838,checksum,f181b7382d3bd1f75f97acb3ec591d9cc78d08e9,0,checksum,none,synthetic_v2,40,3.665312,0.575,0.0,0.0,0,1,1
LGV2-000839,result,b930f4e4959f9290e16931f90db0184b,1,api_key,none,synthetic_v2,32,3.41653,0.71875,0.0,0.0,0,1,1
LGV2-000840,NEXT_PUBLIC_RUNTIME_VALUE,35000ac90b256f56b34b5e54e013993b,1,client_exposed_secret,Next.js,synthetic_v2,32,3.438307,0.71875,0.0,0.0,0,1,1
LGV2-000841,payload,uW6GjZsE$iyHj9-2GAIk,1,database_credential,none,synthetic_v2,20,4.121928,0.15,0.4,0.1,0,1,1
LGV2-000842,message,Authentication successful,0,ui_text,none,synthetic_v2,25,3.643074,0.0,0.04,0.04,0,0,1
LGV2-000843,service_url,https://example.com/api,0,url,none,synthetic_v2,23,3.762267,0.0,0.0,0.217391,0,1,0
LGV2-000844,VITE_API_KEY,client_tJyPYv0iQS18VR6HfPQBGxbxtl,1,client_exposed_secret,Vite,synthetic_v2,33,4.597276,0.121212,0.363636,0.030303,1,1,1
LGV2-000845,setting,ee4cc086fdaa0fce6b42c5c66abc8797cf072e0c,1,access_token,none,synthetic_v2,40,3.565312,0.475,0.0,0.0,0,1,1
LGV2-000846,request_id,1ce2ec5b-4165-53a1-e420-3a34d685b08b,0,uuid,none,synthetic_v2,36,3.731746,0.583333,0.0,0.111111,0,1,1
LGV2-000847,build_id,JT1q6KGtToB7krfHy8iVnzNdozl0,0,build_id,none,synthetic_v2,28,4.593069,0.178571,0.321429,0.0,0,1,1
LGV2-000848,database_password,eFcq-%p!jDfs086$tKBb,1,database_credential,none,synthetic_v2,20,4.321928,0.15,0.2,0.2,1,1,1
LGV2-000849,x,lgk_no5mC3pzntB4yKk71xqJfiWfsCHw,1,api_key,none,synthetic_v2,32,4.75,0.15625,0.21875,0.03125,0,1,1
LGV2-000850,database_password,fake-value-for-docs,0,documentation_example,none,synthetic_v2,19,3.576618,0.0,0.0,0.157895,1,1,0
LGV2-000851,api_key,lgk_lZ9SHDdJp62hDiZDQHJMu8W5CN0U,1,api_key,none,synthetic_v2,32,4.60141,0.1875,0.5,0.03125,1,1,1
LGV2-000852,message,Authentication successful,0,ui_text,none,synthetic_v2,25,3.643074,0.0,0.04,0.04,0,0,1
LGV2-000853,checksum,cd9873d8f03c684537417712c46830630d3a6e44,0,checksum,none,synthetic_v2,40,3.637326,0.775,0.0,0.0,0,1,1
LGV2-000854,user_password,summer winter planet window,1,password,none,synthetic_v2,27,3.754163,0.0,0.0,0.111111,1,0,0
LGV2-000855,service_token,qVEnm0Ir7JSrigNV.LppdQ5HoOodgAvTE,1,access_token,none,synthetic_v2,33,4.620152,0.090909,0.424242,0.030303,1,1,1
LGV2-000856,db_password,os.getenv(API_KEY),0,env_reference,none,synthetic_v2,18,4.058814,0.0,0.333333,0.222222,1,1,1
LGV2-000857,data,bridge summer window silver,1,password,none,synthetic_v2,27,3.754163,0.0,0.0,0.111111,0,0,0
LGV2-000858,password,!eJS-m9wnmK8e%H0ZSXs,1,password,none,synthetic_v2,20,4.021928,0.15,0.35,0.15,1,1,1
LGV2-000859,VITE_APP_TITLE,Dashboard,0,frontend_public_value,Vite,synthetic_v2,9,2.947703,0.0,0.111111,0.0,0,1,1
LGV2-000860,runtime_value,lgk_mTMDskLiu9bhd3uJExju1UyJbOBP,1,api_key,none,synthetic_v2,32,4.66391,0.09375,0.34375,0.03125,0,1,1
LGV2-000861,NEXT_PUBLIC_ACCESS_TOKEN,6a6698ae384583036ba8497529ae140f,1,client_exposed_secret,Next.js,synthetic_v2,32,3.616729,0.75,0.0,0.0,1,1,1
LGV2-000862,VITE_API_KEY,f728b716bcfe11a3885ccb28c7cbbff0,1,client_exposed_secret,Vite,synthetic_v2,32,3.414717,0.5,0.0,0.0,1,1,1
LGV2-000863,NEXT_PUBLIC_ACCESS_TOKEN,client_CFGH1hETIR0I5sCNxZR8SZ84em,1,client_exposed_secret,Next.js,synthetic_v2,33,4.680758,0.181818,0.454545,0.030303,1,1,1
LGV2-000864,setting,wPZRYsnvS9GJ1VYr.fGXnqnDqc7hHQOlE,1,access_token,none,synthetic_v2,33,4.718488,0.090909,0.484848,0.030303,0,1,1
LGV2-000865,database_password,fake-value-for-docs,0,documentation_example,none,synthetic_v2,19,3.576618,0.0,0.0,0.157895,1,1,0
LGV2-000866,runtime_value,lgk_7hmMbIbHGWjn3xh5nbuiofUS8irr,1,api_key,none,synthetic_v2,32,4.60141,0.125,0.21875,0.03125,0,1,1
LGV2-000867,VITE_API_KEY,fac6c50b02b0349e6b106695785a7560,1,client_exposed_secret,Vite,synthetic_v2,32,3.625807,0.71875,0.0,0.0,1,1,1
LGV2-000868,NEXT_PUBLIC_ACCESS_TOKEN,850a965cda2c354fa708c7e8a908b713,1,client_exposed_secret,Next.js,synthetic_v2,32,3.780639,0.65625,0.0,0.0,1,1,1
LGV2-000869,service_api_key,lgk_aUjA3PjeEYqvNSzPf2v2R2Iy9uOT,1,api_key,none,synthetic_v2,32,4.66391,0.15625,0.375,0.03125,1,1,1
LGV2-000870,VITE_APP_TITLE,Developer Console,0,frontend_public_value,Vite,synthetic_v2,17,3.219528,0.0,0.117647,0.058824,0,0,1
LGV2-000871,service_url,https://localhost:8000,0,url,none,synthetic_v2,22,3.481715,0.181818,0.0,0.181818,0,1,1
LGV2-000872,NEXT_PUBLIC_ACCESS_TOKEN,client_GccciTvZEHDjM5Giu7NukzNV1t,1,client_exposed_secret,Next.js,synthetic_v2,33,4.415458,0.090909,0.333333,0.030303,1,1,1
LGV2-000873,runtime_value,VcQV!u6CYWBPb_N2wayK,1,database_credential,none,synthetic_v2,20,4.221928,0.1,0.5,0.1,0,1,1
LGV2-000874,config_value,garden winter bridge window,1,password,none,synthetic_v2,27,3.448065,0.0,0.0,0.111111,0,0,0
LGV2-000875,NEXT_PUBLIC_RUNTIME_VALUE,client_aRH4rKYUX1mFJpdBnNQym0Hswi,1,client_exposed_secret,Next.js,synthetic_v2,33,4.80197,0.090909,0.363636,0.030303,0,1,1
LGV2-000876,result,lgk_vGLeCdZT464qUUxr6ig0JwRsxF11,1,api_key,none,synthetic_v2,32,4.625,0.21875,0.3125,0.03125,0,1,1
LGV2-000877,access_token,NepOR6soVfBgWOT3.gCkSt5bcuYdswxBj,1,access_token,none,synthetic_v2,33,4.80197,0.090909,0.363636,0.030303,1,1,1
LGV2-000878,payload,lgk_1thM5AyytxbuFmWbnBXOWjC3LYWV,1,api_key,none,synthetic_v2,32,4.66391,0.09375,0.40625,0.03125,0,1,1
LGV2-000879,access_token,5c3veGprQFnIiU74.KKEpYEZAmggQBwBA,1,access_token,none,synthetic_v2,33,4.620152,0.121212,0.484848,0.030303,1,1,1
LGV2-000880,db_password,0#9bcBth_-_aH1!cuVb6,1,database_credential,none,synthetic_v2,20,4.021928,0.2,0.15,0.25,1,1,1
LGV2-000881,admin_password,forest summer garden silent,1,password,none,synthetic_v2,27,3.708048,0.0,0.0,0.111111,1,0,0
LGV2-000882,service_api_key,b6e0708b62977fb18f606c38f5652424,1,api_key,none,synthetic_v2,32,3.620657,0.75,0.0,0.0,1,1,1
LGV2-000883,password,${API_KEY},0,env_reference,none,synthetic_v2,10,3.321928,0.0,0.6,0.4,1,1,0
LGV2-000884,database_password,$ACCESS_TOKEN,0,env_reference,none,synthetic_v2,13,3.238901,0.0,0.846154,0.153846,1,1,0
LGV2-000885,request_id,c7647651-3ca8-72f2-cd2c-4a3092689d81,0,uuid,none,synthetic_v2,36,3.773684,0.638889,0.0,0.111111,0,1,1
LGV2-000886,database_password,CTTTNOdw-EXsywr@w!0Z,1,database_credential,none,synthetic_v2,20,3.846439,0.05,0.45,0.15,1,1,1
LGV2-000887,service_url,https://docs.example.org,0,url,none,synthetic_v2,24,4.001629,0.0,0.0,0.208333,0,1,0
LGV2-000888,api_key,lgk_kplJekaACSMEscosTsS3DeRo7qYY,1,api_key,none,synthetic_v2,32,4.39032,0.0625,0.375,0.03125,1,1,1
LGV2-000889,VITE_CONFIG_VALUE,client_T8C4iUzW3AQiMiwbJZfV3FUO0E,1,client_exposed_secret,Vite,synthetic_v2,33,4.680758,0.151515,0.424242,0.030303,0,1,1
LGV2-000890,service_token,your-api-key-here,0,placeholder,none,synthetic_v2,17,3.29277,0.0,0.0,0.176471,1,1,0
LGV2-000891,VITE_CONFIG_VALUE,client_U7uxcj5gRoayaKd0yXKh2oWOcK,1,client_exposed_secret,Vite,synthetic_v2,33,4.574401,0.121212,0.242424,0.030303,0,1,1
LGV2-000892,service_url,https://docs.example.org,0,url,none,synthetic_v2,24,4.001629,0.0,0.0,0.208333,0,1,0
LGV2-000893,payload,iU8taeqTJQtn7UNM.9edWAijE0kWZ8pzY,1,access_token,none,synthetic_v2,33,4.680758,0.151515,0.393939,0.030303,0,1,1
LGV2-000894,password,fake-value-for-docs,0,documentation_example,none,synthetic_v2,19,3.576618,0.0,0.0,0.157895,1,1,0
LGV2-000895,service_url,https://localhost:8000,0,url,none,synthetic_v2,22,3.481715,0.181818,0.0,0.181818,0,1,1
LGV2-000896,service_token,${API_KEY},0,env_reference,none,synthetic_v2,10,3.321928,0.0,0.6,0.4,1,1,0
LGV2-000897,setting,btCAsjm34%rSSppJJ@PZ,1,database_credential,none,synthetic_v2,20,4.021928,0.1,0.4,0.1,0,1,1
LGV2-000898,checksum,857c2065cc9439fd94b3b6fecf8d2db5dd21ae74,0,checksum,none,synthetic_v2,40,3.868454,0.55,0.0,0.0,0,1,1
LGV2-000899,message,Authentication successful,0,ui_text,none,synthetic_v2,25,3.643074,0.0,0.04,0.04,0,0,1
LGV2-000900,result,JkJp#A5VHquU2O36@Lwl,1,database_credential,none,synthetic_v2,20,4.221928,0.2,0.4,0.1,0,1,1
LGV2-000901,message,Your session has expired,0,ui_text,none,synthetic_v2,24,3.605389,0.0,0.041667,0.125,0,0,1
LGV2-000902,x,lgk_RSvcsROd2spn6nnW0wm1HqLu4Thz,1,api_key,none,synthetic_v2,32,4.72641,0.15625,0.25,0.03125,0,1,1
LGV2-000903,api_key,[hidden],0,redacted,none,synthetic_v2,8,2.75,0.0,0.0,0.25,1,1,0
LGV2-000904,password,your-password-here,0,placeholder,none,synthetic_v2,18,3.46132,0.0,0.0,0.111111,1,1,0
LGV2-000905,client_secret,your-password-here,0,placeholder,none,synthetic_v2,18,3.46132,0.0,0.0,0.111111,1,1,0
LGV2-000906,build_id,Ojohizcrm7jBbNmf3dyAHtSOoovB,0,build_id,none,synthetic_v2,28,4.351823,0.071429,0.285714,0.0,0,1,1
LGV2-000907,file_hash,dd13888ad8b203f7f7d83fcc133337bdc1bee1cd0650a39d0e8bbb78e1ae856a,0,sha256,none,synthetic_v2,64,3.701009,0.546875,0.0,0.0,0,1,1
LGV2-000908,message,Please enter your password,0,ui_text,none,synthetic_v2,26,3.69026,0.0,0.038462,0.115385,0,0,1
LGV2-000909,result,3964a56c555afd878f9b49abae9dcd0c,1,api_key,none,synthetic_v2,32,3.64032,0.53125,0.0,0.0,0,1,1
LGV2-000910,db_password,Z_AsLMb0_h1mYt5%SOJZ,1,database_credential,none,synthetic_v2,20,4.121928,0.15,0.45,0.15,1,1,1
LGV2-000911,checksum,a5ac232204df2410f5149bb2159a3121065cf389,0,checksum,none,synthetic_v2,40,3.63071,0.725,0.0,0.0,0,1,1
LGV2-000912,build_id,njsbbPPWAfxDX6jCOyJkMCWug7rD,0,build_id,none,synthetic_v2,28,4.378783,0.071429,0.464286,0.0,0,1,1
LGV2-000913,database_password,your-api-key-here,0,placeholder,none,synthetic_v2,17,3.29277,0.0,0.0,0.176471,1,1,0
LGV2-000914,request_id,deba0297-41e1-5f65-a761-0e80f216880d,0,uuid,none,synthetic_v2,36,3.773684,0.611111,0.0,0.111111,0,1,1
LGV2-000915,client_secret,***REDACTED***,0,redacted,none,synthetic_v2,14,2.4138,0.0,0.571429,0.428571,1,1,0
LGV2-000916,client_secret,replace-me,0,placeholder,none,synthetic_v2,10,2.846439,0.0,0.0,0.1,1,1,0
LGV2-000917,environment,INFO,0,normal_config,none,synthetic_v2,4,2.0,0.0,1.0,0.0,0,1,0
LGV2-000918,value,lgk_A99xKMTmSaRiVOVaicOndr7TSjo2,1,api_key,none,synthetic_v2,32,4.5625,0.125,0.375,0.03125,0,1,1
LGV2-000919,VITE_APP_TITLE,LeakGuard Demo,0,frontend_public_value,Vite,synthetic_v2,14,3.521641,0.0,0.214286,0.071429,0,0,1
LGV2-000920,user_password,bridge cloud summer planet,1,password,none,synthetic_v2,26,3.950064,0.0,0.0,0.115385,1,0,0
LGV2-000921,db_password,removed-for-security,0,redacted,none,synthetic_v2,20,3.646439,0.0,0.0,0.1,1,1,0
LGV2-000922,auth_token,5kV3ECqWp1OrXXHF.OprCeTsprvu5Ifij,1,access_token,none,synthetic_v2,33,4.513795,0.121212,0.393939,0.030303,1,1,1
LGV2-000923,environment,UTC,0,normal_config,none,synthetic_v2,3,1.584963,0.0,1.0,0.0,0,1,0
LGV2-000924,NEXT_PUBLIC_RUNTIME_VALUE,client_WXSItuLbKYc7ij8vKOZM6MK3zy,1,client_exposed_secret,Next.js,synthetic_v2,33,4.657882,0.121212,0.393939,0.030303,0,1,1
LGV2-000925,public_id,PUB-WgMWkIu3u02RZtrRSSxg,0,public_identifier,none,synthetic_v2,24,4.168296,0.125,0.5,0.041667,0,1,1
LGV2-000926,access_token,qS2kdzNBMqjf9xk8.KhaTHBX67D0RFhoT,1,access_token,none,synthetic_v2,33,4.741364,0.181818,0.393939,0.030303,1,1,1
LGV2-000927,database_password,a6%h4J8xA0BFrgE0s@Zk,1,database_credential,none,synthetic_v2,20,4.221928,0.25,0.3,0.1,1,1,1
LGV2-000928,db_password,${DB_PASSWORD},0,env_reference,none,synthetic_v2,14,3.521641,0.0,0.714286,0.285714,1,1,0
LGV2-000929,client_secret,env.API_KEY,0,env_reference,none,synthetic_v2,11,3.459432,0.0,0.545455,0.181818,1,1,1
LGV2-000930,build_id,xOoLP4oe9piP4040hZu3uenauvEc,0,build_id,none,synthetic_v2,28,4.182006,0.25,0.214286,0.0,0,1,1
LGV2-000931,result,897983571791484817630bba284d9a10b785803c,1,access_token,none,synthetic_v2,40,3.564911,0.825,0.0,0.0,0,1,1
LGV2-000932,client_secret,replace-me,0,placeholder,none,synthetic_v2,10,2.846439,0.0,0.0,0.1,1,1,0
LGV2-000933,config_value,dD$cOX@0YL1tp@P#fBir,1,database_credential,none,synthetic_v2,20,4.221928,0.1,0.35,0.2,0,1,1
LGV2-000934,auth_token,your-password-here,0,placeholder,none,synthetic_v2,18,3.46132,0.0,0.0,0.111111,1,1,0
LGV2-000935,password,***REDACTED***,0,redacted,none,synthetic_v2,14,2.4138,0.0,0.571429,0.428571,1,1,0
LGV2-000936,service_token,$ACCESS_TOKEN,0,env_reference,none,synthetic_v2,13,3.238901,0.0,0.846154,0.153846,1,1,0
LGV2-000937,x,bridge river silent ocean,1,password,none,synthetic_v2,25,3.67327,0.0,0.0,0.12,0,0,0
LGV2-000938,password,${DB_PASSWORD},0,env_reference,none,synthetic_v2,14,3.521641,0.0,0.714286,0.285714,1,1,0
LGV2-000939,db_password,replace-me,0,placeholder,none,synthetic_v2,10,2.846439,0.0,0.0,0.1,1,1,0
LGV2-000940,database_password,Pd$@TyIX0ll0L3nx5b1l,1,database_credential,none,synthetic_v2,20,3.984184,0.25,0.25,0.1,1,1,1
LGV2-000941,value,summer bridge falcon winter,1,password,none,synthetic_v2,27,4.004344,0.0,0.0,0.111111,0,0,0
LGV2-000942,setting,lgk_zt2Clh27paD3ripxXTLhrlyh70sd,1,api_key,none,synthetic_v2,32,4.45282,0.1875,0.15625,0.03125,0,1,1
LGV2-000943,runtime_value,-s@$dt1vmVfY!AKJdayA,1,database_credential,none,synthetic_v2,20,4.121928,0.05,0.3,0.2,0,1,1
LGV2-000944,NEXT_PUBLIC_RUNTIME_VALUE,client_WFBWGcQXJUVKGe9j70yvQTCUUO,1,client_exposed_secret,Next.js,synthetic_v2,33,4.597276,0.090909,0.545455,0.030303,0,1,1
LGV2-000945,access_token,N9ulbTdtygujA5uq.y805hdmpWMLpFGWG,1,access_token,none,synthetic_v2,33,4.53667,0.151515,0.30303,0.030303,1,1,1
LGV2-000946,data,2w_VE%vNbFY6xD1cTsf9,1,password,none,synthetic_v2,20,4.321928,0.2,0.35,0.1,0,1,1
LGV2-000947,x,eadeeddbfa8c05e782b29287332b16a6a8986480,1,access_token,none,synthetic_v2,40,3.777567,0.6,0.0,0.0,0,1,1
LGV2-000948,NEXT_PUBLIC_APP_NAME,LeakGuard Demo,0,frontend_public_value,Next.js,synthetic_v2,14,3.521641,0.0,0.214286,0.071429,0,0,1
LGV2-000949,access_token,process.env.API_KEY,0,env_reference,none,synthetic_v2,19,3.932138,0.0,0.315789,0.157895,1,1,1
LGV2-000950,config_value,x9@sDy5H#6Vtl5Ao3Yxw,1,database_credential,none,synthetic_v2,20,4.121928,0.25,0.25,0.1,0,1,1
LGV2-000951,checksum,4da04cb4d82ccbd260fd346aa3868c4798105f70,0,checksum,none,synthetic_v2,40,3.743943,0.625,0.0,0.0,0,1,1
LGV2-000952,config_value,lgk_V0zFRI3GekCWGyJXyzMrnlakKnLS,1,api_key,none,synthetic_v2,32,4.53891,0.0625,0.4375,0.03125,0,1,1
LGV2-000953,value,Q-796Rt-@X4tbSRJA8O1,1,database_credential,none,synthetic_v2,20,4.021928,0.3,0.4,0.15,0,1,1
LGV2-000954,access_token,<redacted>,0,redacted,none,synthetic_v2,10,2.921928,0.0,0.0,0.2,1,1,0
LGV2-000955,x,lgk_2a8r7atCyUK9kgdxnPmBV4xerAPb,1,api_key,none,synthetic_v2,32,4.625,0.15625,0.25,0.03125,0,1,1
LGV2-000956,build_id,LB35hU4CXPmLZONWDaqWAMrFOlvG,0,build_id,none,synthetic_v2,28,4.593069,0.107143,0.642857,0.0,0,1,1
LGV2-000957,request_id,6f1f5c6a-2a11-2eab-c5ba-36affb60be1c,0,uuid,none,synthetic_v2,36,3.437577,0.388889,0.0,0.111111,0,1,1
LGV2-000958,build_id,bCutOcMhwUcIVzplfIgiUjOFB5rw,0,build_id,none,synthetic_v2,28,4.450212,0.035714,0.392857,0.0,0,1,1
LGV2-000959,setting,8!xnvR@iwdeMncz6X5Ql,1,password,none,synthetic_v2,20,4.221928,0.15,0.2,0.1,0,1,1
LGV2-000960,VITE_API_KEY,client_16hD8hP1jF7TsGTrA1EEpDJjym,1,client_exposed_secret,Vite,synthetic_v2,33,4.597276,0.181818,0.333333,0.030303,1,1,1
LGV2-000961,service_token,f34ba436ed07fa9528bdb74d74dddeb0e4022aac,1,access_token,none,synthetic_v2,40,3.668454,0.5,0.0,0.0,1,1,1
LGV2-000962,x,window cloud planet coffee,1,password,none,synthetic_v2,26,3.69026,0.0,0.0,0.115385,0,0,0
LGV2-000963,x,VkvzPW4k-mOhdX0yT9t!,1,database_credential,none,synthetic_v2,20,4.221928,0.15,0.3,0.1,0,1,1
LGV2-000964,file_hash,9833c62f641ff3371c5227dbe4e166a104a85be61cc492756ae0e27954a132d0,0,sha256,none,synthetic_v2,64,3.912142,0.6875,0.0,0.0,0,1,1
LGV2-000965,private_api_key,3933f6686bd951f6fa70023f422387e9,1,api_key,none,synthetic_v2,32,3.652518,0.75,0.0,0.0,1,1,1
LGV2-000966,client_secret,[hidden],0,redacted,none,synthetic_v2,8,2.75,0.0,0.0,0.25,1,1,0
LGV2-000967,database_password,example-token,0,placeholder,none,synthetic_v2,13,3.334679,0.0,0.0,0.076923,1,1,0
LGV2-000968,file_hash,1585fae42ad483a14f8bd988ad5af4e1641751f85ed3f1ebfef343b269558605,0,sha256,none,synthetic_v2,64,3.702319,0.625,0.0,0.0,0,1,1
LGV2-000969,user_password,bridge orange forest garden,1,password,none,synthetic_v2,27,3.513785,0.0,0.0,0.111111,1,0,0
LGV2-000970,db_password,O-0jcDXHpiXc53G-Z2Ba,1,database_credential,none,synthetic_v2,20,4.021928,0.2,0.4,0.1,1,1,1
LGV2-000971,timezone,UTC,0,normal_config,none,synthetic_v2,3,1.584963,0.0,1.0,0.0,0,1,0
LGV2-000972,api_key,demo-credential,0,documentation_example,none,synthetic_v2,15,3.456565,0.0,0.0,0.066667,1,1,0
LGV2-000973,auth_token,your-api-key-here,0,placeholder,none,synthetic_v2,17,3.29277,0.0,0.0,0.176471,1,1,0
LGV2-000974,public_id,PUB-KwxybFBUC6BfBqworx6q,0,public_identifier,none,synthetic_v2,24,3.834963,0.083333,0.416667,0.041667,0,1,1
LGV2-000975,service_url,https://docs.example.org,0,url,none,synthetic_v2,24,4.001629,0.0,0.0,0.208333,0,1,0
LGV2-000976,message,Please enter your password,0,ui_text,none,synthetic_v2,26,3.69026,0.0,0.038462,0.115385,0,0,1
LGV2-000977,service_token,sample-secret-value,0,documentation_example,none,synthetic_v2,19,3.405822,0.0,0.0,0.105263,1,1,0
LGV2-000978,public_id,PUB-uG4gyWjNufHFDM5589Ur,0,public_identifier,none,synthetic_v2,24,4.334963,0.208333,0.458333,0.041667,0,1,1
LGV2-000979,NEXT_PUBLIC_ACCESS_TOKEN,client_zoWKidHZBE8IcGwz3RXlDhSHDu,1,client_exposed_secret,Next.js,synthetic_v2,33,4.680758,0.060606,0.424242,0.030303,1,1,1
LGV2-000980,public_id,PUB-9ZV3NQ6EnkaYonf7ZNjj,0,public_identifier,none,synthetic_v2,24,4.251629,0.166667,0.458333,0.041667,0,1,1
LGV2-000981,admin_password,v8NDoHW19d9gc_rV#PQ8,1,password,none,synthetic_v2,20,4.121928,0.25,0.35,0.1,1,1,1
LGV2-000982,build_id,t1HuHf4M1n9k8O1rTj1BJCFSYqRh,0,build_id,none,synthetic_v2,28,4.450212,0.25,0.428571,0.0,0,1,1
LGV2-000983,request_id,7c3aaa22-d8f1-48fb-a05a-53c47c4243c7,0,uuid,none,synthetic_v2,36,3.617861,0.527778,0.0,0.111111,0,1,1
LGV2-000984,client_secret,$ACCESS_TOKEN,0,env_reference,none,synthetic_v2,13,3.238901,0.0,0.846154,0.153846,1,1,0
LGV2-000985,api_key,99a03aac056aaff14f4eaed19a06ab24,1,api_key,none,synthetic_v2,32,3.468139,0.5,0.0,0.0,1,1,1
LGV2-000986,api_key,demo-credential,0,documentation_example,none,synthetic_v2,15,3.456565,0.0,0.0,0.066667,1,1,0
LGV2-000987,VITE_API_KEY,client_E6wM8Q9ZMTVZcaqGNytzQxi95J,1,client_exposed_secret,Vite,synthetic_v2,33,4.620152,0.151515,0.363636,0.030303,1,1,1
LGV2-000988,admin_password,GT4-WceWnDyqO8!!r4Sf,1,password,none,synthetic_v2,20,4.021928,0.15,0.35,0.15,1,1,1
LGV2-000989,service_token,wEIYFw6KGuyrlbuM.ob5ZXrdZEHwXLokg,1,access_token,none,synthetic_v2,33,4.476064,0.060606,0.424242,0.030303,1,1,1
LGV2-000990,database_password,5t88M@4lscFo!8ucZv27,1,database_credential,none,synthetic_v2,20,3.984184,0.35,0.15,0.1,1,1,1
LGV2-000991,db_password,your-api-key-here,0,placeholder,none,synthetic_v2,17,3.29277,0.0,0.0,0.176471,1,1,0
LGV2-000992,data,9fTrjUmBL6fsocE7.wpZROyBz95g5q6tM,1,access_token,none,synthetic_v2,33,4.741364,0.212121,0.30303,0.030303,0,1,1
LGV2-000993,admin_password,bH#Km6i#7JujjqBuF-VS,1,password,none,synthetic_v2,20,4.021928,0.1,0.35,0.15,1,1,1
LGV2-000994,result,o$x-JqRO@#4uJ8a#N!4F,1,password,none,synthetic_v2,20,4.021928,0.15,0.3,0.3,0,1,1
LGV2-000995,database_password,sample-secret-value,0,documentation_example,none,synthetic_v2,19,3.405822,0.0,0.0,0.105263,1,1,0
LGV2-000996,db_password,2!x#aL8TEk$EsT__1piU,1,database_credential,none,synthetic_v2,20,4.021928,0.15,0.3,0.25,1,1,1
LGV2-000997,admin_password,Yi-%9#lbuZO_-M!1CTjx,1,password,none,synthetic_v2,20,4.221928,0.1,0.3,0.3,1,1,1
LGV2-000998,setting,XTuLXBGLy#_2kNV7nf3W,1,password,none,synthetic_v2,20,4.121928,0.15,0.5,0.1,0,1,1
LGV2-000999,NEXT_PUBLIC_APP_NAME,Developer Console,0,frontend_public_value,Next.js,synthetic_v2,17,3.219528,0.0,0.117647,0.058824,0,0,1
LGV2-001000,api_key,fb339258e4d27eb0d1cb7c2b70a3a441,1,api_key,none,synthetic_v2,32,3.780639,0.59375,0.0,0.0,1,1,1
