sample_id,variable_name,value,label,sample_type,framework,source,length,entropy,digit_ratio,uppercase_ratio,special_ratio,has_sensitive_name,is_compact,has_character_variety,looks_like_uuid,looks_like_fixed_hash,is_hex_only,looks_like_reference,looks_like_placeholder,has_public_frontend_prefix,has_identifier_name,looks_like_jwt,looks_like_passphrase
LGV3-000001,public_id,5VNZ1QL0I2Y8BF7R9UXUL078SX,0,public_identifier,none,synthetic_v3,26,4.238901,0.384615,0.615385,0.0,0,1,1,0,0,0,0,0,0,1,0,0
LGV3-000002,NEXT_PUBLIC_ACCESS_TOKEN,r_ZhHI-uO3K8uh_mNeZlfElRJtjJnWIo7vuI,1,client_exposed_secret,Next.js,synthetic_v3,36,4.627987,0.083333,0.388889,0.083333,1,1,1,0,0,0,0,0,1,0,0,0
LGV3-000003,VITE_PUBLIC_REGION,public-dashboard,0,frontend_public_value,Vite,synthetic_v3,16,3.625,0.0,0.0,0.0625,0,1,0,0,0,0,0,0,1,0,0,0
LGV3-000004,access_token,process.env.CLIENT_SECRET,0,secret_reference,none,synthetic_v3,25,4.053661,0.0,0.48,0.12,1,1,1,0,0,0,1,0,0,0,0,0
LGV3-000005,signing_secret,TOKEN_PLACEHOLDER,0,placeholder,none,synthetic_v3,17,3.572469,0.0,0.941176,0.058824,1,1,0,0,0,0,0,1,0,0,0,0
LGV3-000006,session_data,8EMn5gZOI2zjahWG.KEvGX2HVfgwmhJ870gBqeNvh4hw.HcN5qKHr_7UCek2IE19T34mc,1,jwt_like_secret,none,synthetic_v3,69,5.282154,0.217391,0.362319,0.043478,0,1,1,0,0,0,0,0,0,0,1,0
LGV3-000007,runtime_data,cjoeygj3r9UlsCaM.dQUg6DnwVW5dPoS0WBLXp0NGUNs.8JIHB4hMLxZDFAZg0PGOxITC,1,jwt_like_secret,none,synthetic_v3,69,5.409037,0.130435,0.507246,0.028986,0,1,1,0,0,0,0,0,0,0,1,0
LGV3-000008,database_password,737745e03c2220d84bc2f3a889332c027689e689ea85ab6be630eb3c4b8ede31,1,hash_shaped_secret,none,synthetic_v3,64,3.801765,0.65625,0.0,0.0,1,1,1,0,1,1,0,0,0,0,0,0
LGV3-000009,customer_reference,SI7Z2NRKFOHMFKF2ZFN7WHB1ZD,0,public_identifier,none,synthetic_v3,26,3.825252,0.192308,0.807692,0.0,0,1,1,0,0,0,0,0,0,1,0,0
LGV3-000010,client_secret,SUTu5ZtMGLAKOv0q.KchBEGRe4d3GZEp7JhflKB_UliU.1SWXwibKeym8iVoQWH-LhOS9,1,jwt_like_secret,none,synthetic_v3,69,5.387156,0.115942,0.492754,0.057971,1,1,1,0,0,0,0,0,0,0,1,0
LGV3-000011,event_uuid,3b3f6b1a-68dc-dfbe-95dd-b5be7ac6cd26,0,uuid_identifier,none,synthetic_v3,36,3.670643,0.361111,0.0,0.111111,0,1,1,1,0,0,0,0,0,1,0,0
LGV3-000012,access_token,919a57bed7fdc0d94d70adeffa74e554,1,hex_secret,none,synthetic_v3,32,3.433157,0.5,0.0,0.0,1,1,1,0,0,1,0,0,0,0,0,0
LGV3-000013,access_token,z8G6mD1EgGNxyipv.VXjNLDXIH4XDQsOkddKAKbmbpH8.cXpOL8CHiBvj8DHYkKIN77Ci,1,jwt_like_secret,none,synthetic_v3,69,4.992299,0.130435,0.492754,0.028986,1,1,1,0,0,0,0,0,0,0,1,0
LGV3-000014,public_id,JH8H4DF6AGY9W8O7EWODRO62OM,0,public_identifier,none,synthetic_v3,26,4.008132,0.307692,0.692308,0.0,0,1,1,0,0,0,0,0,0,1,0,0
LGV3-000015,service_password,86d294ce-1b43-3916-ebce-187c614d452e,1,uuid_shaped_secret,none,synthetic_v3,36,3.683542,0.583333,0.0,0.111111,1,1,1,1,0,0,0,0,0,0,0,0
LGV3-000016,service_url,enabled,0,normal_config,none,synthetic_v3,7,2.521641,0.0,0.0,0.0,0,1,0,0,0,0,0,0,0,0,0,0
LGV3-000017,NEXT_PUBLIC_RELEASE_CHANNEL,public-dashboard,0,frontend_public_value,Next.js,synthetic_v3,16,3.625,0.0,0.0,0.0625,0,1,0,0,0,0,0,0,1,0,0,0
LGV3-000018,client_secret,143b20a4-e8a1-2b3d-573a-c11c78ac9f7b,1,uuid_shaped_secret,none,synthetic_v3,36,3.808271,0.527778,0.0,0.111111,1,1,1,1,0,0,0,0,0,0,0,0
LGV3-000019,NEXT_PUBLIC_RELEASE_CHANNEL,public-dashboard,0,frontend_public_value,Next.js,synthetic_v3,16,3.625,0.0,0.0,0.0625,0,1,0,0,0,0,0,0,1,0,0,0
LGV3-000020,material,3Ak3sAFPSakYS5FX.IyEJ9_QsjvzQsH_h4GC5DxhkFSk.m1jbUd4o22oNajyUYCM_eI35,1,jwt_like_secret,none,synthetic_v3,69,5.133391,0.173913,0.391304,0.072464,0,1,1,0,0,0,0,0,0,0,1,0
LGV3-000021,signing_secret,winter ocean summit meteor forest,1,passphrase_secret,none,synthetic_v3,33,3.593658,0.0,0.0,0.121212,1,0,0,0,0,0,0,0,0,0,0,1
LGV3-000022,jwt_example,9TrU3jWTqAGo7cOj.RTuDmPlEaHPoNCCUxNFnCdBXia4.U7SWWRdIQb-5KG-AHrhHjAca,0,documentation_jwt,none,synthetic_v3,69,5.238393,0.086957,0.521739,0.057971,0,1,1,0,0,0,0,0,0,0,1,0
LGV3-000023,session_data,amber bridge ocean crystal ocean,1,passphrase_secret,none,synthetic_v3,32,3.76532,0.0,0.0,0.125,0,0,0,0,0,0,0,0,0,0,0,1
LGV3-000024,client_secret,${DATABASE_PASSWORD},0,secret_reference,none,synthetic_v3,20,3.584184,0.0,0.8,0.2,1,1,0,0,0,0,1,0,0,0,0,0
LGV3-000025,session_data,69ee646f0d1cf5dd9840a204cc133403154aebc744aea88433e4c6e75e34f8c3,1,hash_shaped_secret,none,synthetic_v3,64,3.764819,0.625,0.0,0.0,0,1,1,0,1,1,0,0,0,0,0,0
LGV3-000026,VITE_API_KEY,hOoAOYzg98SvMHRpYjojSzwnK4DAa72Gy56z,1,client_exposed_secret,Vite,synthetic_v3,36,4.704511,0.194444,0.388889,0.0,1,1,1,0,0,0,0,0,1,0,0,0
LGV3-000027,service_password,TOKEN_PLACEHOLDER,0,placeholder,none,synthetic_v3,17,3.572469,0.0,0.941176,0.058824,1,1,0,0,0,0,0,1,0,0,0,0
LGV3-000028,client_secret,3ae80a00-0096-1d9e-b78c-8284c16cc65c,1,uuid_shaped_secret,none,synthetic_v3,36,3.726198,0.583333,0.0,0.111111,1,1,1,1,0,0,0,0,0,0,0,0
LGV3-000029,service_password,d57168a1769b3938c3033ad3bc71c96e0d0e4daa177f1f95653e48793242bcfe,1,hash_shaped_secret,none,synthetic_v3,64,3.917838,0.65625,0.0,0.0,1,1,1,0,1,1,0,0,0,0,0,0
LGV3-000030,connector_value,meteor.amber.amber.amber.winter,1,passphrase_secret,none,synthetic_v3,31,3.191964,0.0,0.0,0.129032,0,1,0,0,0,0,0,0,0,0,0,1
LGV3-000031,service_password,${DATABASE_PASSWORD},0,secret_reference,none,synthetic_v3,20,3.584184,0.0,0.8,0.2,1,1,0,0,0,0,1,0,0,0,0,0
LGV3-000032,payload,h66k6RFy#OL#n%Jg0A@Vj$NvOt8f!-1T,1,random_secret,none,synthetic_v3,32,4.72641,0.1875,0.3125,0.21875,0,1,1,0,0,0,0,0,0,0,0,0
LGV3-000033,access_token,$env:ACCESS_TOKEN,0,secret_reference,none,synthetic_v3,17,3.734522,0.0,0.647059,0.176471,1,1,1,0,0,0,1,0,0,0,0,0
LGV3-000034,api_key,36b0240a-9d2e-1135-6543-23e5128e2c5b,1,uuid_shaped_secret,none,synthetic_v3,36,3.694386,0.666667,0.0,0.111111,1,1,1,1,0,0,0,0,0,0,0,0
LGV3-000035,release_description,stable application enable region,0,safe_phrase,none,synthetic_v3,32,3.655639,0.0,0.0,0.09375,0,0,0,0,0,0,0,0,0,0,0,1
LGV3-000036,api_key,7piwPzF_KqKd8xWJZ_WikIYMXfPOeYZp,1,random_secret,none,synthetic_v3,32,4.5,0.0625,0.5,0.0625,1,1,1,0,0,0,0,0,0,0,0,0
LGV3-000037,runtime_data,ae5d2c2a-ce53-b94f-849d-afb92e61f98a,1,uuid_shaped_secret,none,synthetic_v3,36,3.773684,0.444444,0.0,0.111111,0,1,1,1,0,0,0,0,0,0,0,0
LGV3-000038,commit_sha,02ce668256b5cf2e2638e2975cb7dcaeacf011d5,0,commit_hash,none,synthetic_v3,40,3.741446,0.575,0.0,0.0,0,1,1,0,1,1,0,0,0,1,0,0
LGV3-000039,deployment_mode,development application default development,0,safe_phrase,none,synthetic_v3,43,3.718685,0.0,0.0,0.069767,0,0,0,0,0,0,0,0,0,0,0,1
LGV3-000040,payload,35faa5d8ef25ff2795c7f1c85f49128b713403ab,1,hash_shaped_secret,none,synthetic_v3,40,3.73071,0.625,0.0,0.0,0,1,1,0,1,1,0,0,0,0,0,0
LGV3-000041,api_key,lantern-meteor-winter-ocean,1,passphrase_secret,none,synthetic_v3,27,3.352136,0.0,0.0,0.111111,1,1,0,0,0,0,0,0,0,0,0,1
LGV3-000042,trace_id,e95f6390-0d44-0eae-e802-1015e58de360,0,uuid_identifier,none,synthetic_v3,36,3.56508,0.611111,0.0,0.111111,0,1,1,1,0,0,0,0,0,1,0,0
LGV3-000043,payload,08b73f45-95a2-1b01-41c9-3844fe8c592e,1,uuid_shaped_secret,none,synthetic_v3,36,3.808271,0.638889,0.0,0.111111,0,1,1,1,0,0,0,0,0,0,0,0
LGV3-000044,database_password,%SERVICE_TOKEN%,0,secret_reference,none,synthetic_v3,15,3.456565,0.0,0.8,0.2,1,1,0,0,0,0,1,0,0,0,0,0
LGV3-000045,NEXT_PUBLIC_RELEASE_CHANNEL,stable,0,frontend_public_value,Next.js,synthetic_v3,6,2.584963,0.0,0.0,0.0,0,1,0,0,0,0,0,0,1,0,0,0
LGV3-000046,access_token,vault://application/key,0,secret_reference,none,synthetic_v3,23,3.762267,0.0,0.0,0.173913,1,1,0,0,0,0,1,0,0,0,0,0
LGV3-000047,public_id,E7G49M90ITPGIGPKKSR0K6WJ29,0,public_identifier,none,synthetic_v3,26,3.92103,0.346154,0.653846,0.0,0,1,1,0,0,0,0,0,0,1,0,0
LGV3-000048,database_password,76f14cee5f655ccd658d6b35a088d4d62c0548a8,1,hex_secret,none,synthetic_v3,40,3.63483,0.625,0.0,0.0,1,1,1,0,1,1,0,0,0,0,0,0
LGV3-000049,client_secret,%SERVICE_TOKEN%,0,secret_reference,none,synthetic_v3,15,3.456565,0.0,0.8,0.2,1,1,0,0,0,0,1,0,0,0,0,0
LGV3-000050,api_key,XqwlGaLmiNIIHa-Q.72WW36CoI4fuftup9B-yPxG5Xvg.3H1APFlciFeXaQfa568qeyvh,1,jwt_like_secret,none,synthetic_v3,69,5.264109,0.173913,0.333333,0.057971,1,1,1,0,0,0,0,0,0,0,1,0
LGV3-000051,token_example,CCdeS5GbXSL6aM2N.7MXRCH7h1QV3Lnyy6EL5Fmkbzl0.76xJ7R9YhVpDbHZ1OYBXXNwk,0,documentation_jwt,none,synthetic_v3,69,5.224183,0.217391,0.478261,0.028986,1,1,1,0,0,0,0,0,0,0,1,0
LGV3-000052,build_id,256QGT11KTGFQZMTH232O27EPV,0,public_identifier,none,synthetic_v3,26,3.979098,0.384615,0.615385,0.0,0,1,1,0,0,0,0,0,0,1,0,0
LGV3-000053,api_key,<redacted>,0,placeholder,none,synthetic_v3,10,2.921928,0.0,0.0,0.2,1,1,0,0,0,0,0,1,0,0,0,0
LGV3-000054,service_password,dNYZTxBjFgPbmM3X.d-txkrhW4JdA5JeZ1ZyBYXaLghA.2pOduVukqyyP0ekqol_OJ4Jb,1,jwt_like_secret,none,synthetic_v3,69,5.235124,0.101449,0.376812,0.057971,1,1,1,0,0,0,0,0,0,0,1,0
LGV3-000055,api_key,672f2bef5edc889373f75c7b248e0e68ea17df9f,1,hash_shaped_secret,none,synthetic_v3,40,3.782333,0.575,0.0,0.0,1,1,1,0,1,1,0,0,0,0,0,0
LGV3-000056,signing_secret,forest forest winter ocean forest,1,passphrase_secret,none,synthetic_v3,33,3.374109,0.0,0.0,0.121212,1,0,0,0,0,0,0,0,0,0,0,1
LGV3-000057,material,o3Lcg57z9E$S2i_IQat8yTbrJaTWDzY5,1,random_secret,none,synthetic_v3,32,4.75,0.21875,0.34375,0.0625,0,1,1,0,0,0,0,0,0,0,0,0
LGV3-000058,environment,production,0,normal_config,none,synthetic_v3,10,3.121928,0.0,0.0,0.0,0,1,0,0,0,0,0,0,0,0,0,0
LGV3-000059,database_password,sample-secret-value,0,placeholder,none,synthetic_v3,19,3.405822,0.0,0.0,0.105263,1,1,0,0,0,0,0,1,0,0,0,0
LGV3-000060,deployment_mode,default service application region,0,safe_phrase,none,synthetic_v3,34,3.925411,0.0,0.0,0.088235,0,0,0,0,0,0,0,0,0,0,0,1
LGV3-000061,signing_secret,bd4d6b9982ff0ebf4170a6b1004e77f5,1,hex_secret,none,synthetic_v3,32,3.64032,0.59375,0.0,0.0,1,1,1,0,0,1,0,0,0,0,0,0
LGV3-000062,session_data,winter-amber-meteor-harbor,1,passphrase_secret,none,synthetic_v3,26,3.378727,0.0,0.0,0.115385,0,1,0,0,0,0,0,0,0,0,0,1
LGV3-000063,access_token,vault://application/key,0,secret_reference,none,synthetic_v3,23,3.762267,0.0,0.0,0.173913,1,1,0,0,0,0,1,0,0,0,0,0
LGV3-000064,deployment_mode,runtime-release-default-preview-enable,0,safe_phrase,none,synthetic_v3,38,3.700717,0.0,0.0,0.105263,0,1,0,0,0,0,0,0,0,0,0,1
LGV3-000065,connector_value,mR1yfpCxcwmfTMBt.pSDr0lHWu6untN2Is_Nq-muq41g.6a4uqEuqwAfCQ9wDdVNcWMte,1,jwt_like_secret,none,synthetic_v3,69,5.189915,0.130435,0.304348,0.057971,0,1,1,0,0,0,0,0,0,0,1,0
LGV3-000066,client_secret,EXAMPLE_ONLY_DO_NOT_USE,0,placeholder,none,synthetic_v3,23,3.588354,0.0,0.826087,0.173913,1,1,0,0,0,0,0,1,0,0,0,0
LGV3-000067,NEXT_PUBLIC_ACCESS_TOKEN,BAsmRqQ3k8PIs2EOzr_JGHPklglXfb2Y7Kbu,1,client_exposed_secret,Next.js,synthetic_v3,36,4.836592,0.138889,0.416667,0.027778,1,1,1,0,0,0,0,0,1,0,0,0
LGV3-000068,NEXT_PUBLIC_ACCESS_TOKEN,Qz8XGmVxhkzUHD7D48MVzsbfnLdqp415JDG1,1,client_exposed_secret,Next.js,synthetic_v3,36,4.627987,0.222222,0.388889,0.0,1,1,1,0,0,0,0,0,1,0,0,0
LGV3-000069,jwt_example,o8RaNXuk_Ea38wcV.9kJV6OUAcJw6bbYHivuqSBS0KI4._jbIRRXD9Tihl4s2PotY7Y-z,0,documentation_jwt,none,synthetic_v3,69,5.380051,0.173913,0.391304,0.072464,0,1,1,0,0,0,0,0,0,0,1,0
LGV3-000070,event_uuid,155727af-3414-4083-e347-db8256f977c4,0,uuid_identifier,none,synthetic_v3,36,3.81634,0.694444,0.0,0.111111,0,1,1,1,0,0,0,0,0,1,0,0
LGV3-000071,VITE_CLIENT_SECRET,ycfOEPbi2jwUg9uW_cSk4Wc9sa9ZZPmYRRlu,1,client_exposed_secret,Vite,synthetic_v3,36,4.627987,0.138889,0.361111,0.027778,1,1,1,0,0,0,0,0,1,0,0,0
LGV3-000072,api_key,EXAMPLE_ONLY_DO_NOT_USE,0,placeholder,none,synthetic_v3,23,3.588354,0.0,0.826087,0.173913,1,1,0,0,0,0,0,1,0,0,0,0
LGV3-000073,image_digest,87d13594d85e2a0f02080508ef2074e3e0c5f41e02dc14b3869991c044cc435d,0,artifact_digest,none,synthetic_v3,64,3.791027,0.703125,0.0,0.0,0,1,1,0,1,1,0,0,0,1,0,0
LGV3-000074,connector_value,dceabe684ad52e61785ba191579cc0c773fbd32e,1,hash_shaped_secret,none,synthetic_v3,40,3.877567,0.55,0.0,0.0,0,1,1,0,1,1,0,0,0,0,0,0
LGV3-000075,trace_id,2f8cc26e-9224-cfbf-8a7c-3e02a2bf806b,0,uuid_identifier,none,synthetic_v3,36,3.586049,0.472222,0.0,0.111111,0,1,1,1,0,0,0,0,0,1,0,0
LGV3-000076,commit_sha,907145e376752f5f619b1b671dd5f96b598cc526,0,commit_hash,none,synthetic_v3,40,3.656198,0.725,0.0,0.0,0,1,1,0,1,1,0,0,0,1,0,0
LGV3-000077,result,FI@gkYZ3OYmmBg_SV@h0fuIuvvxR1C#p,1,random_secret,none,synthetic_v3,32,4.5625,0.09375,0.375,0.125,0,1,1,0,0,0,0,0,0,0,0,0
LGV3-000078,VITE_PUBLIC_REGION,stable,0,frontend_public_value,Vite,synthetic_v3,6,2.584963,0.0,0.0,0.0,0,1,0,0,0,0,0,0,1,0,0,0
LGV3-000079,signing_secret,1058b93b11f2893924c1f760ff926ed02ec016e203c0b333,1,hex_secret,none,synthetic_v3,48,3.683746,0.708333,0.0,0.0,1,1,1,0,0,1,0,0,0,0,0,0
LGV3-000080,checksum,965458cbad6097a377c4615c44caaea1449fae5519fd8d5d30a7c6629a4d5b25,0,artifact_digest,none,synthetic_v3,64,3.799298,0.625,0.0,0.0,0,1,1,0,1,1,0,0,0,1,0,0
LGV3-000081,access_token,YOUR_API_KEY_HERE,0,placeholder,none,synthetic_v3,17,3.29277,0.0,0.823529,0.176471,1,1,0,0,0,0,0,1,0,0,0,0
LGV3-000082,service_url,https://example.test/api,0,normal_config,none,synthetic_v3,24,3.490602,0.0,0.0,0.208333,0,1,0,0,0,0,0,1,0,0,0,0
LGV3-000083,runtime_data,aB5p53eDtKHOep@CuYt_X-fNLmd%$lbX,1,random_secret,none,synthetic_v3,32,4.6875,0.09375,0.34375,0.15625,0,1,1,0,0,0,0,0,0,0,0,0
LGV3-000084,session_data,ZC26Wu!q_s6M95EG21x8lr2bvcv2_Pbd,1,random_secret,none,synthetic_v3,32,4.5,0.3125,0.21875,0.09375,0,1,1,0,0,0,0,0,0,0,0,0
LGV3-000085,public_id,525OCBOQME4CNZJKU8IW2V8VLQ,0,public_identifier,none,synthetic_v3,26,4.161978,0.269231,0.730769,0.0,0,1,1,0,0,0,0,0,0,1,0,0
LGV3-000086,jwt_example,OARKlYfjkEfX2_ni.AYBInzEB9gUY4Sbz7tKy5ivzPLs.1-bDpEd2UMUHHDTYxvvcSq9N,0,documentation_jwt,none,synthetic_v3,69,5.340125,0.115942,0.449275,0.057971,0,1,1,0,0,0,0,0,0,0,1,0
LGV3-000087,service_password,$env:ACCESS_TOKEN,0,secret_reference,none,synthetic_v3,17,3.734522,0.0,0.647059,0.176471,1,1,1,0,0,0,1,0,0,0,0,0
LGV3-000088,service_url,enabled,0,normal_config,none,synthetic_v3,7,2.521641,0.0,0.0,0.0,0,1,0,0,0,0,0,0,0,0,0,0
LGV3-000089,VITE_CLIENT_SECRET,busMwgkyBNB9EUAKEmLqJicZkof28s3RRABJ,1,client_exposed_secret,Vite,synthetic_v3,36,4.704511,0.111111,0.472222,0.0,1,1,1,0,0,0,0,0,1,0,0,0
LGV3-000090,commit_sha,a0cb33944fb8e889681f42937b72faa735d2269a,0,commit_hash,none,synthetic_v3,40,3.796439,0.675,0.0,0.0,0,1,1,0,1,1,0,0,0,1,0,0
LGV3-000091,signing_secret,5a4f4d5c367b300293580a34ff3598d5,1,hex_secret,none,synthetic_v3,32,3.578627,0.71875,0.0,0.0,1,1,1,0,0,1,0,0,0,0,0,0
LGV3-000092,service_url,production,0,normal_config,none,synthetic_v3,10,3.121928,0.0,0.0,0.0,0,1,0,0,0,0,0,0,0,0,0,0
LGV3-000093,api_key,0d3c5f29-83c9-79f7-24f0-409c503fd2e0,1,uuid_shaped_secret,none,synthetic_v3,36,3.562305,0.611111,0.0,0.111111,1,1,1,1,0,0,0,0,0,0,0,0
LGV3-000094,service_password,YOUR_API_KEY_HERE,0,placeholder,none,synthetic_v3,17,3.29277,0.0,0.823529,0.176471,1,1,0,0,0,0,0,1,0,0,0,0
LGV3-000095,database_password,5GLZQPo0NXkFvVhiPGfQ!yjlEufCumk7,1,random_secret,none,synthetic_v3,32,4.625,0.09375,0.4375,0.03125,1,1,1,0,0,0,0,0,0,0,0,0
LGV3-000096,documentation_token,xuoPNB94TnYiDRwX.DaJOr36Ym6-dyq1bEMoz39jMdeQ.JHcCXc6IroPnWiMAhqDgDpJx,0,documentation_jwt,none,synthetic_v3,69,5.340125,0.130435,0.405797,0.043478,1,1,1,0,0,0,0,0,0,0,1,0
LGV3-000097,access_token,meteor timber lantern voyage meadow,1,passphrase_secret,none,synthetic_v3,35,3.721163,0.0,0.0,0.114286,1,0,0,0,0,0,0,0,0,0,0,1
LGV3-000098,VITE_CLIENT_SECRET,mCd_EoCF2l-UAYqJCZJby655N045V_Bh4YlD,1,client_exposed_secret,Vite,synthetic_v3,36,4.627987,0.222222,0.444444,0.083333,1,1,1,0,0,0,0,0,1,0,0,0
LGV3-000099,setting,crystal meadow meteor voyage crystal,1,passphrase_secret,none,synthetic_v3,36,3.752715,0.0,0.0,0.111111,0,0,0,0,0,0,0,0,0,0,0,1
LGV3-000100,database_password,cq@7HrSqBR-vsl_lsKTZDz$jtgaScTvV,1,random_secret,none,synthetic_v3,32,4.5625,0.03125,0.34375,0.125,1,1,1,0,0,0,0,0,0,0,0,0
LGV3-000101,access_token,0834658c-8bb0-3b01-ad0e-b0dff468af75,1,uuid_shaped_secret,none,synthetic_v3,36,3.715355,0.527778,0.0,0.111111,1,1,1,1,0,0,0,0,0,0,0,0
LGV3-000102,environment,production,0,normal_config,none,synthetic_v3,10,3.121928,0.0,0.0,0.0,0,1,0,0,0,0,0,0,0,0,0,0
LGV3-000103,NEXT_PUBLIC_RELEASE_CHANNEL,preview,0,frontend_public_value,Next.js,synthetic_v3,7,2.521641,0.0,0.0,0.0,0,1,0,0,0,0,0,0,1,0,0,0
LGV3-000104,payload,ed8ac58e-f13f-b975-dd76-810b75214f09,1,uuid_shaped_secret,none,synthetic_v3,36,3.932999,0.555556,0.0,0.111111,0,1,1,1,0,0,0,0,0,0,0,0
LGV3-000105,signing_secret,${DATABASE_PASSWORD},0,secret_reference,none,synthetic_v3,20,3.584184,0.0,0.8,0.2,1,1,0,0,0,0,1,0,0,0,0,0
LGV3-000106,release_description,enable-application-runtime-production,0,safe_phrase,none,synthetic_v3,37,3.789742,0.0,0.0,0.081081,0,1,0,0,0,0,0,0,0,0,0,1
LGV3-000107,NEXT_PUBLIC_RELEASE_CHANNEL,stable,0,frontend_public_value,Next.js,synthetic_v3,6,2.584963,0.0,0.0,0.0,0,1,0,0,0,0,0,0,1,0,0,0
LGV3-000108,feature_mode,production,0,normal_config,none,synthetic_v3,10,3.121928,0.0,0.0,0.0,0,1,0,0,0,0,0,0,0,0,0,0
LGV3-000109,service_password,process.env.CLIENT_SECRET,0,secret_reference,none,synthetic_v3,25,4.053661,0.0,0.48,0.12,1,1,1,0,0,0,1,0,0,0,0,0
LGV3-000110,setting,1bca1dce770da5205305f05819f01d86,1,hex_secret,none,synthetic_v3,32,3.676109,0.65625,0.0,0.0,0,1,1,0,0,1,0,0,0,0,0,0
LGV3-000111,NEXT_PUBLIC_RELEASE_CHANNEL,public-dashboard,0,frontend_public_value,Next.js,synthetic_v3,16,3.625,0.0,0.0,0.0625,0,1,0,0,0,0,0,0,1,0,0,0
LGV3-000112,request_id,57fd2dfb-948c-8b76-c9b1-8abd234a2f67,0,uuid_identifier,none,synthetic_v3,36,3.787302,0.5,0.0,0.111111,0,1,1,1,0,0,0,0,0,1,0,0
LGV3-000113,setting,jMDLmm%ptSZEqZN_rlJkQPwQVDt%vizd,1,random_secret,none,synthetic_v3,32,4.625,0.0,0.4375,0.09375,0,1,1,0,0,0,0,0,0,0,0,0
LGV3-000114,access_token,rMhcl@Nlape4JWIrv@!zkgoVu!Yt@Y4w,1,random_secret,none,synthetic_v3,32,4.53891,0.0625,0.25,0.15625,1,1,1,0,0,0,0,0,0,0,0,0
LGV3-000115,result,L_n2efwReapwN-MV.0A-Xyj95mm5f7gPMdSWhxBRZFGQ.0F819Kz0cDV6k0anEVpAyk3L,1,jwt_like_secret,none,synthetic_v3,69,5.401932,0.202899,0.362319,0.072464,0,1,1,0,0,0,0,0,0,0,1,0
LGV3-000116,VITE_PUBLIC_REGION,public-dashboard,0,frontend_public_value,Vite,synthetic_v3,16,3.625,0.0,0.0,0.0625,0,1,0,0,0,0,0,0,1,0,0,0
LGV3-000117,public_id,P8AEUMGF8E7PWZHJVMGNA5SR34,0,public_identifier,none,synthetic_v3,26,4.238901,0.230769,0.769231,0.0,0,1,1,0,0,0,0,0,0,1,0,0
LGV3-000118,commit_sha,415bb1c06a95a2e5266102e6fe3e62deccae0db9,0,commit_hash,none,synthetic_v3,40,3.63071,0.55,0.0,0.0,0,1,1,0,1,1,0,0,0,1,0,0
LGV3-000119,result,QYzRlfzCdBymyeoV.pbzWQQJsruiANi-31Oduxdn-xhY.DOTp2wCJeVXDzUIFfrgXTSTr,1,jwt_like_secret,none,synthetic_v3,69,5.253169,0.043478,0.42029,0.057971,0,1,1,0,0,0,0,0,0,0,1,0
LGV3-000120,database_password,1922e19f7e1096a0f1f6655045f4bb58bfffb7d0b8df15ccbc06036476d40c2f,1,hash_shaped_secret,none,synthetic_v3,64,3.790013,0.609375,0.0,0.0,1,1,1,0,1,1,0,0,0,0,0,0
LGV3-000121,service_password,kqo2slxnTr9q8CPhF#OWgzexlf6xpUpt,1,random_secret,none,synthetic_v3,32,4.66391,0.125,0.21875,0.03125,1,1,1,0,0,0,0,0,0,0,0,0
LGV3-000122,jwt_example,iF4xzHaDpegPfYYt.QfV5S1vUCf9CcVE-dyYqvd5hazU.Tyd_hN3HHnIQkqCjbUZLJBo6,0,documentation_jwt,none,synthetic_v3,69,5.405201,0.101449,0.405797,0.057971,0,1,1,0,0,0,0,0,0,0,1,0
LGV3-000123,client_secret,replace-me,0,placeholder,none,synthetic_v3,10,2.846439,0.0,0.0,0.1,1,1,0,0,0,0,0,1,0,0,0,0
LGV3-000124,VITE_CLIENT_SECRET,RjFJUO7PZ-zJgs62rM3Ew28smfXQJQw9wGuW,1,client_exposed_secret,Vite,synthetic_v3,36,4.739098,0.194444,0.444444,0.027778,1,1,1,0,0,0,0,0,1,0,0,0
LGV3-000125,token_example,nw8cmaB7hNg7nJIk.gna5yvNs3Nn5tx_YvXbBaD31LrM.LsZkZau4ixlp3QG195MzsCys,0,documentation_jwt,none,synthetic_v3,69,5.206138,0.188406,0.275362,0.043478,1,1,1,0,0,0,0,0,0,0,1,0
LGV3-000126,api_key,8be6924c9b4a0b191dd73b6d9eb71fd15064cff9,1,hash_shaped_secret,none,synthetic_v3,40,3.78483,0.575,0.0,0.0,1,1,1,0,1,1,0,0,0,0,0,0
LGV3-000127,service_url,enabled,0,normal_config,none,synthetic_v3,7,2.521641,0.0,0.0,0.0,0,1,0,0,0,0,0,0,0,0,0,0
LGV3-000128,public_id,NP2S184JRPBPXSTPB9N553YS8R,0,public_identifier,none,synthetic_v3,26,3.825252,0.346154,0.653846,0.0,0,1,1,0,0,0,0,0,0,1,0,0
LGV3-000129,signing_secret,TOKEN_PLACEHOLDER,0,placeholder,none,synthetic_v3,17,3.572469,0.0,0.941176,0.058824,1,1,0,0,0,0,0,1,0,0,0,0
LGV3-000130,environment,debug,0,normal_config,none,synthetic_v3,5,2.321928,0.0,0.0,0.0,0,1,0,0,0,0,0,0,0,0,0,0
LGV3-000131,runtime_data,677f90e82c54c886f786139fefde4874e04b53e3,1,hash_shaped_secret,none,synthetic_v3,40,3.703702,0.675,0.0,0.0,0,1,1,0,1,1,0,0,0,0,0,0
LGV3-000132,documentation_token,NlR58_mjFkAdkX8F.khzfm7QIzwBpWuI-nj4duFRc3Xs.uJiqu1nmTrAXiSBQQP0jUG6Y,0,documentation_jwt,none,synthetic_v3,69,5.289259,0.130435,0.376812,0.057971,1,1,1,0,0,0,0,0,0,0,1,0
LGV3-000133,log_level,https://example.test/api,0,normal_config,none,synthetic_v3,24,3.490602,0.0,0.0,0.208333,0,1,0,0,0,0,0,1,0,0,0,0
LGV3-000134,customer_reference,WWBAOLXGBYX5T0CX7W6L7P7XP9,0,public_identifier,none,synthetic_v3,26,3.796218,0.269231,0.730769,0.0,0,1,1,0,0,0,0,0,0,1,0,0
LGV3-000135,access_token,process.env.CLIENT_SECRET,0,secret_reference,none,synthetic_v3,25,4.053661,0.0,0.48,0.12,1,1,1,0,0,0,1,0,0,0,0,0
LGV3-000136,artifact_digest,a83b78842e9ac890f6b0d244f9cc0ced252b41915e38ecc283fc32ff8134dc12,0,artifact_digest,none,synthetic_v3,64,3.806304,0.609375,0.0,0.0,0,1,1,0,1,1,0,0,0,1,0,0
LGV3-000137,client_secret,c4156dd418bf8d0614b5f56577104b99abedc7a2c56ad07e78277362a81e883e,1,hex_secret,none,synthetic_v3,64,3.908367,0.65625,0.0,0.0,1,1,1,0,1,1,0,0,0,0,0,0
LGV3-000138,service_password,9e0541b4-aa18-e0b5-6bc6-ab457d7890cd,1,uuid_shaped_secret,none,synthetic_v3,36,3.752715,0.527778,0.0,0.111111,1,1,1,1,0,0,0,0,0,0,0,0
LGV3-000139,NEXT_PUBLIC_API_KEY,orInOr1COpFdErVhvwBaPnAV7J5Me0u6juej,1,client_exposed_secret,Next.js,synthetic_v3,36,4.704511,0.138889,0.361111,0.0,1,1,1,0,0,0,0,0,1,0,0,0
LGV3-000140,VITE_PUBLIC_REGION,preview,0,frontend_public_value,Vite,synthetic_v3,7,2.521641,0.0,0.0,0.0,0,1,0,0,0,0,0,0,1,0,0,0
LGV3-000141,customer_reference,HX78FKI1QUYSAXH7XURGG3B4FK,0,public_identifier,none,synthetic_v3,26,4.056021,0.230769,0.769231,0.0,0,1,1,0,0,0,0,0,0,1,0,0
LGV3-000142,setting,uVD4NAnmMJ00oZFZH8D#VX3V_S$@IZVe,1,random_secret,none,synthetic_v3,32,4.47641,0.15625,0.5625,0.125,0,1,1,0,0,0,0,0,0,0,0,0
LGV3-000143,artifact_digest,2fdb62c580efcd80c2f9ccd610f1e874637ca06460601324ccf59aa25dc9a209,0,artifact_digest,none,synthetic_v3,64,3.815163,0.609375,0.0,0.0,0,1,1,0,1,1,0,0,0,1,0,0
LGV3-000144,service_password,vault://application/key,0,secret_reference,none,synthetic_v3,23,3.762267,0.0,0.0,0.173913,1,1,0,0,0,0,1,0,0,0,0,0
LGV3-000145,connector_value,WChT-Q_n3Gpqc0aiYehDyBge_eJHu%zw,1,random_secret,none,synthetic_v3,32,4.72641,0.0625,0.3125,0.125,0,1,1,0,0,0,0,0,0,0,0,0
LGV3-000146,value,d291687cddd2a4f2677110681c895af8,1,hex_secret,none,synthetic_v3,32,3.554229,0.6875,0.0,0.0,0,1,1,0,0,1,0,0,0,0,0,0
LGV3-000147,connector_value,5ff19241ad276b4377374530b6193c0cd80d76071389e448465fb0c981b85b72,1,hash_shaped_secret,none,synthetic_v3,64,3.871422,0.75,0.0,0.0,0,1,1,0,1,1,0,0,0,0,0,0
LGV3-000148,client_secret,voyage-canyon-meteor-canyon-meadow,1,passphrase_secret,none,synthetic_v3,34,3.54733,0.0,0.0,0.117647,1,1,0,0,0,0,0,0,0,0,0,1
LGV3-000149,api_key,EYzbrsq7zFA981q2.RBig9_p0hhqA8s8Hpfo2i6cQl6s.YYwA0a_MtWLxytNPcnjjqVsy,1,jwt_like_secret,none,synthetic_v3,69,5.264109,0.188406,0.26087,0.057971,1,1,1,0,0,0,0,0,0,0,1,0
LGV3-000150,material,f8415ff33a80792e78c403d2dc847dce6dfde834,1,hash_shaped_secret,none,synthetic_v3,40,3.68483,0.6,0.0,0.0,0,1,1,0,1,1,0,0,0,0,0,0
LGV3-000151,commit_sha,1c41f966e0d3e6705bd66281249dc87e1c5f8fbd,0,commit_hash,none,synthetic_v3,40,3.806198,0.625,0.0,0.0,0,1,1,0,1,1,0,0,0,1,0,0
LGV3-000152,NEXT_PUBLIC_ACCESS_TOKEN,zCebhN9m7R25mwKdDmlsvdttgAwXggt7KKY9,1,client_exposed_secret,Next.js,synthetic_v3,36,4.419382,0.166667,0.277778,0.0,1,1,1,0,0,0,0,0,1,0,0,0
LGV3-000153,setting,summit bridge timber lantern winter,1,passphrase_secret,none,synthetic_v3,35,3.657575,0.0,0.0,0.114286,0,0,0,0,0,0,0,0,0,0,0,1
LGV3-000154,build_id,UMYVOYEN0GWLRNC674BWZA03EJ,0,public_identifier,none,synthetic_v3,26,4.315824,0.230769,0.769231,0.0,0,1,1,0,0,0,0,0,0,1,0,0
LGV3-000155,application_setting,production application runtime public release,0,safe_phrase,none,synthetic_v3,45,3.855214,0.0,0.0,0.088889,0,0,0,0,0,0,0,0,0,0,0,1
LGV3-000156,result,94dc24607d45e9f575558148160a7d59746b8c3b259555ae8922672f01384a76,1,hash_shaped_secret,none,synthetic_v3,64,3.817235,0.78125,0.0,0.0,0,1,1,0,1,1,0,0,0,0,0,0
LGV3-000157,service_password,0b3ba9a9-a9e6-c53f-828c-93e4acadfa13,1,uuid_shaped_secret,none,synthetic_v3,36,3.718129,0.444444,0.0,0.111111,1,1,1,1,0,0,0,0,0,0,0,0
LGV3-000158,release_description,release-development-service-release,0,safe_phrase,none,synthetic_v3,35,3.384332,0.0,0.0,0.085714,0,1,0,0,0,0,0,0,0,0,0,1
LGV3-000159,api_key,6d53e0cf-159a-5da8-338a-fc92f4d7ee4c,1,uuid_shaped_secret,none,synthetic_v3,36,3.856475,0.472222,0.0,0.111111,1,1,1,1,0,0,0,0,0,0,0,0
LGV3-000160,value,6b72c38d-117c-708f-783d-34252cf7e1b4,1,uuid_shaped_secret,none,synthetic_v3,36,3.74259,0.611111,0.0,0.111111,0,1,1,1,0,0,0,0,0,0,0,0
LGV3-000161,signing_secret,process.env.CLIENT_SECRET,0,secret_reference,none,synthetic_v3,25,4.053661,0.0,0.48,0.12,1,1,1,0,0,0,1,0,0,0,0,0
LGV3-000162,material,3511293b7b9c7853cd9b7bf60e8b0a9d,1,hex_secret,none,synthetic_v3,32,3.715018,0.625,0.0,0.0,0,1,1,0,0,1,0,0,0,0,0,0
LGV3-000163,log_level,debug,0,normal_config,none,synthetic_v3,5,2.321928,0.0,0.0,0.0,0,1,0,0,0,0,0,0,0,0,0,0
LGV3-000164,artifact_digest,d718707c4a5b203b415eb722bf47a945c155dd6e2294fae8eb0d7dad3137d5d4,0,artifact_digest,none,synthetic_v3,64,3.821874,0.609375,0.0,0.0,0,1,1,0,1,1,0,0,0,1,0,0
LGV3-000165,session_data,voyage-crystal-canyon-silver,1,passphrase_secret,none,synthetic_v3,28,3.726474,0.0,0.0,0.107143,0,1,0,0,0,0,0,0,0,0,0,1
LGV3-000166,api_key,t1A-W4uNKIVqzhxp.lryCO-1bP-o6Dvn4ym0V3Sn3rTY.XWcNiPc5cVfxF5W5vDefXbye,1,jwt_like_secret,none,synthetic_v3,69,5.260273,0.15942,0.333333,0.072464,1,1,1,0,0,0,0,0,0,0,1,0
LGV3-000167,jwt_example,k4ZI6O9i1mLzem6k.Xi9XCHjedrEq4yl90NIEDrEDvXU.BfCRJ_9fMXlg2MUUBcFq8dBq,0,documentation_jwt,none,synthetic_v3,69,5.166212,0.173913,0.42029,0.043478,0,1,1,0,0,0,0,0,0,0,1,0
LGV3-000168,access_token,j!El_DvPXPtoDt0bGegAlYTdEu!nVw6a,1,random_secret,none,synthetic_v3,32,4.625,0.0625,0.375,0.09375,1,1,1,0,0,0,0,0,0,0,0,0
LGV3-000169,client_secret,silver winter voyage voyage,1,passphrase_secret,none,synthetic_v3,27,3.661933,0.0,0.0,0.111111,1,0,0,0,0,0,0,0,0,0,0,1
LGV3-000170,connector_value,voyage canyon meadow bridge orbit meadow,1,passphrase_secret,none,synthetic_v3,40,3.822574,0.0,0.0,0.125,0,0,0,0,0,0,0,0,0,0,0,1
LGV3-000171,client_secret,NXu0Wr1HWix0syaWUKih2i-0h#f0@Agu,1,random_secret,none,synthetic_v3,32,4.32782,0.1875,0.28125,0.09375,1,1,1,0,0,0,0,0,0,0,0,0
LGV3-000172,api_key,harbor.lantern.ocean.crystal.crystal.crystal,1,passphrase_secret,none,synthetic_v3,44,3.530026,0.0,0.0,0.113636,1,1,0,0,0,0,0,0,0,0,0,1
LGV3-000173,jwt_example,oDCYXKpLoiz80W5J.3SzOMoKKmJ60_vNbnFwEW2a98Dg.DRJV8gwjbjPh2wZdWGd5RPYN,0,documentation_jwt,none,synthetic_v3,69,5.249333,0.173913,0.449275,0.043478,0,1,1,0,0,0,0,0,0,0,1,0
LGV3-000174,database_password,sample-secret-value,0,placeholder,none,synthetic_v3,19,3.405822,0.0,0.0,0.105263,1,1,0,0,0,0,0,1,0,0,0,0
LGV3-000175,signing_secret,762d4a953294ce73891d2ab255162635c012ae9f6f905ca027ad0841a379595e,1,hash_shaped_secret,none,synthetic_v3,64,3.851816,0.71875,0.0,0.0,1,1,1,0,1,1,0,0,0,0,0,0
LGV3-000176,VITE_PUBLIC_REGION,stable,0,frontend_public_value,Vite,synthetic_v3,6,2.584963,0.0,0.0,0.0,0,1,0,0,0,0,0,0,1,0,0,0
LGV3-000177,commit_sha,418a15730d7b275ba83bbd3ef8dfed130a6211b1,0,commit_hash,none,synthetic_v3,40,3.637326,0.6,0.0,0.0,0,1,1,0,1,1,0,0,0,1,0,0
LGV3-000178,log_level,debug,0,normal_config,none,synthetic_v3,5,2.321928,0.0,0.0,0.0,0,1,0,0,0,0,0,0,0,0,0,0
LGV3-000179,material,1Gm-8qGqn13G69E4.p3VKFhgNbCssCNe6_ifnrygUaiM.wp3uPbX9CxkigPq5ELRlueek,1,jwt_like_secret,none,synthetic_v3,69,5.249333,0.173913,0.289855,0.057971,0,1,1,0,0,0,0,0,0,0,1,0
LGV3-000180,service_password,eb63c4badc891e70a4b557bfaba63d70b9dc6a0db3a9d30e33175dbd6b0eb5e4,1,hash_shaped_secret,none,synthetic_v3,64,3.697277,0.5,0.0,0.0,1,1,1,0,1,1,0,0,0,0,0,0
LGV3-000181,documentation_token,WiisxogyRKcAWdUy.Ko6jTFfNZjYY-2bwxh8WHgYt_Lw.OddEOtaqPznBpqNRCyCPj8qa,0,documentation_jwt,none,synthetic_v3,69,5.260273,0.057971,0.391304,0.057971,1,1,1,0,0,0,0,0,0,0,1,0
LGV3-000182,access_token,TOKEN_PLACEHOLDER,0,placeholder,none,synthetic_v3,17,3.572469,0.0,0.941176,0.058824,1,1,0,0,0,0,0,1,0,0,0,0
LGV3-000183,signing_secret,<redacted>,0,placeholder,none,synthetic_v3,10,2.921928,0.0,0.0,0.2,1,1,0,0,0,0,0,1,0,0,0,0
LGV3-000184,signing_secret,200af719eac9ab0ac4e1b6f15459443a32ea914dad4b2faf1af18c480e9ac9ba,1,hash_shaped_secret,none,synthetic_v3,64,3.73298,0.53125,0.0,0.0,1,1,1,0,1,1,0,0,0,0,0,0
LGV3-000185,NEXT_PUBLIC_API_KEY,nKWIW8xzw7eVOQIdZC7NaLu1KcbPD9F_GZYg,1,client_exposed_secret,Next.js,synthetic_v3,36,4.892147,0.138889,0.527778,0.027778,1,1,1,0,0,0,0,0,1,0,0,0
LGV3-000186,deployment_mode,public-runtime-stable-public-enable,0,safe_phrase,none,synthetic_v3,35,3.657575,0.0,0.0,0.114286,0,1,0,0,0,0,0,0,0,0,0,1
LGV3-000187,customer_reference,6F7R2X629QYYFYW7A4OMDNB5XT,0,public_identifier,none,synthetic_v3,26,4.132944,0.346154,0.653846,0.0,0,1,1,0,0,0,0,0,0,1,0,0
LGV3-000188,environment,production,0,normal_config,none,synthetic_v3,10,3.121928,0.0,0.0,0.0,0,1,0,0,0,0,0,0,0,0,0,0
LGV3-000189,deployment_mode,service-region-preview-default-production,0,safe_phrase,none,synthetic_v3,41,3.936463,0.0,0.0,0.097561,0,1,0,0,0,0,0,0,0,0,0,1
LGV3-000190,NEXT_PUBLIC_RELEASE_CHANNEL,preview,0,frontend_public_value,Next.js,synthetic_v3,7,2.521641,0.0,0.0,0.0,0,1,0,0,0,0,0,0,1,0,0,0
LGV3-000191,NEXT_PUBLIC_ACCESS_TOKEN,AXiiImV25j5ti0rNuLigS--12VlHzSABow06,1,client_exposed_secret,Next.js,synthetic_v3,36,4.558814,0.222222,0.333333,0.055556,1,1,1,0,0,0,0,0,1,0,0,0
LGV3-000192,NEXT_PUBLIC_RELEASE_CHANNEL,stable,0,frontend_public_value,Next.js,synthetic_v3,6,2.584963,0.0,0.0,0.0,0,1,0,0,0,0,0,0,1,0,0,0
LGV3-000193,trace_id,2bc08123-0651-6691-e2d2-0857e71f9e47,0,uuid_identifier,none,synthetic_v3,36,3.808271,0.694444,0.0,0.111111,0,1,1,1,0,0,0,0,0,1,0,0
LGV3-000194,environment,https://example.test/api,0,normal_config,none,synthetic_v3,24,3.490602,0.0,0.0,0.208333,0,1,0,0,0,0,0,1,0,0,0,0
LGV3-000195,request_id,0ebd05b1-e4f1-6ee1-74d9-80c0b2a0494e,0,uuid_identifier,none,synthetic_v3,36,3.705229,0.527778,0.0,0.111111,0,1,1,1,0,0,0,0,0,1,0,0
LGV3-000196,api_key,afe5d5e036bac27affea3716635f0e137748f7f3,1,hash_shaped_secret,none,synthetic_v3,40,3.615957,0.575,0.0,0.0,1,1,1,0,1,1,0,0,0,0,0,0
LGV3-000197,material,wEHFZ6K2iVnwE2nBNKye-5$#sSL@v35F,1,random_secret,none,synthetic_v3,32,4.5625,0.1875,0.40625,0.125,0,1,1,0,0,0,0,0,0,0,0,0
LGV3-000198,setting,6de1f089-ae32-850a-26b9-384c99bd16b6,1,uuid_shaped_secret,none,synthetic_v3,36,3.850209,0.583333,0.0,0.111111,0,1,1,1,0,0,0,0,0,0,0,0
LGV3-000199,build_id,EBX71SN68R5S65SO68G9NG1MON,0,public_identifier,none,synthetic_v3,26,3.767183,0.423077,0.576923,0.0,0,1,1,0,0,0,0,0,0,1,0,0
LGV3-000200,environment,enabled,0,normal_config,none,synthetic_v3,7,2.521641,0.0,0.0,0.0,0,1,0,0,0,0,0,0,0,0,0,0
LGV3-000201,access_token,amber.summit.timber.meteor.summit.lantern,1,passphrase_secret,none,synthetic_v3,41,3.473764,0.0,0.0,0.121951,1,1,0,0,0,0,0,0,0,0,0,1
LGV3-000202,access_token,4tWtdw5oJ_cToDcQ6Sn-af_pm%-fO1nI,1,random_secret,none,synthetic_v3,32,4.5625,0.125,0.25,0.15625,1,1,1,0,0,0,0,0,0,0,0,0
LGV3-000203,signing_secret,417142f5ddcc6152400eaa139b1c6d73e4629974,1,hash_shaped_secret,none,synthetic_v3,40,3.778213,0.7,0.0,0.0,1,1,1,0,1,1,0,0,0,0,0,0
LGV3-000204,api_key,WvDNAJ8%9UQ%zo!TO7hWEsqL%FALO8cU,1,random_secret,none,synthetic_v3,32,4.47641,0.125,0.53125,0.125,1,1,1,0,0,0,0,0,0,0,0,0
LGV3-000205,access_token,WlvrhK9vgL8G1lxA.Li5dOMjpVHSG0rhK2WR-VPSB-tc.LCXbD81Ksbx8-rCWTHBumPxg,1,jwt_like_secret,none,synthetic_v3,69,5.220347,0.130435,0.434783,0.072464,1,1,1,0,0,0,0,0,0,0,1,0
LGV3-000206,deployment_mode,production-enable-region-runtime,0,safe_phrase,none,synthetic_v3,32,3.780639,0.0,0.0,0.09375,0,1,0,0,0,0,0,0,0,0,0,1
LGV3-000207,service_url,production,0,normal_config,none,synthetic_v3,10,3.121928,0.0,0.0,0.0,0,1,0,0,0,0,0,0,0,0,0,0
LGV3-000208,checksum,aca21c0e9feacc00d58b8ba40040ad8524809d58b71e87efac57ac0a307e40ce,0,artifact_digest,none,synthetic_v3,64,3.665624,0.546875,0.0,0.0,0,1,1,0,1,1,0,0,0,1,0,0
LGV3-000209,api_key,<redacted>,0,placeholder,none,synthetic_v3,10,2.921928,0.0,0.0,0.2,1,1,0,0,0,0,0,1,0,0,0,0
LGV3-000210,deployment_mode,preview default service production development,0,safe_phrase,none,synthetic_v3,46,3.930427,0.0,0.0,0.086957,0,0,0,0,0,0,0,0,0,0,0,1
LGV3-000211,service_password,32bd3bafb6cf30c6c90fdeb608129e84da3c2152da5cee60ef1f618fadcc2b8a,1,hex_secret,none,synthetic_v3,64,3.799702,0.484375,0.0,0.0,1,1,1,0,1,1,0,0,0,0,0,0
LGV3-000212,deployment_mode,enable-public-production-default,0,safe_phrase,none,synthetic_v3,32,3.843139,0.0,0.0,0.09375,0,1,0,0,0,0,0,0,0,0,0,1
LGV3-000213,release_description,application default release enable default,0,safe_phrase,none,synthetic_v3,42,3.689322,0.0,0.0,0.095238,0,0,0,0,0,0,0,0,0,0,0,1
LGV3-000214,customer_reference,8Q85SIHEZSNW07P72KW5MWXK51,0,public_identifier,none,synthetic_v3,26,4.026987,0.384615,0.615385,0.0,0,1,1,0,0,0,0,0,0,1,0,0
LGV3-000215,image_digest,cf38eb8017e017d214b1f589fd7f1b2b991b34f20b2927a28e2895caabd03baf,0,artifact_digest,none,synthetic_v3,64,3.778828,0.59375,0.0,0.0,0,1,1,0,1,1,0,0,0,1,0,0
LGV3-000216,payload,745bcc9e6182eba08e61717fa1cf4ab443fb6b906a8864878b44c3a1c8e84e56,1,hash_shaped_secret,none,synthetic_v3,64,3.715422,0.625,0.0,0.0,0,1,1,0,1,1,0,0,0,0,0,0
LGV3-000217,checksum,9ee5f62c2448914867dd17eeb85c7482a19a710c3cf848bfc583b1ba25a30201,0,artifact_digest,none,synthetic_v3,64,3.921723,0.65625,0.0,0.0,0,1,1,0,1,1,0,0,0,1,0,0
LGV3-000218,NEXT_PUBLIC_ACCESS_TOKEN,8lfNikz9Od7dlBip4tYxWUXVJnAhgY2GuCWt,1,client_exposed_secret,Next.js,synthetic_v3,36,4.836592,0.138889,0.388889,0.0,1,1,1,0,0,0,0,0,1,0,0,0
LGV3-000219,client_secret,d50c17f5-108e-f131-e807-8a18f99320a7,1,uuid_shaped_secret,none,synthetic_v3,36,3.63883,0.638889,0.0,0.111111,1,1,1,1,0,0,0,0,0,0,0,0
LGV3-000220,image_digest,f69431b307be5df2cd7c93884667aa1a712849f095f190cab6e4762e1bd7ca07,0,artifact_digest,none,synthetic_v3,64,3.939617,0.640625,0.0,0.0,0,1,1,0,1,1,0,0,0,1,0,0
LGV3-000221,setting,timber.island.meteor.harbor.orbit,1,passphrase_secret,none,synthetic_v3,33,3.608513,0.0,0.0,0.121212,0,1,0,0,0,0,0,0,0,0,0,1
LGV3-000222,service_password,960f89c6-4e27-16a2-2a00-9de5bfb4bf80,1,uuid_shaped_secret,none,synthetic_v3,36,3.842857,0.555556,0.0,0.111111,1,1,1,1,0,0,0,0,0,0,0,0
LGV3-000223,client_secret,1cL99NZ99nRZ4eji.h06uE_UCz3HbVfQ62C6032-ORO4.bgrcAw3Y7FyzllUX2o3pf7gG,1,jwt_like_secret,none,synthetic_v3,69,5.304035,0.304348,0.304348,0.057971,1,1,1,0,0,0,0,0,0,0,1,0
LGV3-000224,artifact_digest,8ccc2c9307ca9f1f06d1be22049bda1256bd31fb8601a26ff49fc8854a32d43a,0,artifact_digest,none,synthetic_v3,64,3.878928,0.59375,0.0,0.0,0,1,1,0,1,1,0,0,0,1,0,0
LGV3-000225,payload,a0433424-4ef1-610d-a548-8f76c6bfcfea,1,uuid_shaped_secret,none,synthetic_v3,36,3.805497,0.527778,0.0,0.111111,0,1,1,1,0,0,0,0,0,0,0,0
LGV3-000226,database_password,silver.forest.meadow.canyon,1,passphrase_secret,none,synthetic_v3,27,3.93027,0.0,0.0,0.111111,1,1,0,0,0,0,0,0,0,0,0,1
LGV3-000227,signing_secret,8f98c385aafe4d8e49b1af2849958c5a7ba0be7a,1,hex_secret,none,synthetic_v3,40,3.652078,0.55,0.0,0.0,1,1,1,0,1,1,0,0,0,0,0,0
LGV3-000228,commit_sha,ec127539413707081e357e11ee18662fff9bc665,0,commit_hash,none,synthetic_v3,40,3.637326,0.725,0.0,0.0,0,1,1,0,1,1,0,0,0,1,0,0
LGV3-000229,NEXT_PUBLIC_API_KEY,XNwqDFnG16ZZYwdLu_3orkbrPi0bXaUQN7Nj,1,client_exposed_secret,Next.js,synthetic_v3,36,4.760067,0.138889,0.416667,0.027778,1,1,1,0,0,0,0,0,1,0,0,0
LGV3-000230,result,qJwefgKTBnenEBfU.bxw0VrEWQgMatEH9BSJZMB5c_xA.glJ78suzbvAuTiHB2ZpD-92W,1,jwt_like_secret,none,synthetic_v3,69,5.269766,0.115942,0.42029,0.057971,0,1,1,0,0,0,0,0,0,0,1,0
LGV3-000231,value,AVv$Mx1kRFH7Ug2kU5$adl4!zf9L8@sF,1,random_secret,none,synthetic_v3,32,4.75,0.21875,0.3125,0.125,0,1,1,0,0,0,0,0,0,0,0,0
LGV3-000232,commit_sha,cbdd2aeb146c2de5211a697e41a47ea979831ed0,0,commit_hash,none,synthetic_v3,40,3.715957,0.575,0.0,0.0,0,1,1,0,1,1,0,0,0,1,0,0
LGV3-000233,client_secret,9318199c812f328a72a2f430946a94e7d91f9db686415b10,1,hex_secret,none,synthetic_v3,48,3.789529,0.75,0.0,0.0,1,1,1,0,0,1,0,0,0,0,0,0
LGV3-000234,api_key,lCx_loJygOjEKl_z.rWGjbow-c3S-CdPX0a0Sko65kHM.UYWg7Yc-iGVbTlxDml7VQlkM,1,jwt_like_secret,none,synthetic_v3,69,5.213243,0.101449,0.362319,0.101449,1,1,1,0,0,0,0,0,0,0,1,0
LGV3-000235,connector_value,kzhVZrXn$NuO4W9mOhRoV-bCvDwfa!uL,1,random_secret,none,synthetic_v3,32,4.75,0.0625,0.375,0.09375,0,1,1,0,0,0,0,0,0,0,0,0
LGV3-000236,setting,a00118bf2a20a231ab7fcd6f5bfa2c0764189d2292039b6fa2ca93f9c9512255,1,hash_shaped_secret,none,synthetic_v3,64,3.709072,0.640625,0.0,0.0,0,1,1,0,1,1,0,0,0,0,0,0
LGV3-000237,access_token,CMWseraKIGRVnkuRdOKtqrTx@3CNFg$a,1,random_secret,none,synthetic_v3,32,4.6875,0.03125,0.46875,0.0625,1,1,1,0,0,0,0,0,0,0,0,0
LGV3-000238,api_key,64bd0e08453b256b271348c474a4fe7adc50fc32,1,hash_shaped_secret,none,synthetic_v3,40,3.802078,0.65,0.0,0.0,1,1,1,0,1,1,0,0,0,0,0,0
LGV3-000239,session_data,wZe2SL05fVX0UKvJ.OVJQ4fxfy9Afq1n1oRSoNRW17Bo.nZUadF2GKDdD0x4mWzNX9X3g,1,jwt_like_secret,none,synthetic_v3,69,5.224183,0.217391,0.434783,0.028986,0,1,1,0,0,0,0,0,0,0,1,0
LGV3-000240,service_password,orbit-timber-voyage-meadow-timber,1,passphrase_secret,none,synthetic_v3,33,3.634415,0.0,0.0,0.121212,1,1,0,0,0,0,0,0,0,0,0,1
LGV3-000241,signing_secret,2989fadd34af60343b0c9b58c8e16057,1,hex_secret,none,synthetic_v3,32,3.905639,0.65625,0.0,0.0,1,1,1,0,0,1,0,0,0,0,0,0
LGV3-000242,public_id,B01YHWMJXYHRH9FFISXAMX8QT0,0,public_identifier,none,synthetic_v3,26,4.026987,0.192308,0.807692,0.0,0,1,1,0,0,0,0,0,0,1,0,0
LGV3-000243,jwt_example,wTIyD5j6xjKI0QN1.EO3HSiowu5DwYZMQCSbmAmH2O_I.ckxMU73DQ8d3CRK5Wxe27cRu,0,documentation_jwt,none,synthetic_v3,69,5.220347,0.202899,0.449275,0.043478,0,1,1,0,0,0,0,0,0,0,1,0
LGV3-000244,material,87c358700da00bbed4c2729d35d64b71f07bdad2b3e826f24312129ae6b1a0fb,1,hex_secret,none,synthetic_v3,64,3.879584,0.609375,0.0,0.0,0,1,1,0,1,1,0,0,0,0,0,0
LGV3-000245,access_token,a9a92fe35da5ad6ee17d697d64fe174aeccc6f9a78b789e1c357ebf13ff40fe4,1,hash_shaped_secret,none,synthetic_v3,64,3.815774,0.515625,0.0,0.0,1,1,1,0,1,1,0,0,0,0,0,0
LGV3-000246,payload,cyTVyxliQCu6AWnh.MKXICgbwhqZLt9xZHyl77oTDsv8.FEN33KlrTVKZZEWKTIKVsYWh,1,jwt_like_secret,none,synthetic_v3,69,5.131944,0.101449,0.507246,0.028986,0,1,1,0,0,0,0,0,0,0,1,0
LGV3-000247,documentation_token,AzSKn4KpjD8lEX9c.8cl5idg2qrGbOgAwkLuB4YPZUCs._vol3BPlKe4ystdLBXgOA9Ll,0,documentation_jwt,none,synthetic_v3,69,5.265931,0.144928,0.376812,0.043478,1,1,1,0,0,0,0,0,0,0,1,0
LGV3-000248,connector_value,s!ECco#7wN-LbIzFKpCrVdnE3Qe6M68!,1,random_secret,none,synthetic_v3,32,4.75,0.15625,0.375,0.125,0,1,1,0,0,0,0,0,0,0,0,0
LGV3-000249,commit_sha,a541472a52691f96f7596d03bf1c7c1b6cfa0c69,0,commit_hash,none,synthetic_v3,40,3.675071,0.65,0.0,0.0,0,1,1,0,1,1,0,0,0,1,0,0
LGV3-000250,session_data,21edf154-8c76-ee52-6025-7521efdcb513,1,uuid_shaped_secret,none,synthetic_v3,36,3.680768,0.583333,0.0,0.111111,0,1,1,1,0,0,0,0,0,0,0,0
LGV3-000251,setting,bff415c932cea2238b2bece365316ffb1b86af456af9ead29f841d8f97b0f2c0,1,hex_secret,none,synthetic_v3,64,3.858459,0.546875,0.0,0.0,0,1,1,0,1,1,0,0,0,0,0,0
LGV3-000252,signing_secret,TOKEN_PLACEHOLDER,0,placeholder,none,synthetic_v3,17,3.572469,0.0,0.941176,0.058824,1,1,0,0,0,0,0,1,0,0,0,0
LGV3-000253,commit_sha,400503f95c5c04f5cd5d9a2b51e2eb7a00579cb0,0,commit_hash,none,synthetic_v3,40,3.551609,0.625,0.0,0.0,0,1,1,0,1,1,0,0,0,1,0,0
LGV3-000254,setting,31603cfe4f206f4c1cfdf5e4274ada3e5eb653e731cb1d6b03b35c807aa64168,1,hash_shaped_secret,none,synthetic_v3,64,3.832512,0.59375,0.0,0.0,0,1,1,0,1,1,0,0,0,0,0,0
LGV3-000255,VITE_PUBLIC_REGION,preview,0,frontend_public_value,Vite,synthetic_v3,7,2.521641,0.0,0.0,0.0,0,1,0,0,0,0,0,0,1,0,0,0
LGV3-000256,result,!dw1Wvy2C-%WwQ7P1-f7mI24IgG4PGiU,1,random_secret,none,synthetic_v3,32,4.375,0.25,0.34375,0.125,0,1,1,0,0,0,0,0,0,0,0,0
LGV3-000257,setting,ZcdW7CteFTQW_X6c.I_9r6ZS8brf_VnqtF8iw55e6FOw.qgPdPbYdIPr1ftMFoTkBdPvE,1,jwt_like_secret,none,synthetic_v3,69,5.108241,0.144928,0.376812,0.072464,0,1,1,0,0,0,0,0,0,0,1,0
LGV3-000258,signing_secret,%SERVICE_TOKEN%,0,secret_reference,none,synthetic_v3,15,3.456565,0.0,0.8,0.2,1,1,0,0,0,0,1,0,0,0,0,0
LGV3-000259,VITE_API_KEY,9ynJSyNLJkLop2BRGUbD5nKjdPor1nmbEjpC,1,client_exposed_secret,Vite,synthetic_v3,36,4.648956,0.111111,0.416667,0.0,1,1,1,0,0,0,0,0,1,0,0,0
LGV3-000260,setting,a12057b7-29cf-9093-7291-e8ae789f92a8,1,uuid_shaped_secret,none,synthetic_v3,36,3.586049,0.638889,0.0,0.111111,0,1,1,1,0,0,0,0,0,0,0,0
LGV3-000261,event_uuid,b1938022-68f2-9735-84f8-263b5baa7462,0,uuid_identifier,none,synthetic_v3,36,3.673417,0.694444,0.0,0.111111,0,1,1,1,0,0,0,0,0,1,0,0
LGV3-000262,value,e77X4rfutDgY1ROQ.s7ZLD8EZCG4NMl0GsWhLTG46RLQ.g3zNAdMa7GGN2ToubwwF8UFp,1,jwt_like_secret,none,synthetic_v3,69,5.240781,0.202899,0.478261,0.028986,0,1,1,0,0,0,0,0,0,0,1,0
LGV3-000263,session_data,R#atP4BOEEcswzqIkHpBGheSn#RQ!LiD,1,random_secret,none,synthetic_v3,32,4.75,0.03125,0.46875,0.09375,0,1,1,0,0,0,0,0,0,0,0,0
LGV3-000264,signing_secret,e6b38ad1bb0689535484934b3de737a0044100eb10ad84d0,1,hex_secret,none,synthetic_v3,48,3.571521,0.6875,0.0,0.0,1,1,1,0,0,1,0,0,0,0,0,0
LGV3-000265,value,amber-summit-canyon-crystal,1,passphrase_secret,none,synthetic_v3,27,3.782122,0.0,0.0,0.111111,0,1,0,0,0,0,0,0,0,0,0,1
LGV3-000266,signing_secret,sample-secret-value,0,placeholder,none,synthetic_v3,19,3.405822,0.0,0.0,0.105263,1,1,0,0,0,0,0,1,0,0,0,0
LGV3-000267,api_key,orbit-island-canyon-harbor-meadow-meteor,1,passphrase_secret,none,synthetic_v3,40,3.853702,0.0,0.0,0.125,1,1,0,0,0,0,0,0,0,0,0,1
LGV3-000268,artifact_digest,ea3e127d3f140453a8c28e3291aead819505793825cca8c11e8fd7da6b0d8a59,0,artifact_digest,none,synthetic_v3,64,3.831858,0.625,0.0,0.0,0,1,1,0,1,1,0,0,0,1,0,0
LGV3-000269,client_secret,dbd5aff659ebd6e30bac6d1d186452d5bb2916f366d354a5f22f417654e06fbe,1,hash_shaped_secret,none,synthetic_v3,64,3.74435,0.578125,0.0,0.0,1,1,1,0,1,1,0,0,0,0,0,0
LGV3-000270,runtime_data,26504c34fce8af599ca6f5a155058aec6c8a62ce07d5b93e,1,hex_secret,none,synthetic_v3,48,3.755995,0.583333,0.0,0.0,0,1,1,0,0,1,0,0,0,0,0,0
LGV3-000271,database_password,1e002622-528e-03ae-2836-42601bd89777,1,uuid_shaped_secret,none,synthetic_v3,36,3.655222,0.722222,0.0,0.111111,1,1,1,1,0,0,0,0,0,0,0,0
LGV3-000272,VITE_API_KEY,UyJXu11ZndJLmq91MPqmdjXzmlhLA-JymdFq,1,client_exposed_secret,Vite,synthetic_v3,36,4.252715,0.111111,0.361111,0.027778,1,1,1,0,0,0,0,0,1,0,0,0
LGV3-000273,setting,%IV0j%kOO8Bo9NMXdDYC1El0EWdCNEBf,1,random_secret,none,synthetic_v3,32,4.41391,0.15625,0.5625,0.0625,0,1,1,0,0,0,0,0,0,0,0,0
LGV3-000274,material,21f853f3-921d-179b-5e50-f692c3dc601f,1,uuid_shaped_secret,none,synthetic_v3,36,3.752715,0.611111,0.0,0.111111,0,1,1,1,0,0,0,0,0,0,0,0
LGV3-000275,feature_mode,enabled,0,normal_config,none,synthetic_v3,7,2.521641,0.0,0.0,0.0,0,1,0,0,0,0,0,0,0,0,0,0
LGV3-000276,signing_secret,38bb684b0a22540bc469bf909cee43c4,1,hex_secret,none,synthetic_v3,32,3.516127,0.625,0.0,0.0,1,1,1,0,0,1,0,0,0,0,0,0
LGV3-000277,build_id,N6XDPDBVDD5TH273OPPS5UDJHB,0,public_identifier,none,synthetic_v3,26,3.840266,0.230769,0.769231,0.0,0,1,1,0,0,0,0,0,0,1,0,0
LGV3-000278,result,p-PA2d0M8vVaqUF5.9QWNRdkSgIjOiHASlZoZgSEmwsE.MBdrH8p6a1OXPPZg3WIH60UJ,1,jwt_like_secret,none,synthetic_v3,69,5.318244,0.15942,0.492754,0.043478,0,1,1,0,0,0,0,0,0,0,1,0
LGV3-000279,runtime_data,3y4pQF1PpRt%E2nUImkPGTb$Y#-d2z_b,1,random_secret,none,synthetic_v3,32,4.75,0.15625,0.34375,0.15625,0,1,1,0,0,0,0,0,0,0,0,0
LGV3-000280,service_password,amber-island-canyon-timber,1,passphrase_secret,none,synthetic_v3,26,3.767183,0.0,0.0,0.115385,1,1,0,0,0,0,0,0,0,0,0,1
LGV3-000281,release_description,default release public public,0,safe_phrase,none,synthetic_v3,29,3.633506,0.0,0.0,0.103448,0,0,0,0,0,0,0,0,0,0,0,1
LGV3-000282,result,meadow voyage winter summit,1,passphrase_secret,none,synthetic_v3,27,3.856196,0.0,0.0,0.111111,0,0,0,0,0,0,0,0,0,0,0,1
LGV3-000283,runtime_data,n0gM$G@BlTu!ucWaaxbNwWJjmM!RiVow,1,random_secret,none,synthetic_v3,32,4.625,0.03125,0.34375,0.125,0,1,1,0,0,0,0,0,0,0,0,0
LGV3-000284,environment,production,0,normal_config,none,synthetic_v3,10,3.121928,0.0,0.0,0.0,0,1,0,0,0,0,0,0,0,0,0,0
LGV3-000285,service_password,f1c9c72752e54363bdfdc6bb3a74fdf97dbd5b3cb4fc42459d66396fa855b513,1,hex_secret,none,synthetic_v3,64,3.727873,0.578125,0.0,0.0,1,1,1,0,1,1,0,0,0,0,0,0
LGV3-000286,VITE_PUBLIC_REGION,public-dashboard,0,frontend_public_value,Vite,synthetic_v3,16,3.625,0.0,0.0,0.0625,0,1,0,0,0,0,0,0,1,0,0,0
LGV3-000287,signing_secret,t133-3cwheFY63vs.tGT4h9WKuOu6DbZhTW92fwoNAwg.dFAOsVotUECiK3OaFSZGJCCp,1,jwt_like_secret,none,synthetic_v3,69,5.178974,0.173913,0.42029,0.043478,1,1,1,0,0,0,0,0,0,0,1,0
LGV3-000288,runtime_data,96877e3f528bd5768a5ec08427d793b1f1e857c2bceb9b6bb2ef09d5cca2a597,1,hex_secret,none,synthetic_v3,64,3.845617,0.59375,0.0,0.0,0,1,1,0,1,1,0,0,0,0,0,0
LGV3-000289,runtime_data,8hfcE5zUG9pzD_zcUXa2L!lbng2d@O#H,1,random_secret,none,synthetic_v3,32,4.66391,0.15625,0.28125,0.125,0,1,1,0,0,0,0,0,0,0,0,0
LGV3-000290,value,d4178466a3aea91a45503418c859f28999cf9d409d4ee5cda2878c5e38c16d0c,1,hash_shaped_secret,none,synthetic_v3,64,3.790373,0.65625,0.0,0.0,0,1,1,0,1,1,0,0,0,0,0,0
LGV3-000291,result,EVkB52IMT2ODSL9q.UMpjF9I8CTwsZllUuBqhBrD57Ho.blYz0SPA-RI34FUqLkLlwceB,1,jwt_like_secret,none,synthetic_v3,69,5.282154,0.15942,0.478261,0.043478,0,1,1,0,0,0,0,0,0,0,1,0
LGV3-000292,setting,8940d9fb1a0121bddcf50f562d625d7275d0d93a91fba0ba6301cc1c01de2ae6,1,hex_secret,none,synthetic_v3,64,3.80434,0.578125,0.0,0.0,0,1,1,0,1,1,0,0,0,0,0,0
LGV3-000293,database_password,Tbcu7XJV2iBT8PgQ.zBkAkmV1u67hoK7N6i3rOCkvmAw.95EX9LSEKdG2Yg-9JE6151tJ,1,jwt_like_secret,none,synthetic_v3,69,5.249333,0.26087,0.391304,0.043478,1,1,1,0,0,0,0,0,0,0,1,0
LGV3-000294,commit_sha,eed704afe30fb9d2d0daa7f99502ed0bf2a35bc8,0,commit_hash,none,synthetic_v3,40,3.63483,0.475,0.0,0.0,0,1,1,0,1,1,0,0,0,1,0,0
LGV3-000295,signing_secret,9916b990-b1e2-b7bc-eea3-e019e68ff4ce,1,uuid_shaped_secret,none,synthetic_v3,36,3.617861,0.472222,0.0,0.111111,1,1,1,1,0,0,0,0,0,0,0,0
LGV3-000296,build_id,2AERWMBKEO8H911Q793F9F313S,0,public_identifier,none,synthetic_v3,26,3.997953,0.461538,0.538462,0.0,0,1,1,0,0,0,0,0,0,1,0,0
LGV3-000297,trace_id,4a206440-31bf-464f-bfb9-f9f008b985d5,0,uuid_identifier,none,synthetic_v3,36,3.559531,0.583333,0.0,0.111111,0,1,1,1,0,0,0,0,0,1,0,0
LGV3-000298,access_token,6QvR8rAEW9FGHbpqbSOzQ%RWCCtPp6Tl,1,random_secret,none,synthetic_v3,32,4.5625,0.125,0.53125,0.03125,1,1,1,0,0,0,0,0,0,0,0,0
LGV3-000299,event_uuid,f46784aa-47e7-7f9b-7075-5c8c6e7c4c48,0,uuid_identifier,none,synthetic_v3,36,3.447258,0.583333,0.0,0.111111,0,1,1,1,0,0,0,0,0,1,0,0
LGV3-000300,NEXT_PUBLIC_RELEASE_CHANNEL,eu-west,0,frontend_public_value,Next.js,synthetic_v3,7,2.521641,0.0,0.0,0.142857,0,1,0,0,0,0,0,0,1,0,0,0
LGV3-000301,connector_value,canyon-ocean-crystal-winter-meteor-meteor,1,passphrase_secret,none,synthetic_v3,41,3.586108,0.0,0.0,0.121951,0,1,0,0,0,0,0,0,0,0,0,1
LGV3-000302,NEXT_PUBLIC_API_KEY,6OL2uwKI32B3iMGSuFLuVHKTVGFA7o0rJKCR,1,client_exposed_secret,Next.js,synthetic_v3,36,4.572431,0.194444,0.611111,0.0,1,1,1,0,0,0,0,0,1,0,0,0
LGV3-000303,commit_sha,bd3a1751cda83f87491039d4492dc5b1e2b01c06,0,commit_hash,none,synthetic_v3,40,3.868454,0.65,0.0,0.0,0,1,1,0,1,1,0,0,0,1,0,0
LGV3-000304,feature_mode,debug,0,normal_config,none,synthetic_v3,5,2.321928,0.0,0.0,0.0,0,1,0,0,0,0,0,0,0,0,0,0
LGV3-000305,image_digest,f898dba595764fc0b9d085d381a701a02a2bda722a4081feb4d10bee128bd4d0,0,artifact_digest,none,synthetic_v3,64,3.799594,0.59375,0.0,0.0,0,1,1,0,1,1,0,0,0,1,0,0
LGV3-000306,service_password,16rBSjRgxR-GMbRl.ly-ARIu0ovwyW2IghmjscFz-UbI.jKPSBQHHRVVxRHBE1hw5mCdm,1,jwt_like_secret,none,synthetic_v3,69,5.151436,0.086957,0.434783,0.072464,1,1,1,0,0,0,0,0,0,0,1,0
LGV3-000307,NEXT_PUBLIC_ACCESS_TOKEN,aY7xP6pzKewBEk6MjnxdA6JPzQVHZpD3MOIq,1,client_exposed_secret,Next.js,synthetic_v3,36,4.760067,0.138889,0.472222,0.0,1,1,1,0,0,0,0,0,1,0,0,0
LGV3-000308,client_secret,meteor.lantern.crystal.island.forest,1,passphrase_secret,none,synthetic_v3,36,3.69716,0.0,0.0,0.111111,1,1,0,0,0,0,0,0,0,0,0,1
LGV3-000309,database_password,e6922d22-ad3f-aa99-2b03-cb8e197f6f28,1,uuid_shaped_secret,none,synthetic_v3,36,3.69716,0.527778,0.0,0.111111,1,1,1,1,0,0,0,0,0,0,0,0
LGV3-000310,event_uuid,d74be103-afd0-297e-c938-739f47cba514,0,uuid_identifier,none,synthetic_v3,36,3.884795,0.555556,0.0,0.111111,0,1,1,1,0,0,0,0,0,1,0,0
LGV3-000311,jwt_example,1iDdKmZzbJCM4S1Y.dgLT496vZTpcv0-VGk4IHeRDYas.G8ViqQzlL6tMvLKOf4CASGDa,0,documentation_jwt,none,synthetic_v3,69,5.282154,0.15942,0.463768,0.043478,0,1,1,0,0,0,0,0,0,0,1,0
LGV3-000312,trace_id,ca7fadc7-fadc-e390-af88-0f3ca879b38c,0,uuid_identifier,none,synthetic_v3,36,3.427451,0.388889,0.0,0.111111,0,1,1,1,0,0,0,0,0,1,0,0
LGV3-000313,api_key,meadow.voyage.summit.amber.voyage,1,passphrase_secret,none,synthetic_v3,33,3.748791,0.0,0.0,0.121212,1,1,0,0,0,0,0,0,0,0,0,1
LGV3-000314,session_data,7bf346a1a12d05e1972fa52999a1011c7dbb29a2,1,hash_shaped_secret,none,synthetic_v3,40,3.625716,0.65,0.0,0.0,0,1,1,0,1,1,0,0,0,0,0,0
LGV3-000315,access_token,%SERVICE_TOKEN%,0,secret_reference,none,synthetic_v3,15,3.456565,0.0,0.8,0.2,1,1,0,0,0,0,1,0,0,0,0,0
LGV3-000316,client_secret,5cb69a88-9887-2018-78ec-92392b7639e5,1,uuid_shaped_secret,none,synthetic_v3,36,3.596892,0.694444,0.0,0.111111,1,1,1,1,0,0,0,0,0,0,0,0
LGV3-000317,signing_secret,136f0378a8c24780b15cadff45344072ca6107abdf7698e2,1,hex_secret,none,synthetic_v3,48,3.889461,0.666667,0.0,0.0,1,1,1,0,0,1,0,0,0,0,0,0
LGV3-000318,VITE_API_KEY,3sRkh0YVfrMytHrFKDrQtbs3fgyEwJd3OJTj,1,client_exposed_secret,Vite,synthetic_v3,36,4.627987,0.111111,0.388889,0.0,1,1,1,0,0,0,0,0,1,0,0,0
LGV3-000319,access_token,9vjYOox6BEF3hDgA.y58NwczejXd32l_0Zr3pV2R5j4Q.kea6IpMJaAdEHAsOgArJyLug,1,jwt_like_secret,none,synthetic_v3,69,5.409037,0.188406,0.347826,0.043478,1,1,1,0,0,0,0,0,0,0,1,0
LGV3-000320,customer_reference,AVJEICIVY2UI83M0548LQ0FBNP,0,public_identifier,none,synthetic_v3,26,4.28679,0.307692,0.692308,0.0,0,1,1,0,0,0,0,0,0,1,0,0
LGV3-000321,material,6I4jfhznEkBd0edb.6iyNgd3a8n7Bvc52uBavL93MJwM.I8SSgRtjEM1I6qX92-42cncC,1,jwt_like_secret,none,synthetic_v3,69,5.238393,0.26087,0.275362,0.043478,0,1,1,0,0,0,0,0,0,0,1,0
LGV3-000322,event_uuid,73ac1315-64a5-002e-7d29-be82364adff9,0,uuid_identifier,none,synthetic_v3,36,3.995907,0.583333,0.0,0.111111,0,1,1,1,0,0,0,0,0,1,0,0
LGV3-000323,signing_secret,_ExCC7_UECuuv2T3.jJURHFdi69dNyj6j76hSqdd0Vcg.NNsoOa3-1SQJ1jitV1Om48Fa,1,jwt_like_secret,none,synthetic_v3,69,5.195198,0.217391,0.347826,0.072464,1,1,1,0,0,0,0,0,0,0,1,0
LGV3-000324,image_digest,40a4a6dad4665973fd8c02c6ff8398f9e041ba4fc6f634f6d7a16289ee976219,0,artifact_digest,none,synthetic_v3,64,3.811028,0.640625,0.0,0.0,0,1,1,0,1,1,0,0,0,1,0,0
LGV3-000325,access_token,%SERVICE_TOKEN%,0,secret_reference,none,synthetic_v3,15,3.456565,0.0,0.8,0.2,1,1,0,0,0,0,1,0,0,0,0,0
LGV3-000326,result,island.meadow.island.voyage.forest.island,1,passphrase_secret,none,synthetic_v3,41,3.82112,0.0,0.0,0.121951,0,1,0,0,0,0,0,0,0,0,0,1
LGV3-000327,customer_reference,6VBD3SPKWCH08E063GLF93NT27,0,public_identifier,none,synthetic_v3,26,4.363713,0.423077,0.576923,0.0,0,1,1,0,0,0,0,0,0,1,0,0
LGV3-000328,service_url,production,0,normal_config,none,synthetic_v3,10,3.121928,0.0,0.0,0.0,0,1,0,0,0,0,0,0,0,0,0,0
LGV3-000329,material,a4b61805a84ae0f78f653e29bf6e61f92f4ce7b2,1,hash_shaped_secret,none,synthetic_v3,40,3.787326,0.6,0.0,0.0,0,1,1,0,1,1,0,0,0,0,0,0
LGV3-000330,deployment_mode,development-release-enable-default,0,safe_phrase,none,synthetic_v3,34,3.556901,0.0,0.0,0.088235,0,1,0,0,0,0,0,0,0,0,0,1
LGV3-000331,service_password,<redacted>,0,placeholder,none,synthetic_v3,10,2.921928,0.0,0.0,0.2,1,1,0,0,0,0,0,1,0,0,0,0
LGV3-000332,build_id,KRZT6F9MN4KY6MR84911Q21DO9,0,public_identifier,none,synthetic_v3,26,3.950064,0.461538,0.538462,0.0,0,1,1,0,0,0,0,0,0,1,0,0
LGV3-000333,NEXT_PUBLIC_RELEASE_CHANNEL,preview,0,frontend_public_value,Next.js,synthetic_v3,7,2.521641,0.0,0.0,0.0,0,1,0,0,0,0,0,0,1,0,0,0
LGV3-000334,NEXT_PUBLIC_RELEASE_CHANNEL,preview,0,frontend_public_value,Next.js,synthetic_v3,7,2.521641,0.0,0.0,0.0,0,1,0,0,0,0,0,0,1,0,0,0
LGV3-000335,signing_secret,${API_KEY},0,secret_reference,none,synthetic_v3,10,3.321928,0.0,0.6,0.4,1,1,0,0,0,0,1,0,0,0,0,0
LGV3-000336,checksum,05a95f387081f57f73ac2442839088487d5842162ec777238b48b033224169b3,0,artifact_digest,none,synthetic_v3,64,3.749795,0.8125,0.0,0.0,0,1,1,0,1,1,0,0,0,1,0,0
LGV3-000337,signing_secret,2916d3c1c4e1517b560e945d8a3f5f54,1,hex_secret,none,synthetic_v3,32,3.801109,0.6875,0.0,0.0,1,1,1,0,0,1,0,0,0,0,0,0
LGV3-000338,signing_secret,71e55f0298505d00e609bf4d459a82f6,1,hex_secret,none,synthetic_v3,32,3.602217,0.71875,0.0,0.0,1,1,1,0,0,1,0,0,0,0,0,0
LGV3-000339,setting,R0YqS7$HmW@1x1di5TucJp0otR7dycJ2,1,random_secret,none,synthetic_v3,32,4.5625,0.25,0.28125,0.0625,0,1,1,0,0,0,0,0,0,0,0,0
LGV3-000340,material,K2_p1m3QLZQiA@%_MWXy3245Zi68Zv#X,1,random_secret,none,synthetic_v3,32,4.47641,0.28125,0.375,0.15625,0,1,1,0,0,0,0,0,0,0,0,0
LGV3-000341,runtime_data,AOL3vlVrtjrtVykJ.F3Aj85DAETl2skX24a7CqvvXruE.EHEJB5G6AE0saeefQ1ZmnNdy,1,jwt_like_secret,none,synthetic_v3,69,5.251721,0.173913,0.391304,0.028986,0,1,1,0,0,0,0,0,0,0,1,0
LGV3-000342,value,0d20424b-96c2-82b1-a1eb-fa4cf3665bd2,1,uuid_shaped_secret,none,synthetic_v3,36,3.805497,0.527778,0.0,0.111111,0,1,1,1,0,0,0,0,0,0,0,0
LGV3-000343,connector_value,0a97eafa-064e-c27a-ffd5-11bd6efd7a86,1,uuid_shaped_secret,none,synthetic_v3,36,3.763559,0.416667,0.0,0.111111,0,1,1,1,0,0,0,0,0,0,0,0
LGV3-000344,signing_secret,%SERVICE_TOKEN%,0,secret_reference,none,synthetic_v3,15,3.456565,0.0,0.8,0.2,1,1,0,0,0,0,1,0,0,0,0,0
LGV3-000345,payload,dwh214BpvM4w$87FuRXyS3moonyx4UF1,1,random_secret,none,synthetic_v3,32,4.53891,0.28125,0.25,0.03125,0,1,1,0,0,0,0,0,0,0,0,0
LGV3-000346,access_token,YOUR_API_KEY_HERE,0,placeholder,none,synthetic_v3,17,3.29277,0.0,0.823529,0.176471,1,1,0,0,0,0,0,1,0,0,0,0
LGV3-000347,setting,998bc129f54d3ea465802693a565948cf435b59aefdf6f57,1,hex_secret,none,synthetic_v3,48,3.771722,0.666667,0.0,0.0,0,1,1,0,0,1,0,0,0,0,0,0
LGV3-000348,api_key,afa9faf1-ee09-ef06-501c-43da72b18239,1,uuid_shaped_secret,none,synthetic_v3,36,3.863826,0.5,0.0,0.111111,1,1,1,1,0,0,0,0,0,0,0,0
LGV3-000349,api_key,qvNIJu-il9TxEWAD.mnZndF6vBO0F_zRVnyK025U3sAU.tQyAdxbX82WBnkrp0cHxlM9c,1,jwt_like_secret,none,synthetic_v3,69,5.438022,0.15942,0.376812,0.057971,1,1,1,0,0,0,0,0,0,0,1,0
LGV3-000350,VITE_PUBLIC_REGION,eu-west,0,frontend_public_value,Vite,synthetic_v3,7,2.521641,0.0,0.0,0.142857,0,1,0,0,0,0,0,0,1,0,0,0
LGV3-000351,event_uuid,d0c53995-2342-bf10-4c47-7d5def59f4cb,0,uuid_identifier,none,synthetic_v3,36,3.69716,0.555556,0.0,0.111111,0,1,1,1,0,0,0,0,0,1,0,0
LGV3-000352,signing_secret,sample-secret-value,0,placeholder,none,synthetic_v3,19,3.405822,0.0,0.0,0.105263,1,1,0,0,0,0,0,1,0,0,0,0
LGV3-000353,connector_value,canyon harbor voyage winter bridge,1,passphrase_secret,none,synthetic_v3,34,3.822182,0.0,0.0,0.117647,0,0,0,0,0,0,0,0,0,0,0,1
LGV3-000354,VITE_CLIENT_SECRET,ksw3hZRH7Pplz0rm1_dvoCrYLQ9o9sbKBwCr,1,client_exposed_secret,Vite,synthetic_v3,36,4.760067,0.166667,0.305556,0.027778,1,1,1,0,0,0,0,0,1,0,0,0
LGV3-000355,VITE_CLIENT_SECRET,yApXWcXdwFBjsxiFwbIzpY6jUoIf4sFpsC5N,1,client_exposed_secret,Vite,synthetic_v3,36,4.551462,0.083333,0.388889,0.0,1,1,1,0,0,0,0,0,1,0,0,0
LGV3-000356,setting,987b6de42e52017e63d526ffaba856b205d446a3ee7f9fe286a68e2756be65dc,1,hash_shaped_secret,none,synthetic_v3,64,3.776504,0.609375,0.0,0.0,0,1,1,0,1,1,0,0,0,0,0,0
LGV3-000357,api_key,YOUR_API_KEY_HERE,0,placeholder,none,synthetic_v3,17,3.29277,0.0,0.823529,0.176471,1,1,0,0,0,0,0,1,0,0,0,0
LGV3-000358,session_data,bridge-ocean-meadow-canyon-voyage-forest,1,passphrase_secret,none,synthetic_v3,40,3.882333,0.0,0.0,0.125,0,1,0,0,0,0,0,0,0,0,0,1
LGV3-000359,token_example,ZJqMdifaeovre8S-.6is1b769saATey6-XuQInmdNiq8.-ZiFVuDfYT2IVcMEr3npsTHS,0,documentation_jwt,none,synthetic_v3,69,5.242228,0.144928,0.333333,0.072464,1,1,1,0,0,0,0,0,0,0,1,0
LGV3-000360,api_key,70KEOjvcq5O6q0sz.u6KfoG1VCqg6D-rStmaQYYgt5pc.p_bjoT5YXDyZ_LHbObgkz9a-,1,jwt_like_secret,none,synthetic_v3,69,5.249333,0.15942,0.304348,0.086957,1,1,1,0,0,0,0,0,0,0,1,0
LGV3-000361,material,wfJ7DFz6E8quB2uU.zoJ0GxzPdov-YXs1FUBSQn6JYTY.6Eo128-rrqVv4CAytbmbqIy9,1,jwt_like_secret,none,synthetic_v3,69,5.289259,0.188406,0.362319,0.057971,0,1,1,0,0,0,0,0,0,0,1,0
LGV3-000362,artifact_digest,7bd7d28eb2f3f0f728444422b5b119fd724dedd89979d18467fa759598d9fb00,0,artifact_digest,none,synthetic_v3,64,3.666934,0.65625,0.0,0.0,0,1,1,0,1,1,0,0,0,1,0,0
LGV3-000363,checksum,8b0d547d47ec6fc62809d5ff0d5fc5216afbdb094e21aa4d30ec3f484fa40ea4,0,artifact_digest,none,synthetic_v3,64,3.854684,0.546875,0.0,0.0,0,1,1,0,1,1,0,0,0,1,0,0
LGV3-000364,customer_reference,29HAJ8RYEH8X3VGLEP3CITUFD3,0,public_identifier,none,synthetic_v3,26,4.28679,0.269231,0.730769,0.0,0,1,1,0,0,0,0,0,0,1,0,0
LGV3-000365,connector_value,841bf4e95d34f6a9276e0311221dd26e82852f2116ac93be7f970fc8ee527cc3,1,hex_secret,none,synthetic_v3,64,3.892284,0.65625,0.0,0.0,0,1,1,0,1,1,0,0,0,0,0,0
LGV3-000366,request_id,ca900a22-ab09-7af2-93d9-a387ac9e9c13,0,uuid_identifier,none,synthetic_v3,36,3.502172,0.527778,0.0,0.111111,0,1,1,1,0,0,0,0,0,1,0,0
LGV3-000367,setting,y_FPB6yfmLbPOjZ6.QviLDfI66osahtZ2rPTeZjvWfSo.FybpRMGTGNKaT8YpIleBcDqQ,1,jwt_like_secret,none,synthetic_v3,69,5.213243,0.086957,0.449275,0.043478,0,1,1,0,0,0,0,0,0,0,1,0
LGV3-000368,event_uuid,9531f836-648a-b4a2-6dde-21a285d8da03,0,uuid_identifier,none,synthetic_v3,36,3.718129,0.583333,0.0,0.111111,0,1,1,1,0,0,0,0,0,1,0,0
LGV3-000369,api_key,harbor.summit.meteor.island,1,passphrase_secret,none,synthetic_v3,27,3.782122,0.0,0.0,0.111111,1,1,0,0,0,0,0,0,0,0,0,1
LGV3-000370,signing_secret,sample-secret-value,0,placeholder,none,synthetic_v3,19,3.405822,0.0,0.0,0.105263,1,1,0,0,0,0,0,1,0,0,0,0
LGV3-000371,VITE_PUBLIC_REGION,preview,0,frontend_public_value,Vite,synthetic_v3,7,2.521641,0.0,0.0,0.0,0,1,0,0,0,0,0,0,1,0,0,0
LGV3-000372,runtime_data,meteor winter bridge forest lantern silver,1,passphrase_secret,none,synthetic_v3,42,3.718968,0.0,0.0,0.119048,0,0,0,0,0,0,0,0,0,0,0,1
LGV3-000373,checksum,e2a7d41a023f5abb7bd304ccb9ffb6ecb73b9141d5ad227964a9ffd32919e858,0,artifact_digest,none,synthetic_v3,64,3.908367,0.5625,0.0,0.0,0,1,1,0,1,1,0,0,0,1,0,0
LGV3-000374,public_id,56T52NP5DXIF3AOXIXNHSM4ENC,0,public_identifier,none,synthetic_v3,26,4.074876,0.269231,0.730769,0.0,0,1,1,0,0,0,0,0,0,1,0,0
LGV3-000375,material,547bd77c-8e83-ad02-91c2-3f4ec59abf45,1,uuid_shaped_secret,none,synthetic_v3,36,3.919382,0.527778,0.0,0.111111,0,1,1,1,0,0,0,0,0,0,0,0
LGV3-000376,connector_value,mAs5ZcD3TIXHfVye.od0VOyCNrd3dDchq1c2T9AfNIL0.iYkCx5w55XEiaDDPf5LDozvc,1,jwt_like_secret,none,synthetic_v3,69,5.112451,0.173913,0.391304,0.028986,0,1,1,0,0,0,0,0,0,0,1,0
LGV3-000377,api_key,sample-secret-value,0,placeholder,none,synthetic_v3,19,3.405822,0.0,0.0,0.105263,1,1,0,0,0,0,0,1,0,0,0,0
LGV3-000378,image_digest,7ebf1d941fdc9b4de39cbe91ef80fdf7a8923ed6aa4144ba75e36065cc91b735,0,artifact_digest,none,synthetic_v3,64,3.897226,0.546875,0.0,0.0,0,1,1,0,1,1,0,0,0,1,0,0
LGV3-000379,commit_sha,da84eb6275d874e15db9fc800389e4449a1d4dcb,0,commit_hash,none,synthetic_v3,40,3.787326,0.6,0.0,0.0,0,1,1,0,1,1,0,0,0,1,0,0
LGV3-000380,payload,6c393317c35ab8e733fcc182913cbd76b03039eb,1,hash_shaped_secret,none,synthetic_v3,40,3.561837,0.65,0.0,0.0,0,1,1,0,1,1,0,0,0,0,0,0
LGV3-000381,public_id,IMXRISPMS1P01M7HLPKM9XIEZV,0,public_identifier,none,synthetic_v3,26,3.796218,0.192308,0.807692,0.0,0,1,1,0,0,0,0,0,0,1,0,0
LGV3-000382,VITE_CLIENT_SECRET,iv6B0xhhhIAexdoV6VT6mazDfslfbSjdFV1Y,1,client_exposed_secret,Vite,synthetic_v3,36,4.607018,0.138889,0.305556,0.0,1,1,1,0,0,0,0,0,1,0,0,0
LGV3-000383,client_secret,45ebe3a87677486a660dba1f25b2e72a87c34e1f141cfd710215152453689a0f,1,hash_shaped_secret,none,synthetic_v3,64,3.883217,0.6875,0.0,0.0,1,1,1,0,1,1,0,0,0,0,0,0
LGV3-000384,trace_id,9a5af5b6-8ce7-221f-73d3-fa8a7ebfb29b,0,uuid_identifier,none,synthetic_v3,36,3.739098,0.444444,0.0,0.111111,0,1,1,1,0,0,0,0,0,1,0,0
LGV3-000385,client_secret,9162b57162a84bdd8492c8722f3691014ee30ecb,1,hex_secret,none,synthetic_v3,40,3.868454,0.7,0.0,0.0,1,1,1,0,1,1,0,0,0,0,0,0
LGV3-000386,service_password,$env:ACCESS_TOKEN,0,secret_reference,none,synthetic_v3,17,3.734522,0.0,0.647059,0.176471,1,1,1,0,0,0,1,0,0,0,0,0
LGV3-000387,api_key,30094dab45b0af6325052b0726ac2732d0bb2b2a48ec2972,1,hex_secret,none,synthetic_v3,48,3.614787,0.666667,0.0,0.0,1,1,1,0,0,1,0,0,0,0,0,0
LGV3-000388,image_digest,af6789a0086adaf8687f456df795652786dc85f885b806b4e3c722a603ef2712,0,artifact_digest,none,synthetic_v3,64,3.763552,0.6875,0.0,0.0,0,1,1,0,1,1,0,0,0,1,0,0
LGV3-000389,VITE_CLIENT_SECRET,IJFOt5eSjisQc2WNOoO9ynVrAzQVluP-vIRt,1,client_exposed_secret,Vite,synthetic_v3,36,4.815623,0.083333,0.472222,0.027778,1,1,1,0,0,0,0,0,1,0,0,0
LGV3-000390,api_key,$env:ACCESS_TOKEN,0,secret_reference,none,synthetic_v3,17,3.734522,0.0,0.647059,0.176471,1,1,1,0,0,0,1,0,0,0,0,0
LGV3-000391,setting,GvAC86rkLJ32zw_k!G#EpvyNtLfCPdhp,1,random_secret,none,synthetic_v3,32,4.625,0.125,0.34375,0.09375,0,1,1,0,0,0,0,0,0,0,0,0
LGV3-000392,VITE_API_KEY,xD6_9tcMaY2fcF5m3UvpjsNmtMgq1KMQ5RlS,1,client_exposed_secret,Vite,synthetic_v3,36,4.815623,0.194444,0.333333,0.027778,1,1,1,0,0,0,0,0,1,0,0,0
LGV3-000393,VITE_PUBLIC_REGION,preview,0,frontend_public_value,Vite,synthetic_v3,7,2.521641,0.0,0.0,0.0,0,1,0,0,0,0,0,0,1,0,0,0
LGV3-000394,NEXT_PUBLIC_API_KEY,_lLb6Ncpn-6zwio9Plxv84WM95YHsOJOsHmg,1,client_exposed_secret,Next.js,synthetic_v3,36,4.836592,0.194444,0.305556,0.055556,1,1,1,0,0,0,0,0,1,0,0,0
LGV3-000395,trace_id,648e01e2-391c-94c8-a96e-c48cbe1a4cc2,0,uuid_identifier,none,synthetic_v3,36,3.509524,0.527778,0.0,0.111111,0,1,1,1,0,0,0,0,0,1,0,0
LGV3-000396,NEXT_PUBLIC_API_KEY,bVzEISfvlKlmGU52Eo5uFlJ2cB0plAlbgcHk,1,client_exposed_secret,Next.js,synthetic_v3,36,4.569657,0.138889,0.361111,0.0,1,1,1,0,0,0,0,0,1,0,0,0
LGV3-000397,deployment_mode,public-stable-preview-runtime-preview,0,safe_phrase,none,synthetic_v3,37,3.776493,0.0,0.0,0.108108,0,1,0,0,0,0,0,0,0,0,0,1
LGV3-000398,artifact_digest,afba87bb8e0b4e82127bc617b017dbbca676f2609f05ea7997ef4aef38408684,0,artifact_digest,none,synthetic_v3,64,3.789467,0.59375,0.0,0.0,0,1,1,0,1,1,0,0,0,1,0,0
LGV3-000399,api_key,meadow-silver-crystal-canyon-ocean-amber,1,passphrase_secret,none,synthetic_v3,40,3.865957,0.0,0.0,0.125,1,1,0,0,0,0,0,0,0,0,0,1
LGV3-000400,access_token,9a787888-e611-d740-c28b-aae554289cc4,1,uuid_shaped_secret,none,synthetic_v3,36,3.710777,0.611111,0.0,0.111111,1,1,1,1,0,0,0,0,0,0,0,0
LGV3-000401,build_id,7I2VDHXWD3RFCWIHHAZ49DNHU3,0,public_identifier,none,synthetic_v3,26,3.979098,0.230769,0.769231,0.0,0,1,1,0,0,0,0,0,0,1,0,0
LGV3-000402,result,8673e470-e575-c91d-e00f-5cb67d63979d,1,uuid_shaped_secret,none,synthetic_v3,36,3.72162,0.611111,0.0,0.111111,0,1,1,1,0,0,0,0,0,0,0,0
LGV3-000403,NEXT_PUBLIC_ACCESS_TOKEN,hnEf7WozPKk0nfEKzjWwLne7YTpeadFk-nU4,1,client_exposed_secret,Next.js,synthetic_v3,36,4.503258,0.111111,0.333333,0.027778,1,1,1,0,0,0,0,0,1,0,0,0
LGV3-000404,service_url,debug,0,normal_config,none,synthetic_v3,5,2.321928,0.0,0.0,0.0,0,1,0,0,0,0,0,0,0,0,0,0
LGV3-000405,api_key,${API_KEY},0,secret_reference,none,synthetic_v3,10,3.321928,0.0,0.6,0.4,1,1,0,0,0,0,1,0,0,0,0,0
LGV3-000406,access_token,${API_KEY},0,secret_reference,none,synthetic_v3,10,3.321928,0.0,0.6,0.4,1,1,0,0,0,0,1,0,0,0,0,0
LGV3-000407,commit_sha,c784dd99b6c30142b1b73bf551e8f05c7f3ce7cf,0,commit_hash,none,synthetic_v3,40,3.775071,0.575,0.0,0.0,0,1,1,0,1,1,0,0,0,1,0,0
LGV3-000408,jwt_example,qvv6BW_SLI3P-DAq.Hy0zzJzxkSLFLdHPNC3HBThQv7w.hbJgQ8Th9AHZPOaJ-CcppN_M,0,documentation_jwt,none,synthetic_v3,69,5.202302,0.101449,0.492754,0.086957,0,1,1,0,0,0,0,0,0,0,1,0
LGV3-000409,access_token,Xxz!HCGmjCQhyiB5Zga9RWofnK8BMj!7,1,random_secret,none,synthetic_v3,32,4.75,0.125,0.40625,0.0625,1,1,1,0,0,0,0,0,0,0,0,0
LGV3-000410,customer_reference,44BZ2UGQSEES2RRCYN7MMCHP8Q,0,public_identifier,none,synthetic_v3,26,4.085055,0.230769,0.769231,0.0,0,1,1,0,0,0,0,0,0,1,0,0
LGV3-000411,VITE_PUBLIC_REGION,public-dashboard,0,frontend_public_value,Vite,synthetic_v3,16,3.625,0.0,0.0,0.0625,0,1,0,0,0,0,0,0,1,0,0,0
LGV3-000412,token_example,m1Z6Ck5mBkU1-Qqx.S8jXCzFzyMu6bdemEm_RH3_UAH4.xgnRYBm0sCSIPLhZOAXVZPvQ,0,documentation_jwt,none,synthetic_v3,69,5.338678,0.130435,0.463768,0.072464,1,1,1,0,0,0,0,0,0,0,1,0
LGV3-000413,log_level,production,0,normal_config,none,synthetic_v3,10,3.121928,0.0,0.0,0.0,0,1,0,0,0,0,0,0,0,0,0,0
LGV3-000414,access_token,${API_KEY},0,secret_reference,none,synthetic_v3,10,3.321928,0.0,0.6,0.4,1,1,0,0,0,0,1,0,0,0,0,0
LGV3-000415,NEXT_PUBLIC_RELEASE_CHANNEL,stable,0,frontend_public_value,Next.js,synthetic_v3,6,2.584963,0.0,0.0,0.0,0,1,0,0,0,0,0,0,1,0,0,0
LGV3-000416,database_password,171aa4ed-2821-7fcf-9c61-b6c9af713879,1,uuid_shaped_secret,none,synthetic_v3,36,3.708003,0.555556,0.0,0.111111,1,1,1,1,0,0,0,0,0,0,0,0
LGV3-000417,trace_id,5c140105-ab1c-8413-14fe-37785eb286b4,0,uuid_identifier,none,synthetic_v3,36,3.728972,0.638889,0.0,0.111111,0,1,1,1,0,0,0,0,0,1,0,0
LGV3-000418,NEXT_PUBLIC_RELEASE_CHANNEL,public-dashboard,0,frontend_public_value,Next.js,synthetic_v3,16,3.625,0.0,0.0,0.0625,0,1,0,0,0,0,0,0,1,0,0,0
LGV3-000419,deployment_mode,stable application application default preview,0,safe_phrase,none,synthetic_v3,46,3.855539,0.0,0.0,0.086957,0,0,0,0,0,0,0,0,0,0,0,1
LGV3-000420,customer_reference,4M30FMATXQ3KK5P9UWI26YY03B,0,public_identifier,none,synthetic_v3,26,4.209867,0.384615,0.615385,0.0,0,1,1,0,0,0,0,0,0,1,0,0
LGV3-000421,build_id,968VM3Q9UJ1BZEFHILTWNBWE83,0,public_identifier,none,synthetic_v3,26,4.238901,0.307692,0.692308,0.0,0,1,1,0,0,0,0,0,0,1,0,0
LGV3-000422,request_id,52c40637-7fac-05d6-aa80-855d5acbcf08,0,uuid_identifier,none,synthetic_v3,36,3.604244,0.527778,0.0,0.111111,0,1,1,1,0,0,0,0,0,1,0,0
LGV3-000423,result,47764e9456a50c9e9623ff64711753dd,1,hex_secret,none,synthetic_v3,32,3.64032,0.75,0.0,0.0,0,1,1,0,0,1,0,0,0,0,0,0
LGV3-000424,request_id,c1f974df-bf7a-e9f7-4553-663b70c2a7d6,0,uuid_identifier,none,synthetic_v3,36,3.826466,0.527778,0.0,0.111111,0,1,1,1,0,0,0,0,0,1,0,0
LGV3-000425,service_password,YOUR_API_KEY_HERE,0,placeholder,none,synthetic_v3,17,3.29277,0.0,0.823529,0.176471,1,1,0,0,0,0,0,1,0,0,0,0
LGV3-000426,public_id,BWJ6Z2H2NW8YUECSTJ5640Z66J,0,public_identifier,none,synthetic_v3,26,3.979098,0.384615,0.615385,0.0,0,1,1,0,0,0,0,0,0,1,0,0
LGV3-000427,runtime_data,bd488b1ecc34e431cb941f434c3dfa473e376392fe93058a,1,hex_secret,none,synthetic_v3,48,3.721922,0.625,0.0,0.0,0,1,1,0,0,1,0,0,0,0,0,0
LGV3-000428,runtime_data,UosNZe496JBTcc9N.tDWqG53g4syAb_xCVp8UiNyKlwU.utY25zDt_lyViv7xCdz5-SJB,1,jwt_like_secret,none,synthetic_v3,69,5.329185,0.173913,0.347826,0.072464,0,1,1,0,0,0,0,0,0,0,1,0
LGV3-000429,public_id,8DLM9C9EZBCJRKDVBMQ5C999M2,0,public_identifier,none,synthetic_v3,26,3.734308,0.307692,0.692308,0.0,0,1,1,0,0,0,0,0,0,1,0,0
LGV3-000430,result,77629926-0d2a-1be5-eab2-7da7e48ff407,1,uuid_shaped_secret,none,synthetic_v3,36,3.749941,0.555556,0.0,0.111111,0,1,1,1,0,0,0,0,0,0,0,0
LGV3-000431,checksum,e52870c07d1dd26cb5218628a1c2057bee7ae94cf807bb9790a87eb8146a98f5,0,artifact_digest,none,synthetic_v3,64,3.824198,0.640625,0.0,0.0,0,1,1,0,1,1,0,0,0,1,0,0
LGV3-000432,client_secret,HjUNnTKpB0g3TZM6.K6M40DFmNyMhzW4TMZ9l3shfDhI.XfuBTwcVelFjqgpDMhhBbLLm,1,jwt_like_secret,none,synthetic_v3,69,5.05448,0.130435,0.449275,0.028986,1,1,1,0,0,0,0,0,0,0,1,0
LGV3-000433,service_password,${DATABASE_PASSWORD},0,secret_reference,none,synthetic_v3,20,3.584184,0.0,0.8,0.2,1,1,0,0,0,0,1,0,0,0,0,0
LGV3-000434,documentation_token,WzldHt1IQvzDWK-b.6yR63820NxMeLh1hNKyVxlTn_g0.VW7FQxT4otLudWxRjvWXS5qY,0,documentation_jwt,none,synthetic_v3,69,5.302588,0.173913,0.391304,0.057971,1,1,1,0,0,0,0,0,0,0,1,0
LGV3-000435,NEXT_PUBLIC_ACCESS_TOKEN,e-POyxKeuMXl1jerYdzKA8JbLmng613qgbh9,1,client_exposed_secret,Next.js,synthetic_v3,36,4.815623,0.166667,0.277778,0.027778,1,1,1,0,0,0,0,0,1,0,0,0
LGV3-000436,checksum,b2ffdb31c54063bc30c408a90f6744fe85a09afd1189f4e7e8b0eade10684473,0,artifact_digest,none,synthetic_v3,64,3.878024,0.609375,0.0,0.0,0,1,1,0,1,1,0,0,0,1,0,0
LGV3-000437,session_data,79fa8430b2dce3e6c331c308158d741ebd393706648d4182,1,hex_secret,none,synthetic_v3,48,3.813388,0.708333,0.0,0.0,0,1,1,0,0,1,0,0,0,0,0,0
LGV3-000438,material,sLc59YRtSWQaeDRn.a7Jk58z6e0ir2WReOt7HyqYk_Yc.za6Ug3krBn8sEcCql0NFt2Pz,1,jwt_like_secret,none,synthetic_v3,69,5.209407,0.202899,0.318841,0.043478,0,1,1,0,0,0,0,0,0,0,1,0
LGV3-000439,connector_value,4244b353-7fd5-08f6-4503-744dcf0cde76,1,uuid_shaped_secret,none,synthetic_v3,36,3.613283,0.611111,0.0,0.111111,0,1,1,1,0,0,0,0,0,0,0,0
LGV3-000440,client_secret,replace-me,0,placeholder,none,synthetic_v3,10,2.846439,0.0,0.0,0.1,1,1,0,0,0,0,0,1,0,0,0,0
LGV3-000441,access_token,ba3fb7c567c88692caa3ca6b60c7c425a2bc852fe250655b0d01d4354a59cbf7,1,hash_shaped_secret,none,synthetic_v3,64,3.792838,0.59375,0.0,0.0,1,1,1,0,1,1,0,0,0,0,0,0
LGV3-000442,NEXT_PUBLIC_ACCESS_TOKEN,K9NF16IDcxw9jg7mrAxrQEM6S_4iCkxlVAzS,1,client_exposed_secret,Next.js,synthetic_v3,36,4.760067,0.194444,0.388889,0.027778,1,1,1,0,0,0,0,0,1,0,0,0
LGV3-000443,NEXT_PUBLIC_API_KEY,DBdLhhshp4um5j8uhgqKJfHRsr9PIFU8d0fV,1,client_exposed_secret,Next.js,synthetic_v3,36,4.669925,0.166667,0.333333,0.0,1,1,1,0,0,0,0,0,1,0,0,0
LGV3-000444,database_password,b7dbb151-8097-582d-b6cb-6e68431a8b8e,1,uuid_shaped_secret,none,synthetic_v3,36,3.708003,0.555556,0.0,0.111111,1,1,1,1,0,0,0,0,0,0,0,0
LGV3-000445,service_url,https://example.test/api,0,normal_config,none,synthetic_v3,24,3.490602,0.0,0.0,0.208333,0,1,0,0,0,0,0,1,0,0,0,0
LGV3-000446,NEXT_PUBLIC_ACCESS_TOKEN,vS1Ki-R_7zScB_0c76RkKINM3XAR8BfA5DAt,1,client_exposed_secret,Next.js,synthetic_v3,36,4.572431,0.222222,0.472222,0.083333,1,1,1,0,0,0,0,0,1,0,0,0
LGV3-000447,VITE_PUBLIC_REGION,eu-west,0,frontend_public_value,Vite,synthetic_v3,7,2.521641,0.0,0.0,0.142857,0,1,0,0,0,0,0,0,1,0,0,0
LGV3-000448,database_password,sample-secret-value,0,placeholder,none,synthetic_v3,19,3.405822,0.0,0.0,0.105263,1,1,0,0,0,0,0,1,0,0,0,0
LGV3-000449,log_level,enabled,0,normal_config,none,synthetic_v3,7,2.521641,0.0,0.0,0.0,0,1,0,0,0,0,0,0,0,0,0,0
LGV3-000450,artifact_digest,9868a5fa8bbffd4b3539e5ed483b888b6365fed988281098bb666f368511883d,0,artifact_digest,none,synthetic_v3,64,3.4868,0.671875,0.0,0.0,0,1,1,0,1,1,0,0,0,1,0,0
LGV3-000451,NEXT_PUBLIC_ACCESS_TOKEN,7ghIlk-LieuqSj1Hjlvzxq6_d4MwOldrfbS7,1,client_exposed_secret,Next.js,synthetic_v3,36,4.760067,0.138889,0.194444,0.055556,1,1,1,0,0,0,0,0,1,0,0,0
LGV3-000452,customer_reference,RUR5JEGH9M7WMBYLE2F59GCVLK,0,public_identifier,none,synthetic_v3,26,4.161978,0.230769,0.769231,0.0,0,1,1,0,0,0,0,0,0,1,0,0
LGV3-000453,database_password,process.env.CLIENT_SECRET,0,secret_reference,none,synthetic_v3,25,4.053661,0.0,0.48,0.12,1,1,1,0,0,0,1,0,0,0,0,0
LGV3-000454,commit_sha,94cf01d24592eec3323f18a38044bcfcc222fefd,0,commit_hash,none,synthetic_v3,40,3.58483,0.575,0.0,0.0,0,1,1,0,1,1,0,0,0,1,0,0
LGV3-000455,database_password,8262e7bb-0e25-1b11-9c8b-2ffb021e03b0,1,uuid_shaped_secret,none,synthetic_v3,36,3.50675,0.555556,0.0,0.111111,1,1,1,1,0,0,0,0,0,0,0,0
LGV3-000456,commit_sha,45c4c62b310c5848b3f679e2439ccf729e0f37c2,0,commit_hash,none,synthetic_v3,40,3.677567,0.675,0.0,0.0,0,1,1,0,1,1,0,0,0,1,0,0
LGV3-000457,deployment_mode,preview-release-public-region,0,safe_phrase,none,synthetic_v3,29,3.693345,0.0,0.0,0.103448,0,1,0,0,0,0,0,0,0,0,0,1
LGV3-000458,service_password,vault://application/key,0,secret_reference,none,synthetic_v3,23,3.762267,0.0,0.0,0.173913,1,1,0,0,0,0,1,0,0,0,0,0
LGV3-000459,signing_secret,forest ocean timber lantern bridge canyon,1,passphrase_secret,none,synthetic_v3,41,3.818684,0.0,0.0,0.121951,1,0,0,0,0,0,0,0,0,0,0,1
LGV3-000460,signing_secret,bho6fO@-y$El4nRvB2OoK#CFz8x2dup8,1,random_secret,none,synthetic_v3,32,4.75,0.1875,0.25,0.125,1,1,1,0,0,0,0,0,0,0,0,0
LGV3-000461,client_secret,orbit silver island crystal,1,passphrase_secret,none,synthetic_v3,27,3.726205,0.0,0.0,0.111111,1,0,0,0,0,0,0,0,0,0,0,1
LGV3-000462,event_uuid,e8ba6cce-3819-dadc-db12-c63174f90e2f,0,uuid_identifier,none,synthetic_v3,36,3.884795,0.444444,0.0,0.111111,0,1,1,1,0,0,0,0,0,1,0,0
LGV3-000463,result,8285bb5b-5a50-9ea2-d0d2-bb98ed949f49,1,uuid_shaped_secret,none,synthetic_v3,36,3.462038,0.527778,0.0,0.111111,0,1,1,1,0,0,0,0,0,0,0,0
LGV3-000464,access_token,e739d8987d6551bdf4cc4910c54dceeecc4a365a38163411c6e93ade3b0ec9f8,1,hex_secret,none,synthetic_v3,64,3.775708,0.578125,0.0,0.0,1,1,1,0,1,1,0,0,0,0,0,0
LGV3-000465,access_token,e011047e-41cb-a22a-5b4a-4fd2f87ae1be,1,uuid_shaped_secret,none,synthetic_v3,36,3.627987,0.472222,0.0,0.111111,1,1,1,1,0,0,0,0,0,0,0,0
LGV3-000466,event_uuid,adf15cd6-281b-cb07-e0c7-93dc3a2fa33e,0,uuid_identifier,none,synthetic_v3,36,3.850209,0.444444,0.0,0.111111,0,1,1,1,0,0,0,0,0,1,0,0
LGV3-000467,trace_id,ad31d885-4854-691e-0794-b477ae9fae11,0,uuid_identifier,none,synthetic_v3,36,3.731746,0.611111,0.0,0.111111,0,1,1,1,0,0,0,0,0,1,0,0
LGV3-000468,result,YtP$QM316aN26AHeoL3#h6CRQyUBA_Zk,1,random_secret,none,synthetic_v3,32,4.66391,0.21875,0.46875,0.09375,0,1,1,0,0,0,0,0,0,0,0,0
LGV3-000469,result,02535cf4f63d050e541fe37edf63c4276b6e8275c8cf7361b09d982886999143,1,hash_shaped_secret,none,synthetic_v3,64,3.859877,0.71875,0.0,0.0,0,1,1,0,1,1,0,0,0,0,0,0
LGV3-000470,api_key,sLxMaXZEsC888a9Z.TB8W9b_EcBZxwlJohWTNQ064n4w.QTrH4tcMDdmbB7YMnImFWPzJ,1,jwt_like_secret,none,synthetic_v3,69,5.202302,0.173913,0.449275,0.043478,1,1,1,0,0,0,0,0,0,0,1,0
LGV3-000471,commit_sha,de4f3b62a2eaa7080a2f06b75ace43a8cf7dc4b5,0,commit_hash,none,synthetic_v3,40,3.733206,0.5,0.0,0.0,0,1,1,0,1,1,0,0,0,1,0,0
LGV3-000472,VITE_API_KEY,Xl7gZOFMT_ubz-YNyb0l84LCR0vHnWLKBJgW,1,client_exposed_secret,Vite,synthetic_v3,36,4.836592,0.138889,0.5,0.055556,1,1,1,0,0,0,0,0,1,0,0,0
LGV3-000473,token_example,BxAz9jt0hn45-Eqm.z0uv2hYlIoH7IHoRHXbl7AUz2ow.fHIADe1Djuqyo3cFPYRkcWFH,0,documentation_jwt,none,synthetic_v3,69,5.211795,0.15942,0.362319,0.043478,1,1,1,0,0,0,0,0,0,0,1,0
LGV3-000474,api_key,c92xavBifxTQ8czv.wyCcGkpgh964bcRRLsrEnU05ITU.6ZsS3eYfoXGAWauGZmJJT3mq,1,jwt_like_secret,none,synthetic_v3,69,5.448963,0.15942,0.362319,0.028986,1,1,1,0,0,0,0,0,0,0,1,0
LGV3-000475,client_secret,eddfb3bf-755e-dd97-2e84-433c25a0d584,1,uuid_shaped_secret,none,synthetic_v3,36,3.728972,0.5,0.0,0.111111,1,1,1,1,0,0,0,0,0,0,0,0
LGV3-000476,material,8dMOP_9RqFIYmhAE.YCqilWIu2Y2d2OilmDrUZZD5VCA.kEnzWEaKrtHXzUavz-L5yFxw,1,jwt_like_secret,none,synthetic_v3,69,5.31114,0.101449,0.463768,0.057971,0,1,1,0,0,0,0,0,0,0,1,0
LGV3-000477,api_key,u2FFlnMVr8L4Mt3tXWUOiFVnO_fU___y,1,random_secret,none,synthetic_v3,32,4.22641,0.125,0.4375,0.125,1,1,1,0,0,0,0,0,0,0,0,0
LGV3-000478,jwt_example,UaEnJxBJQVW-aIfG.de8RaxfI18oM4fBhiOaXoXe0pKM.b4ipa5vVqnUGNFI4SZUrnWtk,0,documentation_jwt,none,synthetic_v3,69,5.189915,0.115942,0.42029,0.043478,0,1,1,0,0,0,0,0,0,0,1,0
LGV3-000479,deployment_mode,service-region-public-production-release,0,safe_phrase,none,synthetic_v3,40,3.846439,0.0,0.0,0.1,0,1,0,0,0,0,0,0,0,0,0,1
LGV3-000480,NEXT_PUBLIC_RELEASE_CHANNEL,public-dashboard,0,frontend_public_value,Next.js,synthetic_v3,16,3.625,0.0,0.0,0.0625,0,1,0,0,0,0,0,0,1,0,0,0
LGV3-000481,service_url,https://example.test/api,0,normal_config,none,synthetic_v3,24,3.490602,0.0,0.0,0.208333,0,1,0,0,0,0,0,1,0,0,0,0
LGV3-000482,feature_mode,https://example.test/api,0,normal_config,none,synthetic_v3,24,3.490602,0.0,0.0,0.208333,0,1,0,0,0,0,0,1,0,0,0,0
LGV3-000483,build_id,YKTGGRIS5O2QWEHO1KX82VWMAN,0,public_identifier,none,synthetic_v3,26,4.315824,0.192308,0.807692,0.0,0,1,1,0,0,0,0,0,0,1,0,0
LGV3-000484,runtime_data,b9ada9778558bb837afa0710594fdd4d,1,hex_secret,none,synthetic_v3,32,3.468139,0.59375,0.0,0.0,0,1,1,0,0,1,0,0,0,0,0,0
LGV3-000485,session_data,pHWvFcTeuvPt@amb0Sd8WhKtp1wF64@y,1,random_secret,none,synthetic_v3,32,4.625,0.15625,0.28125,0.0625,0,1,1,0,0,0,0,0,0,0,0,0
LGV3-000486,database_password,EXAMPLE_ONLY_DO_NOT_USE,0,placeholder,none,synthetic_v3,23,3.588354,0.0,0.826087,0.173913,1,1,0,0,0,0,0,1,0,0,0,0
LGV3-000487,release_description,production-development-preview-stable-release,0,safe_phrase,none,synthetic_v3,45,3.885103,0.0,0.0,0.088889,0,1,0,0,0,0,0,0,0,0,0,1
LGV3-000488,artifact_digest,47f279cb74e9f21794d60245e7fcd166e1a0d644532f8def8b424c9837f51aaf,0,artifact_digest,none,synthetic_v3,64,3.878274,0.640625,0.0,0.0,0,1,1,0,1,1,0,0,0,1,0,0
LGV3-000489,customer_reference,DBNCR1W84JSNWL2M9J2FM0TIL1,0,public_identifier,none,synthetic_v3,26,4.161978,0.307692,0.692308,0.0,0,1,1,0,0,0,0,0,0,1,0,0
LGV3-000490,session_data,f1367f1a5e1f3b740ad1084eb1da06d9,1,hex_secret,none,synthetic_v3,32,3.667838,0.59375,0.0,0.0,0,1,1,0,0,1,0,0,0,0,0,0
LGV3-000491,trace_id,ed86f6ad-d586-d7fc-b22e-a85178140ff6,0,uuid_identifier,none,synthetic_v3,36,3.725481,0.5,0.0,0.111111,0,1,1,1,0,0,0,0,0,1,0,0
LGV3-000492,result,9327a7be-9d7d-491f-11c0-57338eba4462,1,uuid_shaped_secret,none,synthetic_v3,36,3.919382,0.611111,0.0,0.111111,0,1,1,1,0,0,0,0,0,0,0,0
LGV3-000493,value,2bb42bed7af6fe0dd97d99eccb2872f7,1,hex_secret,none,synthetic_v3,32,3.491729,0.46875,0.0,0.0,0,1,1,0,0,1,0,0,0,0,0,0
LGV3-000494,NEXT_PUBLIC_API_KEY,6eS1EaPK3tw-IunWC-c3kZkm-C4FHn2wPDTP,1,client_exposed_secret,Next.js,synthetic_v3,36,4.627987,0.166667,0.416667,0.083333,1,1,1,0,0,0,0,0,1,0,0,0
LGV3-000495,documentation_token,rtyBksrxkah_GlEl.DBHVMO65C7fI00dguQ9zn_5iNAM.AH6obYulfbYx_EGEjv452zpV,0,documentation_jwt,none,synthetic_v3,69,5.340125,0.15942,0.333333,0.072464,1,1,1,0,0,0,0,0,0,0,1,0
LGV3-000496,customer_reference,8C5FNQR2SQ2PQRKXACLLVWZY9V,0,public_identifier,none,synthetic_v3,26,4.132944,0.192308,0.807692,0.0,0,1,1,0,0,0,0,0,0,1,0,0
LGV3-000497,connector_value,NrG20lQTk9#HLH%YCVdMB2#PEWlyW3YA,1,random_secret,none,synthetic_v3,32,4.625,0.15625,0.5625,0.09375,0,1,1,0,0,0,0,0,0,0,0,0
LGV3-000498,client_secret,38b2f8c3-9a0f-509d-5a53-d3c17a6879a4,1,uuid_shaped_secret,none,synthetic_v3,36,3.82924,0.583333,0.0,0.111111,1,1,1,1,0,0,0,0,0,0,0,0
LGV3-000499,setting,-!dz62s_3FicWj1DFyTN#fu#a1rd!v$D,1,random_secret,none,synthetic_v3,32,4.625,0.15625,0.21875,0.21875,0,1,1,0,0,0,0,0,0,0,0,0
LGV3-000500,material,cO79uX1adY8E2ZZQ.9iWgguxGVhUISlRhzMwfXHRhLrU.fC_rs5GOHlak0maS0ODIvG16,1,jwt_like_secret,none,synthetic_v3,69,5.369111,0.15942,0.42029,0.043478,0,1,1,0,0,0,0,0,0,0,1,0
LGV3-000501,database_password,meadow.lantern.amber.winter.orbit.forest,1,passphrase_secret,none,synthetic_v3,40,3.694588,0.0,0.0,0.125,1,1,0,0,0,0,0,0,0,0,0,1
LGV3-000502,feature_mode,https://example.test/api,0,normal_config,none,synthetic_v3,24,3.490602,0.0,0.0,0.208333,0,1,0,0,0,0,0,1,0,0,0,0
LGV3-000503,client_secret,u0bFucK1X7zdU0cX.f7be39NZUP-co8Q3TgAyHX_UA7s.-H51Y3s2JNPbPEfsW2C26BqM,1,jwt_like_secret,none,synthetic_v3,69,5.227452,0.246377,0.391304,0.072464,1,1,1,0,0,0,0,0,0,0,1,0
LGV3-000504,artifact_digest,6b3ff407f84cb6a166a5b8967fc560ee2bf04a9b61b3263a288cfb532f3d44d1,0,artifact_digest,none,synthetic_v3,64,3.850909,0.609375,0.0,0.0,0,1,1,0,1,1,0,0,0,1,0,0
LGV3-000505,checksum,b699ad9f1857e4bb9edfcc9e0efaed08ccf4e24e8d87f5c729e708ca4047f0b4,0,artifact_digest,none,synthetic_v3,64,3.724642,0.515625,0.0,0.0,0,1,1,0,1,1,0,0,0,1,0,0
LGV3-000506,feature_mode,debug,0,normal_config,none,synthetic_v3,5,2.321928,0.0,0.0,0.0,0,1,0,0,0,0,0,0,0,0,0,0
LGV3-000507,database_password,TOKEN_PLACEHOLDER,0,placeholder,none,synthetic_v3,17,3.572469,0.0,0.941176,0.058824,1,1,0,0,0,0,0,1,0,0,0,0
LGV3-000508,database_password,c9c18a7c0e17634f2b95c7fc723f961f8a55d85dec60b8ad,1,hex_secret,none,synthetic_v3,48,3.891541,0.583333,0.0,0.0,1,1,1,0,0,1,0,0,0,0,0,0
LGV3-000509,material,d90faff50d8a015955e3b8004f196063e4ff53acbee1c8cb,1,hex_secret,none,synthetic_v3,48,3.711767,0.5625,0.0,0.0,0,1,1,0,0,1,0,0,0,0,0,0
LGV3-000510,NEXT_PUBLIC_ACCESS_TOKEN,t3PDtRh1mi8worqw1-qr9ImcQ-Q4AhtF3VGJ,1,client_exposed_secret,Next.js,synthetic_v3,36,4.537845,0.194444,0.305556,0.055556,1,1,1,0,0,0,0,0,1,0,0,0
LGV3-000511,token_example,xLS42c4wG0-YFqje.dQkUCXhzx7CZ8PKI2KvqtFtOWIg.5-ztyoSYHCsX2QkSWX-yWzUC,0,documentation_jwt,none,synthetic_v3,69,5.162376,0.130435,0.449275,0.072464,1,1,1,0,0,0,0,0,0,0,1,0
LGV3-000512,environment,production,0,normal_config,none,synthetic_v3,10,3.121928,0.0,0.0,0.0,0,1,0,0,0,0,0,0,0,0,0,0
LGV3-000513,commit_sha,e0879c3f330e76869a3a4242279736e7c447548e,0,commit_hash,none,synthetic_v3,40,3.528213,0.775,0.0,0.0,0,1,1,0,1,1,0,0,0,1,0,0
LGV3-000514,connector_value,627a2a6690daa0c057ba9630b3eb515ec718d1bf,1,hash_shaped_secret,none,synthetic_v3,40,3.775071,0.6,0.0,0.0,0,1,1,0,1,1,0,0,0,0,0,0
LGV3-000515,application_setting,production preview region runtime,0,safe_phrase,none,synthetic_v3,33,3.703041,0.0,0.0,0.090909,0,0,0,0,0,0,0,0,0,0,0,1
LGV3-000516,commit_sha,e0d2720cbdb0e6b036e54ceea2770a504b8273da,0,commit_hash,none,synthetic_v3,40,3.556198,0.575,0.0,0.0,0,1,1,0,1,1,0,0,0,1,0,0
LGV3-000517,client_secret,e28263b4a992986efc8cbc2991748059702c09b86cc70f15,1,hex_secret,none,synthetic_v3,48,3.696521,0.708333,0.0,0.0,1,1,1,0,0,1,0,0,0,0,0,0
LGV3-000518,NEXT_PUBLIC_ACCESS_TOKEN,vadbQcV-5_ah7pT24IeWzXs444z998PU_hNx,1,client_exposed_secret,Next.js,synthetic_v3,36,4.669925,0.277778,0.25,0.083333,1,1,1,0,0,0,0,0,1,0,0,0
LGV3-000519,database_password,vault://application/key,0,secret_reference,none,synthetic_v3,23,3.762267,0.0,0.0,0.173913,1,1,0,0,0,0,1,0,0,0,0,0
LGV3-000520,api_key,13472a27958611eb6e1bab84dada777090d893741417be63,1,hex_secret,none,synthetic_v3,48,3.674742,0.708333,0.0,0.0,1,1,1,0,0,1,0,0,0,0,0,0
LGV3-000521,payload,NDCRngT0VgenTvlz.m3GYLnawnh5t-FLHAlM4AOMjy1E.6t-ta0gLae4BzjGua_kOI6g9,1,jwt_like_secret,none,synthetic_v3,69,5.217078,0.144928,0.347826,0.072464,0,1,1,0,0,0,0,0,0,0,1,0
LGV3-000522,value,forest-amber-amber-orbit-crystal,1,passphrase_secret,none,synthetic_v3,32,3.605338,0.0,0.0,0.125,0,1,0,0,0,0,0,0,0,0,0,1
LGV3-000523,database_password,d863e055-5ba4-bc56-7537-baab444928d7,1,uuid_shaped_secret,none,synthetic_v3,36,3.694386,0.583333,0.0,0.111111,1,1,1,1,0,0,0,0,0,0,0,0
LGV3-000524,client_secret,EXAMPLE_ONLY_DO_NOT_USE,0,placeholder,none,synthetic_v3,23,3.588354,0.0,0.826087,0.173913,1,1,0,0,0,0,0,1,0,0,0,0
LGV3-000525,access_token,XLp-tgEbtgVgCeABC5Qy2sIaA55Fkfkg,1,random_secret,none,synthetic_v3,32,4.35141,0.125,0.375,0.03125,1,1,1,0,0,0,0,0,0,0,0,0
LGV3-000526,service_password,%SERVICE_TOKEN%,0,secret_reference,none,synthetic_v3,15,3.456565,0.0,0.8,0.2,1,1,0,0,0,0,1,0,0,0,0,0
LGV3-000527,token_example,J_ulNuWdlUBSabrW.ehoobTPUY2i_N0XHV3DMiDrumJo.ADhLl28CnZ654t6s-OPT96xi,0,documentation_jwt,none,synthetic_v3,69,5.34723,0.15942,0.391304,0.072464,1,1,1,0,0,0,0,0,0,0,1,0
LGV3-000528,artifact_digest,87424dfeb81a3118bebcdc54c7f6b42cf3bead2d7ccf4763f30d466d6f964f57,0,artifact_digest,none,synthetic_v3,64,3.811389,0.546875,0.0,0.0,0,1,1,0,1,1,0,0,0,1,0,0
LGV3-000529,access_token,YOUR_API_KEY_HERE,0,placeholder,none,synthetic_v3,17,3.29277,0.0,0.823529,0.176471,1,1,0,0,0,0,0,1,0,0,0,0
LGV3-000530,artifact_digest,500c33ea70cfdca6694dba9975a8de1105b50b1f8b13c76801de2d99969fd175,0,artifact_digest,none,synthetic_v3,64,3.862344,0.625,0.0,0.0,0,1,1,0,1,1,0,0,0,1,0,0
LGV3-000531,client_secret,7tli3vuNiL8doJhf.qqQ5OKzwI34M3hdEDhxVo5MpW04.QHjmGgOU-rIMV6msUsB84GMV,1,jwt_like_secret,none,synthetic_v3,69,5.31114,0.188406,0.376812,0.043478,1,1,1,0,0,0,0,0,0,0,1,0
LGV3-000532,material,hSl$GMInQx!ubvveQsHYu#BgKbtbSR%L,1,random_secret,none,synthetic_v3,32,4.60141,0.0,0.40625,0.125,0,1,1,0,0,0,0,0,0,0,0,0
LGV3-000533,runtime_data,533697e01c2efbef4b864a91d3bb472e7e3aa3231def876b,1,hex_secret,none,synthetic_v3,48,3.810827,0.583333,0.0,0.0,0,1,1,0,0,1,0,0,0,0,0,0
LGV3-000534,commit_sha,5f6e12043793e1cd38808eaaa4c7cfc44c4f0b76,0,commit_hash,none,synthetic_v3,40,3.809341,0.6,0.0,0.0,0,1,1,0,1,1,0,0,0,1,0,0
LGV3-000535,client_secret,Qwz4_rksnm37g%ZjV!a2hXhXC2P#H%GO,1,random_secret,none,synthetic_v3,32,4.75,0.15625,0.3125,0.15625,1,1,1,0,0,0,0,0,0,0,0,0
LGV3-000536,checksum,5963be9be2d6c1f749ecc0335accb8e59eb0b09bf10003e43c6571d64cf00ce4,0,artifact_digest,none,synthetic_v3,64,3.751714,0.578125,0.0,0.0,0,1,1,0,1,1,0,0,0,1,0,0
LGV3-000537,NEXT_PUBLIC_API_KEY,61k4mFav3evLb_Sj_aGl4UB_qk2XC9dMRfH7,1,client_exposed_secret,Next.js,synthetic_v3,36,4.815623,0.222222,0.305556,0.083333,1,1,1,0,0,0,0,0,1,0,0,0
LGV3-000538,service_url,https://example.test/api,0,normal_config,none,synthetic_v3,24,3.490602,0.0,0.0,0.208333,0,1,0,0,0,0,0,1,0,0,0,0
LGV3-000539,jwt_example,iq1GOs8cZ7z66n9l.6P5d902we200FXyuTgtbViMG6B4.HaePsCkIo0I5URNFNUx30659,0,documentation_jwt,none,synthetic_v3,69,5.31535,0.333333,0.318841,0.028986,0,1,1,0,0,0,0,0,0,0,1,0
LGV3-000540,connector_value,LRmtJsFR-DF1LSj8L-NYgUIrh4mZ19ul,1,random_secret,none,synthetic_v3,32,4.53891,0.15625,0.46875,0.0625,0,1,1,0,0,0,0,0,0,0,0,0
LGV3-000541,access_token,eYR37w6CLzaRyYxh.G99cqkvBCn1gbKJT4dSetq28nGI.zswoQakSJ61qZVOgMUHuBp7k,1,jwt_like_secret,none,synthetic_v3,69,5.448963,0.173913,0.362319,0.028986,1,1,1,0,0,0,0,0,0,0,1,0
LGV3-000542,connector_value,lYBuA1t1jsN0TvQA.ZY1RwIhDT6htHFgMP9hi-rFM8Rs.w8nytC4GVn5RjSfUVwQlUomP,1,jwt_like_secret,none,synthetic_v3,69,5.329185,0.144928,0.434783,0.043478,0,1,1,0,0,0,0,0,0,0,1,0
LGV3-000543,VITE_PUBLIC_REGION,preview,0,frontend_public_value,Vite,synthetic_v3,7,2.521641,0.0,0.0,0.0,0,1,0,0,0,0,0,0,1,0,0,0
LGV3-000544,commit_sha,590169236c17300bff9ac0f700b277eeaab67e22,0,commit_hash,none,synthetic_v3,40,3.58071,0.65,0.0,0.0,0,1,1,0,1,1,0,0,0,1,0,0
LGV3-000545,signing_secret,fdbfe645268cb45486d8162dee9f65755bc3cfc1,1,hash_shaped_secret,none,synthetic_v3,40,3.647085,0.575,0.0,0.0,1,1,1,0,1,1,0,0,0,0,0,0
LGV3-000546,VITE_PUBLIC_REGION,eu-west,0,frontend_public_value,Vite,synthetic_v3,7,2.521641,0.0,0.0,0.142857,0,1,0,0,0,0,0,0,1,0,0,0
LGV3-000547,NEXT_PUBLIC_ACCESS_TOKEN,7k5GUfZHsGoCMw2TJw2QlhbCxSBq_181Mofn,1,client_exposed_secret,Next.js,synthetic_v3,36,4.725481,0.194444,0.388889,0.027778,1,1,1,0,0,0,0,0,1,0,0,0
LGV3-000548,signing_secret,75f078573929c9e26b0d4bb1a2329704599977b5,1,hash_shaped_secret,none,synthetic_v3,40,3.624024,0.775,0.0,0.0,1,1,1,0,1,1,0,0,0,0,0,0
LGV3-000549,value,voyage-crystal-voyage-ocean-silver-voyage,1,passphrase_secret,none,synthetic_v3,41,3.611605,0.0,0.0,0.121951,0,1,0,0,0,0,0,0,0,0,0,1
LGV3-000550,commit_sha,d2cefd396827f1fc97136fcf110515ba0a54228c,0,commit_hash,none,synthetic_v3,40,3.822574,0.625,0.0,0.0,0,1,1,0,1,1,0,0,0,1,0,0
LGV3-000551,setting,lu8b_E2jodL7aw46.otcIj1fCQci2MCJhjM4ZQppSVrg.Ea6tzXE-eddUcQQ9D_TUSA3l,1,jwt_like_secret,none,synthetic_v3,69,5.31114,0.15942,0.347826,0.072464,0,1,1,0,0,0,0,0,0,0,1,0
LGV3-000552,payload,m9wkLblO-CT2Z0vn.PXoyyJhjRCvnkCMeNSwsM0aVvG8.NXpAM42DnGwxxWZVmWTDZLsM,1,jwt_like_secret,none,synthetic_v3,69,5.184257,0.101449,0.463768,0.043478,0,1,1,0,0,0,0,0,0,0,1,0
LGV3-000553,database_password,replace-me,0,placeholder,none,synthetic_v3,10,2.846439,0.0,0.0,0.1,1,1,0,0,0,0,0,1,0,0,0,0
LGV3-000554,environment,production,0,normal_config,none,synthetic_v3,10,3.121928,0.0,0.0,0.0,0,1,0,0,0,0,0,0,0,0,0,0
LGV3-000555,runtime_data,5f214bfd-618c-c89b-c9bc-93cbf66f553a,1,uuid_shaped_secret,none,synthetic_v3,36,3.617861,0.472222,0.0,0.111111,0,1,1,1,0,0,0,0,0,0,0,0
LGV3-000556,customer_reference,3IHT3IER5RGGRNDWBJVPJFZTMF,0,public_identifier,none,synthetic_v3,26,4.056021,0.115385,0.884615,0.0,0,1,1,0,0,0,0,0,0,1,0,0
LGV3-000557,client_secret,xfdS3!E4jzdLgdirn%hm7aL0WWesuMMB,1,random_secret,none,synthetic_v3,32,4.66391,0.125,0.28125,0.0625,1,1,1,0,0,0,0,0,0,0,0,0
LGV3-000558,client_secret,1rC8AYs25XTRSzuc.Oh3JLfdsv0xeCAhExep2uxtvu0Y.cnzNKYh0eBHPovk0QEuB6n3m,1,jwt_like_secret,none,synthetic_v3,69,5.213243,0.173913,0.333333,0.028986,1,1,1,0,0,0,0,0,0,0,1,0
LGV3-000559,NEXT_PUBLIC_API_KEY,mqPJzyjV9TR4Aj9O7Jfos8ZkrZetidmSLHaZ,1,client_exposed_secret,Next.js,synthetic_v3,36,4.815623,0.138889,0.388889,0.0,1,1,1,0,0,0,0,0,1,0,0,0
LGV3-000560,signing_secret,$env:ACCESS_TOKEN,0,secret_reference,none,synthetic_v3,17,3.734522,0.0,0.647059,0.176471,1,1,1,0,0,0,1,0,0,0,0,0
LGV3-000561,service_password,${DATABASE_PASSWORD},0,secret_reference,none,synthetic_v3,20,3.584184,0.0,0.8,0.2,1,1,0,0,0,0,1,0,0,0,0,0
LGV3-000562,client_secret,sample-secret-value,0,placeholder,none,synthetic_v3,19,3.405822,0.0,0.0,0.105263,1,1,0,0,0,0,0,1,0,0,0,0
LGV3-000563,commit_sha,ddb804a0882a2fe4ffc0cae23ba11ec73d089075,0,commit_hash,none,synthetic_v3,40,3.787326,0.55,0.0,0.0,0,1,1,0,1,1,0,0,0,1,0,0
LGV3-000564,deployment_mode,region release stable region,0,safe_phrase,none,synthetic_v3,28,3.4138,0.0,0.0,0.107143,0,0,0,0,0,0,0,0,0,0,0,1
LGV3-000565,session_data,k#G6XvvfSf_dYn_5WFVlrZKkkRWBHf8#,1,random_secret,none,synthetic_v3,32,4.45282,0.09375,0.40625,0.125,0,1,1,0,0,0,0,0,0,0,0,0
LGV3-000566,material,5d4b5dd6b0cdbd918c2e4c0b2413131a74b542e639162928db528b3dcba4c2e9,1,hash_shaped_secret,none,synthetic_v3,64,3.745364,0.609375,0.0,0.0,0,1,1,0,1,1,0,0,0,0,0,0
LGV3-000567,result,zRRxMasi61scs685In_Nyw9pScoYKOON,1,random_secret,none,synthetic_v3,32,4.53891,0.1875,0.34375,0.03125,0,1,1,0,0,0,0,0,0,0,0,0
LGV3-000568,trace_id,c13f7c05-a112-68c7-b514-c8fb0b801148,0,uuid_identifier,none,synthetic_v3,36,3.586049,0.611111,0.0,0.111111,0,1,1,1,0,0,0,0,0,1,0,0
LGV3-000569,access_token,bb6e9934-1331-adc8-9832-97a80265a983,1,uuid_shaped_secret,none,synthetic_v3,36,3.726198,0.666667,0.0,0.111111,1,1,1,1,0,0,0,0,0,0,0,0
LGV3-000570,VITE_PUBLIC_REGION,public-dashboard,0,frontend_public_value,Vite,synthetic_v3,16,3.625,0.0,0.0,0.0625,0,1,0,0,0,0,0,0,1,0,0,0
LGV3-000571,signing_secret,ysCxjD1d48rJ_42V.8lcmE0DCY680yotXx4namQDUJvI.d0DHOFLer7BkZ-rVxc6d9ZZM,1,jwt_like_secret,none,synthetic_v3,69,5.278318,0.217391,0.362319,0.057971,1,1,1,0,0,0,0,0,0,0,1,0
LGV3-000572,service_password,LSsCT4Z0U6csmG21.xhLKdd03AZxYB6EIizTx-R41JH8.RvfYRnZyD5ncgCyiyRs48Cpb,1,jwt_like_secret,none,synthetic_v3,69,5.231288,0.202899,0.391304,0.043478,1,1,1,0,0,0,0,0,0,0,1,0
LGV3-000573,NEXT_PUBLIC_RELEASE_CHANNEL,stable,0,frontend_public_value,Next.js,synthetic_v3,6,2.584963,0.0,0.0,0.0,0,1,0,0,0,0,0,0,1,0,0,0
LGV3-000574,access_token,ve4XMXa9Q_X29OxM.M05Tcld7SrWUs55q3rYJGH334hE.3ECQKF4VkmFv0PVnyJZkCg2J,1,jwt_like_secret,none,synthetic_v3,69,5.300199,0.246377,0.434783,0.043478,1,1,1,0,0,0,0,0,0,0,1,0
LGV3-000575,token_example,1crpguq_heoJeUs2.MCSN8sXTfKXNlCAQSlrb6PztJVU.MWtMAx-RFl64hsHy0f4G69O-,0,documentation_jwt,none,synthetic_v3,69,5.398096,0.144928,0.405797,0.072464,1,1,1,0,0,0,0,0,0,0,1,0
LGV3-000576,database_password,island-timber-crystal-amber,1,passphrase_secret,none,synthetic_v3,27,3.708048,0.0,0.0,0.111111,1,1,0,0,0,0,0,0,0,0,0,1
LGV3-000577,result,5465a609b45058b1107357a91c806c391767d96b,1,hash_shaped_secret,none,synthetic_v3,40,3.572574,0.8,0.0,0.0,0,1,1,0,1,1,0,0,0,0,0,0
LGV3-000578,event_uuid,a75511dc-8bb6-1015-0569-ea8728a8a820,0,uuid_identifier,none,synthetic_v3,36,3.604244,0.638889,0.0,0.111111,0,1,1,1,0,0,0,0,0,1,0,0
LGV3-000579,payload,c0ZCBi23Oos19q0J.TvyK4Vp8l-FIIaGR7ZsRFCkB_eU.e69FI3wg_PLwMjdSbEJaH9NS,1,jwt_like_secret,none,synthetic_v3,69,5.495993,0.188406,0.434783,0.072464,0,1,1,0,0,0,0,0,0,0,1,0
LGV3-000580,material,ymRLob@Mnb439zKtePlOTNh23ZpvTzM1,1,random_secret,none,synthetic_v3,32,4.6875,0.1875,0.34375,0.03125,0,1,1,0,0,0,0,0,0,0,0,0
LGV3-000581,NEXT_PUBLIC_API_KEY,hS7DD_UNhiw81pCvm-ctDvRelo8lDxCbtzFE,1,client_exposed_secret,Next.js,synthetic_v3,36,4.614369,0.111111,0.333333,0.055556,1,1,1,0,0,0,0,0,1,0,0,0
LGV3-000582,database_password,ff9b083490a8e7daee8da1a6410239ae77e144b77bd7c409f9a312283e046ab4,1,hex_secret,none,synthetic_v3,64,3.784274,0.625,0.0,0.0,1,1,1,0,1,1,0,0,0,0,0,0
LGV3-000583,application_setting,production-region-stable-default,0,safe_phrase,none,synthetic_v3,32,3.968139,0.0,0.0,0.09375,0,1,0,0,0,0,0,0,0,0,0,1
LGV3-000584,payload,canyon.crystal.lantern.meadow.silver,1,passphrase_secret,none,synthetic_v3,36,3.82924,0.0,0.0,0.111111,0,1,0,0,0,0,0,0,0,0,0,1
LGV3-000585,access_token,v68nU2Kp$MLTs9OfaufzQWCCSYNwd%UF,1,random_secret,none,synthetic_v3,32,4.8125,0.125,0.46875,0.0625,1,1,1,0,0,0,0,0,0,0,0,0
LGV3-000586,event_uuid,99248d7a-3f27-a27e-65c2-aa11553030ae,0,uuid_identifier,none,synthetic_v3,36,3.784528,0.611111,0.0,0.111111,0,1,1,1,0,0,0,0,0,1,0,0
LGV3-000587,signing_secret,c04c9462ff0ae93c417c646d5ee2b2e6f549cd71,1,hash_shaped_secret,none,synthetic_v3,40,3.73483,0.6,0.0,0.0,1,1,1,0,1,1,0,0,0,0,0,0
LGV3-000588,VITE_API_KEY,ws_KF8vbSKWWIuXnDhfnnZ2YyHabouimfI6Y,1,client_exposed_secret,Vite,synthetic_v3,36,4.648956,0.083333,0.388889,0.027778,1,1,1,0,0,0,0,0,1,0,0,0
LGV3-000589,access_token,crystal meteor island timber,1,passphrase_secret,none,synthetic_v3,28,3.770942,0.0,0.0,0.107143,1,0,0,0,0,0,0,0,0,0,0,1
LGV3-000590,trace_id,665e7e04-aa88-9662-7f5f-12956367529f,0,uuid_identifier,none,synthetic_v3,36,3.599666,0.694444,0.0,0.111111,0,1,1,1,0,0,0,0,0,1,0,0
LGV3-000591,jwt_example,Yti8r893r7awN7HY.NUFJXNJ8pwMoQEpb6DhSuzNH4Zc.yYpJSv91ChlUCQcfCsbXKoWS,0,documentation_jwt,none,synthetic_v3,69,5.202302,0.15942,0.449275,0.028986,0,1,1,0,0,0,0,0,0,0,1,0
LGV3-000592,NEXT_PUBLIC_RELEASE_CHANNEL,preview,0,frontend_public_value,Next.js,synthetic_v3,7,2.521641,0.0,0.0,0.0,0,1,0,0,0,0,0,0,1,0,0,0
LGV3-000593,NEXT_PUBLIC_ACCESS_TOKEN,qUaKztnb25vHJ88QSDm8jAW9bd4wOljQYlPe,1,client_exposed_secret,Next.js,synthetic_v3,36,4.815623,0.194444,0.361111,0.0,1,1,1,0,0,0,0,0,1,0,0,0
LGV3-000594,log_level,production,0,normal_config,none,synthetic_v3,10,3.121928,0.0,0.0,0.0,0,1,0,0,0,0,0,0,0,0,0,0
LGV3-000595,token_example,BHseHDPFxf5wEzvG.2I10PrT6-syFRf4KzCuJ1OkIFzs.YMXojhHPdJe4mFmybgn0ZQz6,0,documentation_jwt,none,synthetic_v3,69,5.351066,0.144928,0.405797,0.043478,1,1,1,0,0,0,0,0,0,0,1,0
LGV3-000596,commit_sha,e1c2772cef19492d4d2166814ddbd76233f59501,0,commit_hash,none,synthetic_v3,40,3.725716,0.7,0.0,0.0,0,1,1,0,1,1,0,0,0,1,0,0
LGV3-000597,database_password,<redacted>,0,placeholder,none,synthetic_v3,10,2.921928,0.0,0.0,0.2,1,1,0,0,0,0,0,1,0,0,0,0
LGV3-000598,documentation_token,rzMrh4SyHxghR4Y2.slbd0D6GgMTrde_4Fl9AZ46Svig.yijHq0Ymus7-7il15y52uP1f,0,documentation_jwt,none,synthetic_v3,69,5.213243,0.246377,0.231884,0.057971,1,1,1,0,0,0,0,0,0,0,1,0
LGV3-000599,client_secret,EXAMPLE_ONLY_DO_NOT_USE,0,placeholder,none,synthetic_v3,23,3.588354,0.0,0.826087,0.173913,1,1,0,0,0,0,0,1,0,0,0,0
LGV3-000600,application_setting,service development application preview,0,safe_phrase,none,synthetic_v3,39,3.768447,0.0,0.0,0.076923,0,0,0,0,0,0,0,0,0,0,0,1
LGV3-000601,VITE_CLIENT_SECRET,lykFDVgRTMyg5TUY_vHHRX4RoJf4IfFO2rx3,1,client_exposed_secret,Vite,synthetic_v3,36,4.648956,0.138889,0.5,0.027778,1,1,1,0,0,0,0,0,1,0,0,0
LGV3-000602,VITE_CLIENT_SECRET,jyXNA_05qYWXwjHQqGIGnmxqS0qptXS3cMlX,1,client_exposed_secret,Vite,synthetic_v3,36,4.503258,0.111111,0.444444,0.027778,1,1,1,0,0,0,0,0,1,0,0,0
LGV3-000603,checksum,d1b04cfd06fa04b184a216d18737b9701d138881938994d3561b92b68bb733de,0,artifact_digest,none,synthetic_v3,64,3.75106,0.703125,0.0,0.0,0,1,1,0,1,1,0,0,0,1,0,0
LGV3-000604,service_password,$env:ACCESS_TOKEN,0,secret_reference,none,synthetic_v3,17,3.734522,0.0,0.647059,0.176471,1,1,1,0,0,0,1,0,0,0,0,0
LGV3-000605,client_secret,PVHNEXXYKaQtK-9V.4GwNZzw783ugorUBy0oqoRHB5Y0.8Roo_D-fe1wjdpAlMjV_gt4y,1,jwt_like_secret,none,synthetic_v3,69,5.309692,0.15942,0.376812,0.086957,1,1,1,0,0,0,0,0,0,0,1,0
LGV3-000606,commit_sha,0dbcdddf1b52dcf5631f6fda36d5a83f1626b9d3,0,commit_hash,none,synthetic_v3,40,3.43483,0.5,0.0,0.0,0,1,1,0,1,1,0,0,0,1,0,0
LGV3-000607,trace_id,618bb274-79cc-2ec1-c672-12e2d648e354,0,uuid_identifier,none,synthetic_v3,36,3.631478,0.611111,0.0,0.111111,0,1,1,1,0,0,0,0,0,1,0,0
LGV3-000608,build_id,VLW6Z675KGOPD0Y68HEC5JBD42,0,public_identifier,none,synthetic_v3,26,4.363713,0.384615,0.615385,0.0,0,1,1,0,0,0,0,0,0,1,0,0
LGV3-000609,service_password,%SERVICE_TOKEN%,0,secret_reference,none,synthetic_v3,15,3.456565,0.0,0.8,0.2,1,1,0,0,0,0,1,0,0,0,0,0
LGV3-000610,api_key,658a70a09f2d4b69fc2d063b547ea8f852beebed,1,hash_shaped_secret,none,synthetic_v3,40,3.820951,0.55,0.0,0.0,1,1,1,0,1,1,0,0,0,0,0,0
LGV3-000611,environment,https://example.test/api,0,normal_config,none,synthetic_v3,24,3.490602,0.0,0.0,0.208333,0,1,0,0,0,0,0,1,0,0,0,0
LGV3-000612,payload,ac7cc2c864c3e1724013b9e9a83f897d5d1942a40ae1471c,1,hex_secret,none,synthetic_v3,48,3.798533,0.645833,0.0,0.0,0,1,1,0,0,1,0,0,0,0,0,0
LGV3-000613,release_description,default application default development,0,safe_phrase,none,synthetic_v3,39,3.750164,0.0,0.0,0.076923,0,0,0,0,0,0,0,0,0,0,0,1
LGV3-000614,commit_sha,86b135fea17bfd4129177a6d92773a5cbffc2e5d,0,commit_hash,none,synthetic_v3,40,3.787326,0.575,0.0,0.0,0,1,1,0,1,1,0,0,0,1,0,0
LGV3-000615,database_password,cgu4ovhL39jCXIcp.c5kqW4nytrG2LS-T0REHrOs0Rmg.UR-PdI8-meN_2kxpuCRfzkk3,1,jwt_like_secret,none,synthetic_v3,69,5.362006,0.15942,0.304348,0.086957,1,1,1,0,0,0,0,0,0,0,1,0
LGV3-000616,runtime_data,8f743978330abbc00ce36934f9edaa547824cd7d,1,hash_shaped_secret,none,synthetic_v3,40,3.768454,0.625,0.0,0.0,0,1,1,0,1,1,0,0,0,0,0,0
LGV3-000617,event_uuid,dc188ad1-1abf-bf64-08ce-0288e8d3aefb,0,uuid_identifier,none,synthetic_v3,36,3.613283,0.416667,0.0,0.111111,0,1,1,1,0,0,0,0,0,1,0,0
LGV3-000618,access_token,acb8b2817d5e0c6f190f7f77aee07453caab66f9bfef6302,1,hex_secret,none,synthetic_v3,48,3.837581,0.541667,0.0,0.0,1,1,1,0,0,1,0,0,0,0,0,0
LGV3-000619,access_token,af4aeae259a3b72f38d74128d71b6f1ca3046dbe776c7457c47bcdd514c875fc,1,hex_secret,none,synthetic_v3,64,3.835272,0.578125,0.0,0.0,1,1,1,0,1,1,0,0,0,0,0,0
LGV3-000620,image_digest,91e4ce2d1d9b59abc298cfe4d2bfbc18c281e8e92937fbed70a5cfacef0d038c,0,artifact_digest,none,synthetic_v3,64,3.770012,0.484375,0.0,0.0,0,1,1,0,1,1,0,0,0,1,0,0
LGV3-000621,customer_reference,XMIWVC33U13MVKCDFPJBT5IB04,0,public_identifier,none,synthetic_v3,26,4.132944,0.269231,0.730769,0.0,0,1,1,0,0,0,0,0,0,1,0,0
LGV3-000622,database_password,lantern.voyage.bridge.voyage.island.bridge,1,passphrase_secret,none,synthetic_v3,42,3.767583,0.0,0.0,0.119048,1,1,0,0,0,0,0,0,0,0,0,1
LGV3-000623,VITE_API_KEY,HG-f9sNdKr1voSzCW7a1EvNJUu2hxpIgZrkF,1,client_exposed_secret,Vite,synthetic_v3,36,4.947703,0.138889,0.388889,0.027778,1,1,1,0,0,0,0,0,1,0,0,0
LGV3-000624,build_id,SNEBEY3YS8WWV3T0APV6B41JYM,0,public_identifier,none,synthetic_v3,26,4.056021,0.269231,0.730769,0.0,0,1,1,0,0,0,0,0,0,1,0,0
LGV3-000625,connector_value,e6e7741085b948c8e39975eee1d579f14506239ee5e2beb1e8c3a85ad210a171,1,hash_shaped_secret,none,synthetic_v3,64,3.772293,0.65625,0.0,0.0,0,1,1,0,1,1,0,0,0,0,0,0
LGV3-000626,client_secret,process.env.CLIENT_SECRET,0,secret_reference,none,synthetic_v3,25,4.053661,0.0,0.48,0.12,1,1,1,0,0,0,1,0,0,0,0,0
LGV3-000627,NEXT_PUBLIC_ACCESS_TOKEN,EMaNJJg5e-cpIEnv1WSVGnY_f4CpC7obebDf,1,client_exposed_secret,Next.js,synthetic_v3,36,4.725481,0.111111,0.416667,0.055556,1,1,1,0,0,0,0,0,1,0,0,0
LGV3-000628,signing_secret,2700b50da7d013f384246c9f1c350468206803df251efd3b80d1db34489b5853,1,hash_shaped_secret,none,synthetic_v3,64,3.802419,0.71875,0.0,0.0,1,1,1,0,1,1,0,0,0,0,0,0
LGV3-000629,service_password,<redacted>,0,placeholder,none,synthetic_v3,10,2.921928,0.0,0.0,0.2,1,1,0,0,0,0,0,1,0,0,0,0
LGV3-000630,material,2dccdc7fb7d3838878ea045cadacb25fe271c5f8,1,hash_shaped_secret,none,synthetic_v3,40,3.618454,0.5,0.0,0.0,0,1,1,0,1,1,0,0,0,0,0,0
LGV3-000631,artifact_digest,ab89c0a3e15a4479a13463b543f8ba274f9a50f996155b7a61f73c1521569f4b,0,artifact_digest,none,synthetic_v3,64,3.739669,0.6875,0.0,0.0,0,1,1,0,1,1,0,0,0,1,0,0
LGV3-000632,NEXT_PUBLIC_API_KEY,3wuprQFBs8KqXysGjGJMVOxNgXDA4vcmf69H,1,client_exposed_secret,Next.js,synthetic_v3,36,5.003258,0.138889,0.444444,0.0,1,1,1,0,0,0,0,0,1,0,0,0
LGV3-000633,application_setting,stable public development public,0,safe_phrase,none,synthetic_v3,32,3.804229,0.0,0.0,0.09375,0,0,0,0,0,0,0,0,0,0,0,1
LGV3-000634,trace_id,4d5e4a4e-7f7b-e232-c9e9-1453d67f1c2a,0,uuid_identifier,none,synthetic_v3,36,3.794653,0.527778,0.0,0.111111,0,1,1,1,0,0,0,0,0,1,0,0
LGV3-000635,material,silver.bridge.winter.voyage.ocean.crystal,1,passphrase_secret,none,synthetic_v3,41,3.925136,0.0,0.0,0.121951,0,1,0,0,0,0,0,0,0,0,0,1
LGV3-000636,material,f4e971fd2342734a727973a48cf766685a7746a35cc15d96496b085038ca36e8,1,hash_shaped_secret,none,synthetic_v3,64,3.821874,0.734375,0.0,0.0,0,1,1,0,1,1,0,0,0,0,0,0
LGV3-000637,material,lantern summit bridge silver harbor,1,passphrase_secret,none,synthetic_v3,35,3.8973,0.0,0.0,0.114286,0,0,0,0,0,0,0,0,0,0,0,1
LGV3-000638,service_password,d98d1fc8-ddde-7dbb-b5f8-ff199773bbf6,1,uuid_shaped_secret,none,synthetic_v3,36,3.420099,0.388889,0.0,0.111111,1,1,1,1,0,0,0,0,0,0,0,0
LGV3-000639,commit_sha,5e9fe2bb3777f588091556573ae2d9260b116eb3,0,commit_hash,none,synthetic_v3,40,3.687326,0.7,0.0,0.0,0,1,1,0,1,1,0,0,0,1,0,0
LGV3-000640,value,UKBIttTXcJP97r-f.rG8zh84d_RsKvKSEZxdRh61uNOE.i36hkd0Pc__Ivd3Fq-FOFrYG,1,jwt_like_secret,none,synthetic_v3,69,5.242228,0.15942,0.391304,0.101449,0,1,1,0,0,0,0,0,0,0,1,0
LGV3-000641,database_password,ae23de87a3319118dd8ef7260108bc59,1,hex_secret,none,synthetic_v3,32,3.741729,0.65625,0.0,0.0,1,1,1,0,0,1,0,0,0,0,0,0
LGV3-000642,client_secret,94f3958e-1db6-ec47-02f0-e9854fcd747d,1,uuid_shaped_secret,none,synthetic_v3,36,3.842857,0.555556,0.0,0.111111,1,1,1,1,0,0,0,0,0,0,0,0
LGV3-000643,setting,timber ocean island forest orbit,1,passphrase_secret,none,synthetic_v3,32,3.757049,0.0,0.0,0.125,0,0,0,0,0,0,0,0,0,0,0,1
LGV3-000644,feature_mode,https://example.test/api,0,normal_config,none,synthetic_v3,24,3.490602,0.0,0.0,0.208333,0,1,0,0,0,0,0,1,0,0,0,0
LGV3-000645,database_password,65d98f5e3bff3f494afd91f839e029c809f804c0,1,hex_secret,none,synthetic_v3,40,3.605152,0.625,0.0,0.0,1,1,1,0,1,1,0,0,0,0,0,0
LGV3-000646,NEXT_PUBLIC_RELEASE_CHANNEL,stable,0,frontend_public_value,Next.js,synthetic_v3,6,2.584963,0.0,0.0,0.0,0,1,0,0,0,0,0,0,1,0,0,0
LGV3-000647,runtime_data,72d0bc2c-df6c-3d62-d8d4-2095f5585ffe,1,uuid_shaped_secret,none,synthetic_v3,36,3.659799,0.5,0.0,0.111111,0,1,1,1,0,0,0,0,0,0,0,0
LGV3-000648,jwt_example,aZVj2Ku5IrU9PGb7.6ycy7W70eczI4m3oEpDdmmUhmbQ.EbPgmDQGOGD7e82L7AuVGZN9,0,documentation_jwt,none,synthetic_v3,69,5.112451,0.217391,0.391304,0.028986,0,1,1,0,0,0,0,0,0,0,1,0
LGV3-000649,VITE_PUBLIC_REGION,eu-west,0,frontend_public_value,Vite,synthetic_v3,7,2.521641,0.0,0.0,0.142857,0,1,0,0,0,0,0,0,1,0,0,0
LGV3-000650,result,e3eca5c721f05184610f9a645403753f2775d2cc,1,hash_shaped_secret,none,synthetic_v3,40,3.768454,0.7,0.0,0.0,0,1,1,0,1,1,0,0,0,0,0,0
LGV3-000651,client_secret,QfGglX1ZvCipucnl.8cbxTah3ZEuVb6vzbWFa-8J9gbw.8sQ-daVUmtD1ED64Quk8d7ul,1,jwt_like_secret,none,synthetic_v3,69,5.206138,0.173913,0.275362,0.057971,1,1,1,0,0,0,0,0,0,0,1,0
LGV3-000652,NEXT_PUBLIC_ACCESS_TOKEN,D179iO-uDLp3kZo_Ax9cvnivDttbwc0r6ORc,1,client_exposed_secret,Next.js,synthetic_v3,36,4.627987,0.194444,0.25,0.055556,1,1,1,0,0,0,0,0,1,0,0,0
LGV3-000653,result,8fd4691d-ed10-7b56-eaa7-73df262d4839,1,uuid_shaped_secret,none,synthetic_v3,36,3.861052,0.555556,0.0,0.111111,0,1,1,1,0,0,0,0,0,0,0,0
LGV3-000654,VITE_PUBLIC_REGION,eu-west,0,frontend_public_value,Vite,synthetic_v3,7,2.521641,0.0,0.0,0.142857,0,1,0,0,0,0,0,0,1,0,0,0
LGV3-000655,trace_id,88bd9f09-04e3-5137-2d65-613ea243de6d,0,uuid_identifier,none,synthetic_v3,36,3.850209,0.611111,0.0,0.111111,0,1,1,1,0,0,0,0,0,1,0,0
LGV3-000656,artifact_digest,95de2e574d9e4ab82ff840bfed03ab905ba818b53cd3346947ef064ed03753da,0,artifact_digest,none,synthetic_v3,64,3.849642,0.59375,0.0,0.0,0,1,1,0,1,1,0,0,0,1,0,0
LGV3-000657,deployment_mode,service development preview runtime,0,safe_phrase,none,synthetic_v3,35,3.671582,0.0,0.0,0.085714,0,0,0,0,0,0,0,0,0,0,0,1
LGV3-000658,result,90a754a3-668d-7409-6037-45d0e03d23ca,1,uuid_shaped_secret,none,synthetic_v3,36,3.631478,0.666667,0.0,0.111111,0,1,1,1,0,0,0,0,0,0,0,0
LGV3-000659,api_key,69efd756ba7c80fba9e7358cb62a8292cbda2b76,1,hash_shaped_secret,none,synthetic_v3,40,3.675071,0.55,0.0,0.0,1,1,1,0,1,1,0,0,0,0,0,0
LGV3-000660,api_key,<redacted>,0,placeholder,none,synthetic_v3,10,2.921928,0.0,0.0,0.2,1,1,0,0,0,0,0,1,0,0,0,0
LGV3-000661,event_uuid,b7fb3e59-0aae-e5f3-36f7-80f222b626d1,0,uuid_identifier,none,synthetic_v3,36,3.752715,0.527778,0.0,0.111111,0,1,1,1,0,0,0,0,0,1,0,0
LGV3-000662,access_token,TOKEN_PLACEHOLDER,0,placeholder,none,synthetic_v3,17,3.572469,0.0,0.941176,0.058824,1,1,0,0,0,0,0,1,0,0,0,0
LGV3-000663,NEXT_PUBLIC_RELEASE_CHANNEL,stable,0,frontend_public_value,Next.js,synthetic_v3,6,2.584963,0.0,0.0,0.0,0,1,0,0,0,0,0,0,1,0,0,0
LGV3-000664,build_id,G9FFFFBKY01ABQMIK4NNRVKVC4,0,public_identifier,none,synthetic_v3,26,3.902175,0.192308,0.807692,0.0,0,1,1,0,0,0,0,0,0,1,0,0
LGV3-000665,api_key,13f8e6a0-4427-1d1a-752d-7b9c071fe730,1,uuid_shaped_secret,none,synthetic_v3,36,3.882021,0.611111,0.0,0.111111,1,1,1,1,0,0,0,0,0,0,0,0
LGV3-000666,api_key,EXAMPLE_ONLY_DO_NOT_USE,0,placeholder,none,synthetic_v3,23,3.588354,0.0,0.826087,0.173913,1,1,0,0,0,0,0,1,0,0,0,0
LGV3-000667,api_key,qmy@zFZ9T3Vmgm79F!sGvFDoF3gTGmwr,1,random_secret,none,synthetic_v3,32,4.1875,0.15625,0.34375,0.0625,1,1,1,0,0,0,0,0,0,0,0,0
LGV3-000668,customer_reference,78060DS2PEVXCIW8Y2KSUML4NW,0,public_identifier,none,synthetic_v3,26,4.315824,0.346154,0.653846,0.0,0,1,1,0,0,0,0,0,0,1,0,0
LGV3-000669,deployment_mode,service-development-region-stable,0,safe_phrase,none,synthetic_v3,33,3.819959,0.0,0.0,0.090909,0,1,0,0,0,0,0,0,0,0,0,1
LGV3-000670,material,timber-voyage-voyage-ocean-winter,1,passphrase_secret,none,synthetic_v3,33,3.737745,0.0,0.0,0.121212,0,1,0,0,0,0,0,0,0,0,0,1
LGV3-000671,trace_id,5970c66b-4bbc-afb0-3bc5-9ce103fc9956,0,uuid_identifier,none,synthetic_v3,36,3.573149,0.5,0.0,0.111111,0,1,1,1,0,0,0,0,0,1,0,0
LGV3-000672,access_token,16d4e968-2c2a-f309-8ca4-f11e3bc7d7ef,1,uuid_shaped_secret,none,synthetic_v3,36,3.919382,0.5,0.0,0.111111,1,1,1,1,0,0,0,0,0,0,0,0
LGV3-000673,public_id,BPGH7AP775QQCEZQX98WPCF7PT,0,public_identifier,none,synthetic_v3,26,3.825252,0.269231,0.730769,0.0,0,1,1,0,0,0,0,0,0,1,0,0
LGV3-000674,commit_sha,ecce4bbd700ff50a742d090f0a84ad5af67a21e3,0,commit_hash,none,synthetic_v3,40,3.768454,0.525,0.0,0.0,0,1,1,0,1,1,0,0,0,1,0,0
LGV3-000675,material,a363975a-06fe-a035-0324-b6ae5d339411,1,uuid_shaped_secret,none,synthetic_v3,36,3.676191,0.638889,0.0,0.111111,0,1,1,1,0,0,0,0,0,0,0,0
LGV3-000676,api_key,f537f0fc-3f21-3716-e2b1-11ab0ba1ca10,1,uuid_shaped_secret,none,synthetic_v3,36,3.484618,0.527778,0.0,0.111111,1,1,1,1,0,0,0,0,0,0,0,0
LGV3-000677,connector_value,_ZyNzcs-7UcZGWo4pDe3k$%5xUX!AmoO,1,random_secret,none,synthetic_v3,32,4.75,0.125,0.34375,0.15625,0,1,1,0,0,0,0,0,0,0,0,0
LGV3-000678,deployment_mode,preview-public-enable-release-development,0,safe_phrase,none,synthetic_v3,41,3.748426,0.0,0.0,0.097561,0,1,0,0,0,0,0,0,0,0,0,1
LGV3-000679,commit_sha,d17412c125173942f09bfe1fb391ebf673f5daf0,0,commit_hash,none,synthetic_v3,40,3.702078,0.625,0.0,0.0,0,1,1,0,1,1,0,0,0,1,0,0
LGV3-000680,customer_reference,E45QCX4S30HRIT8YI6KLXFXBLH,0,public_identifier,none,synthetic_v3,26,4.209867,0.269231,0.730769,0.0,0,1,1,0,0,0,0,0,0,1,0,0
LGV3-000681,value,NuVuKZIe7AMVNV-p.Z3E8fsJNzn3pBRzY3vRvzlFjO-o.YpdVkEaahd237cdXJ-V_55N5,1,jwt_like_secret,none,synthetic_v3,69,5.073973,0.15942,0.391304,0.086957,0,1,1,0,0,0,0,0,0,0,1,0
LGV3-000682,documentation_token,ARe-HDBdDFc0QyUA.jo0ndxhFG3srnongK-rQu6T-O1Y._JfUHkkUoU6CqBCzwfg4k8h6,0,documentation_jwt,none,synthetic_v3,69,5.242228,0.130435,0.362319,0.086957,1,1,1,0,0,0,0,0,0,0,1,0
LGV3-000683,database_password,${API_KEY},0,secret_reference,none,synthetic_v3,10,3.321928,0.0,0.6,0.4,1,1,0,0,0,0,1,0,0,0,0,0
LGV3-000684,result,6b8d40ddde627b5909d75426da46ebedd058e73d,1,hash_shaped_secret,none,synthetic_v3,40,3.464334,0.575,0.0,0.0,0,1,1,0,1,1,0,0,0,0,0,0
LGV3-000685,access_token,78016f2bbd08048d9a755d6a5c4b74e5828194227a49aa55398d87637d8e3e45,1,hash_shaped_secret,none,synthetic_v3,64,3.817738,0.71875,0.0,0.0,1,1,1,0,1,1,0,0,0,0,0,0
LGV3-000686,commit_sha,bf5a0d1bb3f558912aa4a8f88381a9ba3b22ed44,0,commit_hash,none,synthetic_v3,40,3.540469,0.575,0.0,0.0,0,1,1,0,1,1,0,0,0,1,0,0
LGV3-000687,result,058098e3-d635-a0e6-f709-3b1302f227d2,1,uuid_shaped_secret,none,synthetic_v3,36,3.736324,0.666667,0.0,0.111111,0,1,1,1,0,0,0,0,0,0,0,0
LGV3-000688,access_token,meadow.silver.voyage.meadow,1,passphrase_secret,none,synthetic_v3,27,3.633974,0.0,0.0,0.111111,1,1,0,0,0,0,0,0,0,0,0,1
LGV3-000689,connector_value,KHxGurPB1cx794t6.8lhbLZ2fy8iX4ztLFyH2ITdWOIs.8hPXh25M5fB2gOdN4HR_U0zI,1,jwt_like_secret,none,synthetic_v3,69,5.271214,0.246377,0.376812,0.043478,0,1,1,0,0,0,0,0,0,0,1,0
LGV3-000690,deployment_mode,runtime preview region application release,0,safe_phrase,none,synthetic_v3,42,3.784561,0.0,0.0,0.095238,0,0,0,0,0,0,0,0,0,0,0,1
LGV3-000691,material,fcdc3cbb-332b-d5e3-567d-c63df8a8c615,1,uuid_shaped_secret,none,synthetic_v3,36,3.573149,0.444444,0.0,0.111111,0,1,1,1,0,0,0,0,0,0,0,0
LGV3-000692,feature_mode,production,0,normal_config,none,synthetic_v3,10,3.121928,0.0,0.0,0.0,0,1,0,0,0,0,0,0,0,0,0,0
LGV3-000693,build_id,F61C5XJLP53CGAOIVUJ2OV3PF9,0,public_identifier,none,synthetic_v3,26,4.085055,0.307692,0.692308,0.0,0,1,1,0,0,0,0,0,0,1,0,0
LGV3-000694,signing_secret,##lnZHq#zS%ezHNbDBn0x1VJLWpSs6kQ,1,random_secret,none,synthetic_v3,32,4.60141,0.09375,0.40625,0.125,1,1,1,0,0,0,0,0,0,0,0,0
LGV3-000695,log_level,enabled,0,normal_config,none,synthetic_v3,7,2.521641,0.0,0.0,0.0,0,1,0,0,0,0,0,0,0,0,0,0
LGV3-000696,payload,44alQ%pypdfF0OWh6sPzjY9wo8mRohq0,1,random_secret,none,synthetic_v3,32,4.6875,0.21875,0.21875,0.03125,0,1,1,0,0,0,0,0,0,0,0,0
LGV3-000697,value,canyon harbor amber orbit,1,passphrase_secret,none,synthetic_v3,25,3.483074,0.0,0.0,0.12,0,0,0,0,0,0,0,0,0,0,0,1
LGV3-000698,jwt_example,1iv5znDKLuuyfgZK.GMd_ct255fhEYDYtYv37dTGDU5c.woHC8TXjbCy3lLr4Sct8zehB,0,documentation_jwt,none,synthetic_v3,69,5.282154,0.173913,0.347826,0.043478,0,1,1,0,0,0,0,0,0,0,1,0
LGV3-000699,commit_sha,cd28b7c9d66919feddae2a9e74da1b6750864dda,0,commit_hash,none,synthetic_v3,40,3.692897,0.525,0.0,0.0,0,1,1,0,1,1,0,0,0,1,0,0
LGV3-000700,runtime_data,594199f2-01a8-39f7-d68e-22da64db21c9,1,uuid_shaped_secret,none,synthetic_v3,36,3.861052,0.611111,0.0,0.111111,0,1,1,1,0,0,0,0,0,0,0,0
LGV3-000701,artifact_digest,48a4517a610c232776e20e800daaac95db065902dcc9009ae64c55d453ed1fa2,0,artifact_digest,none,synthetic_v3,64,3.820313,0.640625,0.0,0.0,0,1,1,0,1,1,0,0,0,1,0,0
LGV3-000702,session_data,Z-Ly$J#F6aR8oQwLJi_WF_$WPxrOPbdT,1,random_secret,none,synthetic_v3,32,4.5625,0.0625,0.46875,0.1875,0,1,1,0,0,0,0,0,0,0,0,0
LGV3-000703,result,orbit orbit island winter,1,passphrase_secret,none,synthetic_v3,25,3.51327,0.0,0.0,0.12,0,0,0,0,0,0,0,0,0,0,0,1
LGV3-000704,material,%xV%9Ug_YTPyegJIR6KRNNA!1tN0rfKo,1,random_secret,none,synthetic_v3,32,4.60141,0.125,0.46875,0.125,0,1,1,0,0,0,0,0,0,0,0,0
LGV3-000705,commit_sha,1d9b046a34303a2d34e3e87d07daa2ceae973b36,0,commit_hash,none,synthetic_v3,40,3.583783,0.6,0.0,0.0,0,1,1,0,1,1,0,0,0,1,0,0
LGV3-000706,event_uuid,5cca2fbb-b6d8-2512-5e67-200b63bf5d78,0,uuid_identifier,none,synthetic_v3,36,3.715355,0.527778,0.0,0.111111,0,1,1,1,0,0,0,0,0,1,0,0
LGV3-000707,commit_sha,6bab4df445619dfbd703b5a18b061a87548310f3,0,commit_hash,none,synthetic_v3,40,3.63071,0.65,0.0,0.0,0,1,1,0,1,1,0,0,0,1,0,0
LGV3-000708,connector_value,158a6d5d-879a-7b17-a1fa-903844607d37,1,uuid_shaped_secret,none,synthetic_v3,36,3.673417,0.638889,0.0,0.111111,0,1,1,1,0,0,0,0,0,0,0,0
LGV3-000709,connector_value,zckaUgi1upVrnKOp.kdTQe2RW25I9LcHiAUEgXwI0TZM.2-HFqNeeoZq8QZuahXDsZukE,1,jwt_like_secret,none,synthetic_v3,69,5.31114,0.115942,0.42029,0.043478,0,1,1,0,0,0,0,0,0,0,1,0
LGV3-000710,database_password,d1ce9973-cd64-2cd4-a1ff-7ba34a896491,1,uuid_shaped_secret,none,synthetic_v3,36,3.752715,0.527778,0.0,0.111111,1,1,1,1,0,0,0,0,0,0,0,0
LGV3-000711,feature_mode,https://example.test/api,0,normal_config,none,synthetic_v3,24,3.490602,0.0,0.0,0.208333,0,1,0,0,0,0,0,1,0,0,0,0
LGV3-000712,material,meadow amber timber meteor meadow voyage,1,passphrase_secret,none,synthetic_v3,40,3.531287,0.0,0.0,0.125,0,0,0,0,0,0,0,0,0,0,0,1
LGV3-000713,VITE_PUBLIC_REGION,public-dashboard,0,frontend_public_value,Vite,synthetic_v3,16,3.625,0.0,0.0,0.0625,0,1,0,0,0,0,0,0,1,0,0,0
LGV3-000714,value,a54ea21a-3f02-4584-f06e-c38c2dc23a39,1,uuid_shaped_secret,none,synthetic_v3,36,3.739098,0.555556,0.0,0.111111,0,1,1,1,0,0,0,0,0,0,0,0
LGV3-000715,VITE_CLIENT_SECRET,RgyOYgeiFPERE4QuL3MZRIrqtQwNDNs7-Ryt,1,client_exposed_secret,Vite,synthetic_v3,36,4.614369,0.083333,0.527778,0.027778,1,1,1,0,0,0,0,0,1,0,0,0
LGV3-000716,deployment_mode,service-stable-stable-enable,0,safe_phrase,none,synthetic_v3,28,3.332919,0.0,0.0,0.107143,0,1,0,0,0,0,0,0,0,0,0,1
LGV3-000717,VITE_PUBLIC_REGION,preview,0,frontend_public_value,Vite,synthetic_v3,7,2.521641,0.0,0.0,0.0,0,1,0,0,0,0,0,0,1,0,0,0
LGV3-000718,commit_sha,6d71d37a63f623c6c8f0d9f65f89e2011d46664f,0,commit_hash,none,synthetic_v3,40,3.643943,0.675,0.0,0.0,0,1,1,0,1,1,0,0,0,1,0,0
LGV3-000719,session_data,883b15ce3377263f1ed9eefef482fd163d47e4be,1,hash_shaped_secret,none,synthetic_v3,40,3.596039,0.575,0.0,0.0,0,1,1,0,1,1,0,0,0,0,0,0
LGV3-000720,signing_secret,199a957b86a1148d50e537021cdb7009adb55a6e12f2a9a1,1,hex_secret,none,synthetic_v3,48,3.76708,0.666667,0.0,0.0,1,1,1,0,0,1,0,0,0,0,0,0
LGV3-000721,database_password,YOUR_API_KEY_HERE,0,placeholder,none,synthetic_v3,17,3.29277,0.0,0.823529,0.176471,1,1,0,0,0,0,0,1,0,0,0,0
LGV3-000722,database_password,UujvMXOyPWJYzmip.Ntngf_1dg8APZhMC9GX-x-vFBSE.hE1OVqGgydDxH_lBfSFvhzSB,1,jwt_like_secret,none,synthetic_v3,69,5.300199,0.057971,0.449275,0.086957,1,1,1,0,0,0,0,0,0,0,1,0
LGV3-000723,token_example,jGBK4LG7K-Z0O1II.yLoNznRi8d67FT_g_hGaETGXfXs.U55dXUNNDIVGXWa1PxXogJ6T,0,documentation_jwt,none,synthetic_v3,69,5.188467,0.15942,0.521739,0.072464,1,1,1,0,0,0,0,0,0,0,1,0
LGV3-000724,runtime_data,meadow.harbor.voyage.timber.crystal.lantern,1,passphrase_secret,none,synthetic_v3,43,3.976528,0.0,0.0,0.116279,0,1,0,0,0,0,0,0,0,0,0,1
LGV3-000725,payload,meadow harbor amber island,1,passphrase_secret,none,synthetic_v3,26,3.642371,0.0,0.0,0.115385,0,0,0,0,0,0,0,0,0,0,0,1
LGV3-000726,payload,4b80ca31-b30f-a10b-929f-fd987bb06bab,1,uuid_shaped_secret,none,synthetic_v3,36,3.616699,0.472222,0.0,0.111111,0,1,1,1,0,0,0,0,0,0,0,0
LGV3-000727,value,df16iihSMs7YSMEV.HWgpF9GD_d2Wrq2fm0_MVoWSsBo.q3NUceIBSabyTgXDQOyPz3Iy,1,jwt_like_secret,none,synthetic_v3,69,5.351066,0.130435,0.434783,0.057971,0,1,1,0,0,0,0,0,0,0,1,0
LGV3-000728,jwt_example,IUdSiVZuW12zSPSH.uJy5_FL6AxzdlTyGl5S3rrEy4aI.H4EZo8Hhcg7tT6_tjGKV9e2p,0,documentation_jwt,none,synthetic_v3,69,5.33302,0.188406,0.391304,0.057971,0,1,1,0,0,0,0,0,0,0,1,0
LGV3-000729,NEXT_PUBLIC_ACCESS_TOKEN,qEL5iXpy4iaKj7boEPaL2aeJQwHx7VeEWYxU,1,client_exposed_secret,Next.js,synthetic_v3,36,4.627987,0.138889,0.416667,0.0,1,1,1,0,0,0,0,0,1,0,0,0
LGV3-000730,result,bridge.lantern.lantern.silver.summit.silver,1,passphrase_secret,none,synthetic_v3,43,3.697458,0.0,0.0,0.116279,0,1,0,0,0,0,0,0,0,0,0,1
LGV3-000731,token_example,bAPozNlOprvdLUIf.AsfvUBbjc-ic9r4diTjI-t5DZgg.6slP2u9pb2OB6gOfrbYhAK5l,0,documentation_jwt,none,synthetic_v3,69,5.08636,0.130435,0.304348,0.057971,1,1,1,0,0,0,0,0,0,0,1,0
LGV3-000732,checksum,30995ee977eb5f1aa60103dc733256364ed0acf58bbdb088da360e3ea75d8ba6,0,artifact_digest,none,synthetic_v3,64,3.822277,0.59375,0.0,0.0,0,1,1,0,1,1,0,0,0,1,0,0
LGV3-000733,signing_secret,winter-winter-crystal-island-canyon-lantern,1,passphrase_secret,none,synthetic_v3,43,3.623339,0.0,0.0,0.116279,1,1,0,0,0,0,0,0,0,0,0,1
LGV3-000734,session_data,601aYk1lNPwYWGXpsa0$NVm!IbeTGU0I,1,random_secret,none,synthetic_v3,32,4.47641,0.1875,0.4375,0.0625,0,1,1,0,0,0,0,0,0,0,0,0
LGV3-000735,session_data,177933b5d2bf52d371efc3ee305981ec0902d73bbc02c8a284f66ef0064d5bbd,1,hash_shaped_secret,none,synthetic_v3,64,3.900347,0.609375,0.0,0.0,0,1,1,0,1,1,0,0,0,0,0,0
LGV3-000736,checksum,d837573c4fd0d8ac0150d2aa7d61e3253ac26d29226aeb0788fbe0b8bd96eead,0,artifact_digest,none,synthetic_v3,64,3.853777,0.5625,0.0,0.0,0,1,1,0,1,1,0,0,0,1,0,0
LGV3-000737,runtime_data,w@92o!5SaqaEfW$sXWZ-wTo3CToAtRO%,1,random_secret,none,synthetic_v3,32,4.60141,0.125,0.375,0.15625,0,1,1,0,0,0,0,0,0,0,0,0
LGV3-000738,image_digest,bc99f714e12fb9f584eb07fe34ce5393f323d33ba3eb86badd91f6740651a41f,0,artifact_digest,none,synthetic_v3,64,3.853527,0.59375,0.0,0.0,0,1,1,0,1,1,0,0,0,1,0,0
LGV3-000739,signing_secret,${DATABASE_PASSWORD},0,secret_reference,none,synthetic_v3,20,3.584184,0.0,0.8,0.2,1,1,0,0,0,0,1,0,0,0,0,0
LGV3-000740,VITE_PUBLIC_REGION,public-dashboard,0,frontend_public_value,Vite,synthetic_v3,16,3.625,0.0,0.0,0.0625,0,1,0,0,0,0,0,0,1,0,0,0
LGV3-000741,api_key,$env:ACCESS_TOKEN,0,secret_reference,none,synthetic_v3,17,3.734522,0.0,0.647059,0.176471,1,1,1,0,0,0,1,0,0,0,0,0
LGV3-000742,access_token,${API_KEY},0,secret_reference,none,synthetic_v3,10,3.321928,0.0,0.6,0.4,1,1,0,0,0,0,1,0,0,0,0,0
LGV3-000743,session_data,zBz_RraqZfJtWj0Z.vZgIiOBJvHbScRLgM7J_7PxgKC4.lMe4QDl3D_2iVbFdj0IKiEWm,1,jwt_like_secret,none,synthetic_v3,69,5.300199,0.115942,0.434783,0.072464,0,1,1,0,0,0,0,0,0,0,1,0
LGV3-000744,customer_reference,2592XFEJ51AI9RW9203GR4OOJ4,0,public_identifier,none,synthetic_v3,26,3.950064,0.5,0.5,0.0,0,1,1,0,0,0,0,0,0,1,0,0
LGV3-000745,result,5bb77438-c974-1c5b-c226-e4868322277f,1,uuid_shaped_secret,none,synthetic_v3,36,3.607735,0.666667,0.0,0.111111,0,1,1,1,0,0,0,0,0,0,0,0
LGV3-000746,artifact_digest,15d0d59f3f31f0e707625ae49c5229a4f2b60cf27ad7984ce095e0145a973b05,0,artifact_digest,none,synthetic_v3,64,3.864669,0.671875,0.0,0.0,0,1,1,0,1,1,0,0,0,1,0,0
LGV3-000747,VITE_PUBLIC_REGION,preview,0,frontend_public_value,Vite,synthetic_v3,7,2.521641,0.0,0.0,0.0,0,1,0,0,0,0,0,0,1,0,0,0
LGV3-000748,client_secret,4acbdae6f04e0442b6e4d50983eebbd0576eebc2,1,hash_shaped_secret,none,synthetic_v3,40,3.612415,0.5,0.0,0.0,1,1,1,0,1,1,0,0,0,0,0,0
LGV3-000749,token_example,R3_H847CCG-x_foK.xba8EluyPv-5zFKBDplO8n94yDo.eyJdY5hJxMpu18m46v1pmjf_,0,documentation_jwt,none,synthetic_v3,69,5.242228,0.217391,0.26087,0.101449,1,1,1,0,0,0,0,0,0,0,1,0
LGV3-000750,database_password,EXAMPLE_ONLY_DO_NOT_USE,0,placeholder,none,synthetic_v3,23,3.588354,0.0,0.826087,0.173913,1,1,0,0,0,0,0,1,0,0,0,0
LGV3-000751,value,502afae3dcfa78a72f855e736c016be2098a160b54fd0ac577a27eb060585cd9,1,hash_shaped_secret,none,synthetic_v3,64,3.844156,0.609375,0.0,0.0,0,1,1,0,1,1,0,0,0,0,0,0
LGV3-000752,value,silver.ocean.winter.crystal.island,1,passphrase_secret,none,synthetic_v3,34,3.755574,0.0,0.0,0.117647,0,1,0,0,0,0,0,0,0,0,0,1
LGV3-000753,runtime_data,055e6bd240286d98f4c3c4231baecad3781b85789cc23f34d6b9df59a2d4335a,1,hash_shaped_secret,none,synthetic_v3,64,3.895012,0.625,0.0,0.0,0,1,1,0,1,1,0,0,0,0,0,0
LGV3-000754,access_token,29633847-58d1-08d7-9791-bc061e9be04a,1,uuid_shaped_secret,none,synthetic_v3,36,3.863826,0.666667,0.0,0.111111,1,1,1,1,0,0,0,0,0,0,0,0
LGV3-000755,customer_reference,ZKSV6ZNEUVWLR2KD0IS68DNY9I,0,public_identifier,none,synthetic_v3,26,4.085055,0.230769,0.769231,0.0,0,1,1,0,0,0,0,0,0,1,0,0
LGV3-000756,environment,enabled,0,normal_config,none,synthetic_v3,7,2.521641,0.0,0.0,0.0,0,1,0,0,0,0,0,0,0,0,0,0
LGV3-000757,result,bDCo0dVROTRIq1tg.QevaRj1C6n6v1KdPzio7YsXx8aI.LdJN3WMAE72CzU1UEukiIoTq,1,jwt_like_secret,none,synthetic_v3,69,5.329185,0.173913,0.42029,0.028986,0,1,1,0,0,0,0,0,0,0,1,0
LGV3-000758,event_uuid,d947e8ea-5302-7009-6214-b7f183bcfefe,0,uuid_identifier,none,synthetic_v3,36,3.940351,0.555556,0.0,0.111111,0,1,1,1,0,0,0,0,0,1,0,0
LGV3-000759,api_key,704fe87bbeae7606687bcb1de1d6b871,1,hex_secret,none,synthetic_v3,32,3.352217,0.5625,0.0,0.0,1,1,1,0,0,1,0,0,0,0,0,0
LGV3-000760,session_data,@r_a2nYJ!wmEFxU3j!VdL66isuCbnEII,1,random_secret,none,synthetic_v3,32,4.6875,0.125,0.34375,0.125,0,1,1,0,0,0,0,0,0,0,0,0
LGV3-000761,material,mfYRBv0gwxSJsU-i.wLVUbmq9uHMCtS63IcAExwhBVGA.n6kcRcdq538AqLQlN0EU9X-G,1,jwt_like_secret,none,synthetic_v3,69,5.329185,0.144928,0.42029,0.057971,0,1,1,0,0,0,0,0,0,0,1,0
LGV3-000762,payload,OrUcgMsVFKuv-ZAj.wOJwPNuAP6kFNX7l2J12v7VRmnU.LTd2w9FX_HIaxNWK5Hnkq8hE,1,jwt_like_secret,none,synthetic_v3,69,5.398096,0.144928,0.463768,0.057971,0,1,1,0,0,0,0,0,0,0,1,0
LGV3-000763,release_description,public development production runtime,0,safe_phrase,none,synthetic_v3,37,3.823394,0.0,0.0,0.081081,0,0,0,0,0,0,0,0,0,0,0,1
LGV3-000764,token_example,bW9tiL9rtH8SGodz.L0d4O0FftuYlz612pIFYdoEDENg.FpZHPa_9-z-sfviBFDVUtQZ1,0,documentation_jwt,none,synthetic_v3,69,5.264109,0.15942,0.391304,0.072464,1,1,1,0,0,0,0,0,0,0,1,0
LGV3-000765,NEXT_PUBLIC_API_KEY,Ai7MAeCmVyhUsk_FoBrgv-xO9anAbaLFRrIz,1,client_exposed_secret,Next.js,synthetic_v3,36,4.871178,0.055556,0.388889,0.055556,1,1,1,0,0,0,0,0,1,0,0,0
LGV3-000766,client_secret,935a8d6619aeb2504da349f6c1656af06e0b201a0aa4f8df245743ade2b8db55,1,hash_shaped_secret,none,synthetic_v3,64,3.849642,0.609375,0.0,0.0,1,1,1,0,1,1,0,0,0,0,0,0
LGV3-000767,service_password,TOKEN_PLACEHOLDER,0,placeholder,none,synthetic_v3,17,3.572469,0.0,0.941176,0.058824,1,1,0,0,0,0,0,1,0,0,0,0
LGV3-000768,build_id,SQ6YNQ28A360MYJ6VDMXMHUQTL,0,public_identifier,none,synthetic_v3,26,4.074876,0.269231,0.730769,0.0,0,1,1,0,0,0,0,0,0,1,0,0
LGV3-000769,VITE_PUBLIC_REGION,eu-west,0,frontend_public_value,Vite,synthetic_v3,7,2.521641,0.0,0.0,0.142857,0,1,0,0,0,0,0,0,1,0,0,0
LGV3-000770,result,s5JOryostz089g90hg19l-NPxTN1T2Y4,1,random_secret,none,synthetic_v3,32,4.47641,0.34375,0.25,0.03125,0,1,1,0,0,0,0,0,0,0,0,0
LGV3-000771,application_setting,preview-default-runtime-preview,0,safe_phrase,none,synthetic_v3,31,3.67115,0.0,0.0,0.096774,0,1,0,0,0,0,0,0,0,0,0,1
LGV3-000772,VITE_API_KEY,Docc0zALSLPw_gGcx8QNTsl68HTDBEcNvyR2,1,client_exposed_secret,Vite,synthetic_v3,36,4.669925,0.138889,0.472222,0.027778,1,1,1,0,0,0,0,0,1,0,0,0
LGV3-000773,access_token,2c019cd0-882f-a9a9-c998-8c216db2ac85,1,uuid_shaped_secret,none,synthetic_v3,36,3.459264,0.555556,0.0,0.111111,1,1,1,1,0,0,0,0,0,0,0,0
LGV3-000774,result,J6l_A%43@ZCWJ-XVKqzNOaJJ1V88AfWh,1,random_secret,none,synthetic_v3,32,4.5,0.1875,0.5,0.125,0,1,1,0,0,0,0,0,0,0,0,0
LGV3-000775,VITE_CLIENT_SECRET,u2uxBoQkqI7Wuy87QX1Djf_5exTQqjfKazk-,1,client_exposed_secret,Vite,synthetic_v3,36,4.572431,0.166667,0.277778,0.055556,1,1,1,0,0,0,0,0,1,0,0,0
LGV3-000776,image_digest,224e3a9789e18300b79398c024ac319a9b2a87e254f723d10c802814674588c6,0,artifact_digest,none,synthetic_v3,64,3.806958,0.765625,0.0,0.0,0,1,1,0,1,1,0,0,0,1,0,0
LGV3-000777,customer_reference,ALXJOH7GF7ZO7D200W4ZHGKIUU,0,public_identifier,none,synthetic_v3,26,4.056021,0.269231,0.730769,0.0,0,1,1,0,0,0,0,0,0,1,0,0
LGV3-000778,runtime_data,760de46b2c3d1010c630a23fceef3b0157afd86c415957e7,1,hex_secret,none,synthetic_v3,48,3.879248,0.625,0.0,0.0,0,1,1,0,0,1,0,0,0,0,0,0
LGV3-000779,VITE_PUBLIC_REGION,preview,0,frontend_public_value,Vite,synthetic_v3,7,2.521641,0.0,0.0,0.0,0,1,0,0,0,0,0,0,1,0,0,0
LGV3-000780,build_id,M1TFCNJU20S12FSQQO6IEL3OL3,0,public_identifier,none,synthetic_v3,26,4.085055,0.307692,0.692308,0.0,0,1,1,0,0,0,0,0,0,1,0,0
LGV3-000781,access_token,deAhdCUreKYA8vGz.Cp7u06Ufhpc9IdnwZnWY5vJInqE.YACyi-bdsbI0houF4QJdOERy,1,jwt_like_secret,none,synthetic_v3,69,5.20796,0.115942,0.376812,0.043478,1,1,1,0,0,0,0,0,0,0,1,0
LGV3-000782,database_password,cdca42a7aa2ca9310509e761ad32fb38328291cd,1,hash_shaped_secret,none,synthetic_v3,40,3.737326,0.6,0.0,0.0,1,1,1,0,1,1,0,0,0,0,0,0
LGV3-000783,signing_secret,sBro5kBCVleZnJ4m.ePQ-NjTj60MXwndzW9vhne52ThQ.BWrEUwRjVugPS_1awMciCeDA,1,jwt_like_secret,none,synthetic_v3,69,5.398096,0.115942,0.391304,0.057971,1,1,1,0,0,0,0,0,0,0,1,0
LGV3-000784,payload,meteor-harbor-timber-silver,1,passphrase_secret,none,synthetic_v3,27,3.482127,0.0,0.0,0.111111,0,1,0,0,0,0,0,0,0,0,0,1
LGV3-000785,event_uuid,b33d3df5-c5f7-b1d1-9d69-0c01e66bdbd3,0,uuid_identifier,none,synthetic_v3,36,3.530493,0.472222,0.0,0.111111,0,1,1,1,0,0,0,0,0,1,0,0
LGV3-000786,environment,enabled,0,normal_config,none,synthetic_v3,7,2.521641,0.0,0.0,0.0,0,1,0,0,0,0,0,0,0,0,0,0
LGV3-000787,api_key,N3IbRAc3b6ui7DBT.oP4HMuM-CTnQ1H-b7YmhF4xg4oA.herQekSvOzw6mzr569hyKSGv,1,jwt_like_secret,none,synthetic_v3,69,5.340125,0.188406,0.347826,0.057971,1,1,1,0,0,0,0,0,0,0,1,0
LGV3-000788,payload,1ee51dd95fcc9a2a65e77bf98c576c56aab9980b97e3fec90f90b5bd0cf98928,1,hash_shaped_secret,none,synthetic_v3,64,3.740976,0.5625,0.0,0.0,0,1,1,0,1,1,0,0,0,0,0,0
LGV3-000789,application_setting,service-default-production-runtime,0,safe_phrase,none,synthetic_v3,34,3.917626,0.0,0.0,0.088235,0,1,0,0,0,0,0,0,0,0,0,1
LGV3-000790,client_secret,$env:ACCESS_TOKEN,0,secret_reference,none,synthetic_v3,17,3.734522,0.0,0.647059,0.176471,1,1,1,0,0,0,1,0,0,0,0,0
LGV3-000791,access_token,9Z74hcGIggUH7Ldr.lLKPtfaUkHEXltzZsoq2eeYfam0.vDwUD6a3cjCqE6JYxG0q7JRY,1,jwt_like_secret,none,synthetic_v3,69,5.300199,0.15942,0.376812,0.028986,1,1,1,0,0,0,0,0,0,0,1,0
LGV3-000792,database_password,88f90a61-33ce-c4b1-ae3f-c308a2b50676,1,uuid_shaped_secret,none,synthetic_v3,36,3.842857,0.555556,0.0,0.111111,1,1,1,1,0,0,0,0,0,0,0,0
LGV3-000793,deployment_mode,default-preview-release-region-enable,0,safe_phrase,none,synthetic_v3,37,3.728535,0.0,0.0,0.108108,0,1,0,0,0,0,0,0,0,0,0,1
LGV3-000794,access_token,ee214c9e-4ee8-7518-850d-9e84894af043,1,uuid_shaped_secret,none,synthetic_v3,36,3.573149,0.611111,0.0,0.111111,1,1,1,1,0,0,0,0,0,0,0,0
LGV3-000795,value,e33087a0-195c-fc98-a8c1-2f77ae1da053,1,uuid_shaped_secret,none,synthetic_v3,36,3.710777,0.555556,0.0,0.111111,0,1,1,1,0,0,0,0,0,0,0,0
LGV3-000796,signing_secret,${DATABASE_PASSWORD},0,secret_reference,none,synthetic_v3,20,3.584184,0.0,0.8,0.2,1,1,0,0,0,0,1,0,0,0,0,0
LGV3-000797,jwt_example,8r1mcTOIPRO2FBEL.MI7tOd5clsB4TCB6seQHXuEcTCA.2YUsusbv6QlDu58sH3V3OWDm,0,documentation_jwt,none,synthetic_v3,69,5.142884,0.188406,0.478261,0.028986,0,1,1,0,0,0,0,0,0,0,1,0
LGV3-000798,commit_sha,840edd48fababbdf3a76bc3774a2212f646f349d,0,commit_hash,none,synthetic_v3,40,3.706198,0.55,0.0,0.0,0,1,1,0,1,1,0,0,0,1,0,0
LGV3-000799,service_url,https://example.test/api,0,normal_config,none,synthetic_v3,24,3.490602,0.0,0.0,0.208333,0,1,0,0,0,0,0,1,0,0,0,0
LGV3-000800,VITE_PUBLIC_REGION,eu-west,0,frontend_public_value,Vite,synthetic_v3,7,2.521641,0.0,0.0,0.142857,0,1,0,0,0,0,0,0,1,0,0,0
LGV3-000801,service_url,debug,0,normal_config,none,synthetic_v3,5,2.321928,0.0,0.0,0.0,0,1,0,0,0,0,0,0,0,0,0,0
LGV3-000802,value,voyage voyage silver harbor ocean amber,1,passphrase_secret,none,synthetic_v3,39,3.70633,0.0,0.0,0.128205,0,0,0,0,0,0,0,0,0,0,0,1
LGV3-000803,value,b17fc819-e47b-39aa-a30c-94f9de666f21,1,uuid_shaped_secret,none,synthetic_v3,36,3.863826,0.527778,0.0,0.111111,0,1,1,1,0,0,0,0,0,0,0,0
LGV3-000804,NEXT_PUBLIC_RELEASE_CHANNEL,public-dashboard,0,frontend_public_value,Next.js,synthetic_v3,16,3.625,0.0,0.0,0.0625,0,1,0,0,0,0,0,0,1,0,0,0
LGV3-000805,setting,5a4c83528b719250f45699a7a2085c74bce5b483,1,hex_secret,none,synthetic_v3,40,3.720951,0.725,0.0,0.0,0,1,1,0,1,1,0,0,0,0,0,0
LGV3-000806,api_key,EVtMUOCYwCf!XHbIROKALEx$E%bSH@-8,1,random_secret,none,synthetic_v3,32,4.60141,0.03125,0.625,0.15625,1,1,1,0,0,0,0,0,0,0,0,0
LGV3-000807,environment,production,0,normal_config,none,synthetic_v3,10,3.121928,0.0,0.0,0.0,0,1,0,0,0,0,0,0,0,0,0,0
LGV3-000808,jwt_example,xMBNIYPgrJXvhcjz.F36WPzuJ3J3fE7UoXxmc2t-lLQo.7lDh0YysdXX-FfQ5QjqR_fOZ,0,documentation_jwt,none,synthetic_v3,69,5.340125,0.130435,0.405797,0.072464,0,1,1,0,0,0,0,0,0,0,1,0
LGV3-000809,artifact_digest,4f3c55be44ed2e63156ddf452f0659277fd55159828c0078b08f5ba678578a32,0,artifact_digest,none,synthetic_v3,64,3.846521,0.703125,0.0,0.0,0,1,1,0,1,1,0,0,0,1,0,0
LGV3-000810,access_token,amber.silver.meadow.meadow.crystal.crystal,1,passphrase_secret,none,synthetic_v3,42,3.833176,0.0,0.0,0.119048,1,1,0,0,0,0,0,0,0,0,0,1
LGV3-000811,setting,91824349-1903-c74b-6b64-198307a6ef75,1,uuid_shaped_secret,none,synthetic_v3,36,3.808271,0.722222,0.0,0.111111,0,1,1,1,0,0,0,0,0,0,0,0
LGV3-000812,client_secret,8f6ad905aef0227493c6707df85fbc84a6592c42,1,hash_shaped_secret,none,synthetic_v3,40,3.802078,0.65,0.0,0.0,1,1,1,0,1,1,0,0,0,0,0,0
LGV3-000813,access_token,S!jsMQ87rgZ@b6tY8y$5S$A$cclzTCHo,1,random_secret,none,synthetic_v3,32,4.66391,0.15625,0.3125,0.15625,1,1,1,0,0,0,0,0,0,0,0,0
LGV3-000814,NEXT_PUBLIC_ACCESS_TOKEN,4SWjOxZPXPrnsSDuIoiR7i1dWt2XesWYvabg,1,client_exposed_secret,Next.js,synthetic_v3,36,4.760067,0.111111,0.416667,0.0,1,1,1,0,0,0,0,0,1,0,0,0
LGV3-000815,commit_sha,53806f26d1a48515b64bf5c8702bf4701bcafde9,0,commit_hash,none,synthetic_v3,40,3.877567,0.625,0.0,0.0,0,1,1,0,1,1,0,0,0,1,0,0
LGV3-000816,access_token,6f211f708ef3aa0890a4038c8255d648f41ee322,1,hash_shaped_secret,none,synthetic_v3,40,3.737326,0.7,0.0,0.0,1,1,1,0,1,1,0,0,0,0,0,0
LGV3-000817,value,6155999636fdf5261a69821002e8d83767e76458775990f1,1,hex_secret,none,synthetic_v3,48,3.613187,0.833333,0.0,0.0,0,1,1,0,0,1,0,0,0,0,0,0
LGV3-000818,NEXT_PUBLIC_RELEASE_CHANNEL,eu-west,0,frontend_public_value,Next.js,synthetic_v3,7,2.521641,0.0,0.0,0.142857,0,1,0,0,0,0,0,0,1,0,0,0
LGV3-000819,feature_mode,https://example.test/api,0,normal_config,none,synthetic_v3,24,3.490602,0.0,0.0,0.208333,0,1,0,0,0,0,0,1,0,0,0,0
LGV3-000820,request_id,b9617edb-d537-20a6-83e7-4fe3509570de,0,uuid_identifier,none,synthetic_v3,36,3.808271,0.583333,0.0,0.111111,0,1,1,1,0,0,0,0,0,1,0,0
LGV3-000821,database_password,YOUR_API_KEY_HERE,0,placeholder,none,synthetic_v3,17,3.29277,0.0,0.823529,0.176471,1,1,0,0,0,0,0,1,0,0,0,0
LGV3-000822,api_key,16aee815be0b3ee99feb69ace9832d99807bf2a3f0ac907b5d8829e2930b4f0e,1,hash_shaped_secret,none,synthetic_v3,64,3.754877,0.578125,0.0,0.0,1,1,1,0,1,1,0,0,0,0,0,0
LGV3-000823,client_secret,TOKEN_PLACEHOLDER,0,placeholder,none,synthetic_v3,17,3.572469,0.0,0.941176,0.058824,1,1,0,0,0,0,0,1,0,0,0,0
LGV3-000824,NEXT_PUBLIC_RELEASE_CHANNEL,public-dashboard,0,frontend_public_value,Next.js,synthetic_v3,16,3.625,0.0,0.0,0.0625,0,1,0,0,0,0,0,0,1,0,0,0
LGV3-000825,application_setting,production-release-production-preview-service,0,safe_phrase,none,synthetic_v3,45,3.785833,0.0,0.0,0.088889,0,1,0,0,0,0,0,0,0,0,0,1
LGV3-000826,NEXT_PUBLIC_ACCESS_TOKEN,S-TxdSyz_dB0BdBwBE-91FncOk2nYDimjfdT,1,client_exposed_secret,Next.js,synthetic_v3,36,4.503258,0.111111,0.361111,0.083333,1,1,1,0,0,0,0,0,1,0,0,0
LGV3-000827,feature_mode,https://example.test/api,0,normal_config,none,synthetic_v3,24,3.490602,0.0,0.0,0.208333,0,1,0,0,0,0,0,1,0,0,0,0
LGV3-000828,VITE_CLIENT_SECRET,z6zXd-BzPPISG-MBnxGE_yVV6cq4lCtMagjb,1,client_exposed_secret,Vite,synthetic_v3,36,4.648956,0.083333,0.416667,0.083333,1,1,1,0,0,0,0,0,1,0,0,0
LGV3-000829,result,tcZ1HIWILGsuY_nGrPVt8q##mlhYxEkx,1,random_secret,none,synthetic_v3,32,4.625,0.0625,0.40625,0.09375,0,1,1,0,0,0,0,0,0,0,0,0
LGV3-000830,client_secret,dccac971-5ae4-e6c3-67c8-a6fc156e495f,1,uuid_shaped_secret,none,synthetic_v3,36,3.620635,0.472222,0.0,0.111111,1,1,1,1,0,0,0,0,0,0,0,0
LGV3-000831,result,vQXUNYAUn2Zi!SZZNcTp6FvO6Hzi$fj0,1,random_secret,none,synthetic_v3,32,4.53891,0.125,0.5,0.0625,0,1,1,0,0,0,0,0,0,0,0,0
LGV3-000832,event_uuid,25fe4b77-7dca-39de-f3e5-c59cec8e23e4,0,uuid_identifier,none,synthetic_v3,36,3.620635,0.444444,0.0,0.111111,0,1,1,1,0,0,0,0,0,1,0,0
LGV3-000833,commit_sha,eb48a1bab366517e52d6cc1a2dffac1061b2b9de,0,commit_hash,none,synthetic_v3,40,3.765957,0.5,0.0,0.0,0,1,1,0,1,1,0,0,0,1,0,0
LGV3-000834,connector_value,ce4d0921d4eefdb2204f9822e5ec962504e66992de458569895458b5d87f05db,1,hash_shaped_secret,none,synthetic_v3,64,3.607915,0.671875,0.0,0.0,0,1,1,0,1,1,0,0,0,0,0,0
LGV3-000835,commit_sha,852444950236e8e1b6aefb40df129d17ede56ce4,0,commit_hash,none,synthetic_v3,40,3.799582,0.625,0.0,0.0,0,1,1,0,1,1,0,0,0,1,0,0
LGV3-000836,access_token,0a1fabd8-ae9f-884c-34e3-dfe9261f4710,1,uuid_shaped_secret,none,synthetic_v3,36,3.842857,0.5,0.0,0.111111,1,1,1,1,0,0,0,0,0,0,0,0
LGV3-000837,trace_id,fc58d0dd-1b48-31d4-0ae8-6a6d1fcc92d3,0,uuid_identifier,none,synthetic_v3,36,3.787302,0.472222,0.0,0.111111,0,1,1,1,0,0,0,0,0,1,0,0
LGV3-000838,signing_secret,bridge-orbit-meadow-forest-timber,1,passphrase_secret,none,synthetic_v3,33,3.619559,0.0,0.0,0.121212,1,1,0,0,0,0,0,0,0,0,0,1
LGV3-000839,connector_value,winter-forest-winter-silver-crystal-amber,1,passphrase_secret,none,synthetic_v3,41,3.790751,0.0,0.0,0.121951,0,1,0,0,0,0,0,0,0,0,0,1
LGV3-000840,api_key,9aa927526e2fee9cd54f2ff22387de83ceb45d70,1,hex_secret,none,synthetic_v3,40,3.718454,0.575,0.0,0.0,1,1,1,0,1,1,0,0,0,0,0,0
LGV3-000841,api_key,meadow-canyon-bridge-summit,1,passphrase_secret,none,synthetic_v3,27,3.958229,0.0,0.0,0.111111,1,1,0,0,0,0,0,0,0,0,0,1
LGV3-000842,documentation_token,d5iHfzTkDLCsUaDR.jCsAzKNcuNiNFSTx6pDoYzqKMvs.bEHhasm9AXqIOzdIacNqKv5F,0,documentation_jwt,none,synthetic_v3,69,5.137227,0.057971,0.449275,0.028986,1,1,1,0,0,0,0,0,0,0,1,0
LGV3-000843,public_id,R7ZYKUUPD6D49T8IQWPO5RZH2L,0,public_identifier,none,synthetic_v3,26,4.315824,0.269231,0.730769,0.0,0,1,1,0,0,0,0,0,0,1,0,0
LGV3-000844,build_id,EOSRYH3D4U3UULBFKD0EOBNAO7,0,public_identifier,none,synthetic_v3,26,4.026987,0.192308,0.807692,0.0,0,1,1,0,0,0,0,0,0,1,0,0
LGV3-000845,NEXT_PUBLIC_RELEASE_CHANNEL,preview,0,frontend_public_value,Next.js,synthetic_v3,7,2.521641,0.0,0.0,0.0,0,1,0,0,0,0,0,0,1,0,0,0
LGV3-000846,access_token,<redacted>,0,placeholder,none,synthetic_v3,10,2.921928,0.0,0.0,0.2,1,1,0,0,0,0,0,1,0,0,0,0
LGV3-000847,NEXT_PUBLIC_ACCESS_TOKEN,e5ypzSARXqC1CV5qK_WlLeEja2a27xyH4bk_,1,client_exposed_secret,Next.js,synthetic_v3,36,4.725481,0.194444,0.333333,0.055556,1,1,1,0,0,0,0,0,1,0,0,0
LGV3-000848,NEXT_PUBLIC_API_KEY,pkIIgrDi2OaHPq9SPxAuB4IH0-3R0uM3ChSu,1,client_exposed_secret,Next.js,synthetic_v3,36,4.627987,0.194444,0.444444,0.027778,1,1,1,0,0,0,0,0,1,0,0,0
LGV3-000849,token_example,BRWmesnzq6HXXFOb.5_vznBeIZM9zxiKpcywCshbR9zo.-QYCJ1OwDPAhd43fb0XNo5PB,0,documentation_jwt,none,synthetic_v3,69,5.409037,0.130435,0.391304,0.057971,1,1,1,0,0,0,0,0,0,0,1,0
LGV3-000850,api_key,meteor island forest orbit canyon timber,1,passphrase_secret,none,synthetic_v3,40,3.793943,0.0,0.0,0.125,1,0,0,0,0,0,0,0,0,0,0,1
LGV3-000851,signing_secret,f6badacc21ab79cb2a47958814e71d7db88c390f35cdb060f6c61387eeb94a27,1,hash_shaped_secret,none,synthetic_v3,64,3.933157,0.578125,0.0,0.0,1,1,1,0,1,1,0,0,0,0,0,0
LGV3-000852,api_key,sample-secret-value,0,placeholder,none,synthetic_v3,19,3.405822,0.0,0.0,0.105263,1,1,0,0,0,0,0,1,0,0,0,0
LGV3-000853,image_digest,bd73146d24c4d946fa7e93e9dbfa2dfa6ab2da9010c8eb3943fa90fd32b077c0,0,artifact_digest,none,synthetic_v3,64,3.797127,0.546875,0.0,0.0,0,1,1,0,1,1,0,0,0,1,0,0
LGV3-000854,runtime_data,crystal-orbit-ocean-amber,1,passphrase_secret,none,synthetic_v3,25,3.67327,0.0,0.0,0.12,0,1,0,0,0,0,0,0,0,0,0,1
LGV3-000855,request_id,a9c29768-efb7-8ebf-25b2-5aea61f257d9,0,uuid_identifier,none,synthetic_v3,36,3.689808,0.5,0.0,0.111111,0,1,1,1,0,0,0,0,0,1,0,0
LGV3-000856,commit_sha,59c4ee65ff7a9ff86e2eacf508e12f4b2d24a93a,0,commit_hash,none,synthetic_v3,40,3.737326,0.525,0.0,0.0,0,1,1,0,1,1,0,0,0,1,0,0
LGV3-000857,api_key,92e3b58aa87806771da4a04808ea4be7536dd175f016696d3444700fef021377,1,hash_shaped_secret,none,synthetic_v3,64,3.789063,0.71875,0.0,0.0,1,1,1,0,1,1,0,0,0,0,0,0
LGV3-000858,access_token,361851df-2f49-c2a7-f669-8a14aca0beb9,1,uuid_shaped_secret,none,synthetic_v3,36,3.919382,0.527778,0.0,0.111111,1,1,1,1,0,0,0,0,0,0,0,0
LGV3-000859,VITE_PUBLIC_REGION,stable,0,frontend_public_value,Vite,synthetic_v3,6,2.584963,0.0,0.0,0.0,0,1,0,0,0,0,0,0,1,0,0,0
LGV3-000860,connector_value,summit.meadow.amber.crystal.amber.timber,1,passphrase_secret,none,synthetic_v3,40,3.706198,0.0,0.0,0.125,0,1,0,0,0,0,0,0,0,0,0,1
LGV3-000861,jwt_example,5L9m8imJCCMqnsSG.IiMkmaSmokiaMjfji5nJ1iCac6A.5zkiuXX6ediyJWMgfcZdwloD,0,documentation_jwt,none,synthetic_v3,69,4.957424,0.115942,0.304348,0.028986,0,1,1,0,0,0,0,0,0,0,1,0
LGV3-000862,signing_secret,abeec0dc-6791-2825-d7c3-4804002a0592,1,uuid_shaped_secret,none,synthetic_v3,36,3.826466,0.611111,0.0,0.111111,1,1,1,1,0,0,0,0,0,0,0,0
LGV3-000863,api_key,ed275385-5edd-fae0-526c-cd8347398dae,1,uuid_shaped_secret,none,synthetic_v3,36,3.694386,0.5,0.0,0.111111,1,1,1,1,0,0,0,0,0,0,0,0
LGV3-000864,environment,debug,0,normal_config,none,synthetic_v3,5,2.321928,0.0,0.0,0.0,0,1,0,0,0,0,0,0,0,0,0,0
LGV3-000865,runtime_data,voyage.harbor.ocean.voyage.crystal,1,passphrase_secret,none,synthetic_v3,34,3.679395,0.0,0.0,0.117647,0,1,0,0,0,0,0,0,0,0,0,1
LGV3-000866,setting,b2SC9On-vqh4sn6G.I6hu2L6Ciln0X1YsVuqbRdZkR-M.CoV3A5NLSPGw9kt4N1oy3IBe,1,jwt_like_secret,none,synthetic_v3,69,5.293095,0.217391,0.362319,0.057971,0,1,1,0,0,0,0,0,0,0,1,0
LGV3-000867,artifact_digest,805483a96328e12099cf049bdccda93bb3ff6153968afa210657471e8b8bd5c0,0,artifact_digest,none,synthetic_v3,64,3.935732,0.65625,0.0,0.0,0,1,1,0,1,1,0,0,0,1,0,0
LGV3-000868,client_secret,f486e43d-f611-0763-6b12-6a16d4096c61,1,uuid_shaped_secret,none,synthetic_v3,36,3.604244,0.666667,0.0,0.111111,1,1,1,1,0,0,0,0,0,0,0,0
LGV3-000869,signing_secret,aouX_ZB1L%cztAJsH!YQnC1Ou1EAPLOY,1,random_secret,none,synthetic_v3,32,4.53891,0.09375,0.53125,0.09375,1,1,1,0,0,0,0,0,0,0,0,0
LGV3-000870,log_level,enabled,0,normal_config,none,synthetic_v3,7,2.521641,0.0,0.0,0.0,0,1,0,0,0,0,0,0,0,0,0,0
LGV3-000871,payload,ocean bridge meteor orbit,1,passphrase_secret,none,synthetic_v3,25,3.51327,0.0,0.0,0.12,0,0,0,0,0,0,0,0,0,0,0,1
LGV3-000872,commit_sha,9d9d8c6517ee6669254a6eca4ab87781b213287a,0,commit_hash,none,synthetic_v3,40,3.706198,0.675,0.0,0.0,0,1,1,0,1,1,0,0,0,1,0,0
LGV3-000873,session_data,bridge.meteor.ocean.island.lantern.voyage,1,passphrase_secret,none,synthetic_v3,41,3.830011,0.0,0.0,0.121951,0,1,0,0,0,0,0,0,0,0,0,1
LGV3-000874,api_key,winter.lantern.harbor.silver.meadow.lantern,1,passphrase_secret,none,synthetic_v3,43,3.708858,0.0,0.0,0.116279,1,1,0,0,0,0,0,0,0,0,0,1
LGV3-000875,image_digest,d7ca826241d88a1623631a714b27e6ef27d25d72431a61d312628cbefbec0532,0,artifact_digest,none,synthetic_v3,64,3.726967,0.671875,0.0,0.0,0,1,1,0,1,1,0,0,0,1,0,0
LGV3-000876,token_example,LVJuFNXcL47qQ84X.XyMRg_UTyUgZ0gPukWJoU8MO9aw.A84MAAPXlb23tWlcb1RtxLSN,0,documentation_jwt,none,synthetic_v3,69,5.162376,0.173913,0.478261,0.043478,1,1,1,0,0,0,0,0,0,0,1,0
LGV3-000877,session_data,P2Y8rp-gimI2YoTq$SlRZ0O!QGPE!zB%,1,random_secret,none,synthetic_v3,32,4.75,0.125,0.4375,0.15625,0,1,1,0,0,0,0,0,0,0,0,0
LGV3-000878,database_password,34fee0e9458886112f7c5eca2056520e4471b0c8,1,hex_secret,none,synthetic_v3,40,3.725071,0.7,0.0,0.0,1,1,1,0,1,1,0,0,0,0,0,0
LGV3-000879,api_key,5c70ada815f12b0198b4115633ca5ae10a06cfe0,1,hash_shaped_secret,none,synthetic_v3,40,3.73483,0.625,0.0,0.0,1,1,1,0,1,1,0,0,0,0,0,0
LGV3-000880,signing_secret,${API_KEY},0,secret_reference,none,synthetic_v3,10,3.321928,0.0,0.6,0.4,1,1,0,0,0,0,1,0,0,0,0,0
LGV3-000881,setting,ocean voyage meadow silver lantern timber,1,passphrase_secret,none,synthetic_v3,41,3.90916,0.0,0.0,0.121951,0,0,0,0,0,0,0,0,0,0,0,1
LGV3-000882,commit_sha,4894007d1a9c12f5bedc4df4e9d8dc8e33129845,0,commit_hash,none,synthetic_v3,40,3.73483,0.625,0.0,0.0,0,1,1,0,1,1,0,0,0,1,0,0
LGV3-000883,environment,production,0,normal_config,none,synthetic_v3,10,3.121928,0.0,0.0,0.0,0,1,0,0,0,0,0,0,0,0,0,0
LGV3-000884,NEXT_PUBLIC_ACCESS_TOKEN,aG_R1Q6LkXkswbLR9s0Fta3MIHc7FzZ_QFJP,1,client_exposed_secret,Next.js,synthetic_v3,36,4.648956,0.166667,0.472222,0.055556,1,1,1,0,0,0,0,0,1,0,0,0
LGV3-000885,payload,515c9ca1503e3da5d99ba4875781804db7068052f7c5cb31a760d69da5c0b5d8,1,hash_shaped_secret,none,synthetic_v3,64,3.789106,0.65625,0.0,0.0,0,1,1,0,1,1,0,0,0,0,0,0
LGV3-000886,VITE_API_KEY,hbUyDSELtcAHbZH3RTliLlfmQDlXay9myr6r,1,client_exposed_secret,Vite,synthetic_v3,36,4.572431,0.083333,0.416667,0.0,1,1,1,0,0,0,0,0,1,0,0,0
LGV3-000887,result,82834391390e006016ff9083c16f4adac7e478ce,1,hash_shaped_secret,none,synthetic_v3,40,3.699582,0.7,0.0,0.0,0,1,1,0,1,1,0,0,0,0,0,0
LGV3-000888,setting,4h_3b%fmKN7py5_o_7qrixy5DZcRaR#C,1,random_secret,none,synthetic_v3,32,4.60141,0.1875,0.21875,0.15625,0,1,1,0,0,0,0,0,0,0,0,0
LGV3-000889,service_password,9_UU3ytnTqx9_A4P.5gmt_bfAlmhqrdztlIlq6oA-Gso.OOH2oAowX4blfjMoCl3o7MxY,1,jwt_like_secret,none,synthetic_v3,69,5.073973,0.144928,0.26087,0.086957,1,1,1,0,0,0,0,0,0,0,1,0
LGV3-000890,VITE_PUBLIC_REGION,preview,0,frontend_public_value,Vite,synthetic_v3,7,2.521641,0.0,0.0,0.0,0,1,0,0,0,0,0,0,1,0,0,0
LGV3-000891,commit_sha,2a91f4e8666ad76317595b00449a3d9dc1dd3568,0,commit_hash,none,synthetic_v3,40,3.797085,0.7,0.0,0.0,0,1,1,0,1,1,0,0,0,1,0,0
LGV3-000892,access_token,%SERVICE_TOKEN%,0,secret_reference,none,synthetic_v3,15,3.456565,0.0,0.8,0.2,1,1,0,0,0,0,1,0,0,0,0,0
LGV3-000893,commit_sha,b9501db23ac4fd840e30c589ebdcabfd54608bb3,0,commit_hash,none,synthetic_v3,40,3.739823,0.525,0.0,0.0,0,1,1,0,1,1,0,0,0,1,0,0
LGV3-000894,build_id,ZTKXCM2EH087U8TVQPGQHZWHD7,0,public_identifier,none,synthetic_v3,26,4.132944,0.230769,0.769231,0.0,0,1,1,0,0,0,0,0,0,1,0,0
LGV3-000895,NEXT_PUBLIC_API_KEY,qKlqPmDUX-zfeYzaAU5tggUykdSxhZPqnXbq,1,client_exposed_secret,Next.js,synthetic_v3,36,4.5934,0.027778,0.361111,0.027778,1,1,1,0,0,0,0,0,1,0,0,0
LGV3-000896,database_password,sample-secret-value,0,placeholder,none,synthetic_v3,19,3.405822,0.0,0.0,0.105263,1,1,0,0,0,0,0,1,0,0,0,0
LGV3-000897,release_description,enable-public-enable-production-default,0,safe_phrase,none,synthetic_v3,39,3.78209,0.0,0.0,0.102564,0,1,0,0,0,0,0,0,0,0,0,1
LGV3-000898,commit_sha,3adcf4aa5f8cb6f1afb1388995e19f3c26797c61,0,commit_hash,none,synthetic_v3,40,3.725071,0.575,0.0,0.0,0,1,1,0,1,1,0,0,0,1,0,0
LGV3-000899,customer_reference,76V0O6GV0VPQ0M5NHA3CPW7S9Q,0,public_identifier,none,synthetic_v3,26,4.026987,0.384615,0.615385,0.0,0,1,1,0,0,0,0,0,0,1,0,0
LGV3-000900,token_example,NiOhQWeiYudhpSsG.WyNEE9gmSGWV3YAOSFuQRiEVips.Xu0rRwOmwMpgMxuxbDBqOms5,0,documentation_jwt,none,synthetic_v3,69,4.999404,0.057971,0.463768,0.028986,1,1,1,0,0,0,0,0,0,0,1,0
LGV3-000901,service_password,c276ffa5-c9f8-2b0e-7953-22bebb2d1178,1,uuid_shaped_secret,none,synthetic_v3,36,3.805497,0.527778,0.0,0.111111,1,1,1,1,0,0,0,0,0,0,0,0
LGV3-000902,customer_reference,XF9VKXQZJTF3WQY5FFJ8PTU6O6,0,public_identifier,none,synthetic_v3,26,4.008132,0.230769,0.769231,0.0,0,1,1,0,0,0,0,0,0,1,0,0
LGV3-000903,trace_id,23ecddfc-905f-eddd-a89a-2e2de88b56f7,0,uuid_identifier,none,synthetic_v3,36,3.676191,0.388889,0.0,0.111111,0,1,1,1,0,0,0,0,0,1,0,0
LGV3-000904,payload,ox_-jiW_UoRQ1tc#Zi244ubuQmoWb41p,1,random_secret,none,synthetic_v3,32,4.26532,0.1875,0.21875,0.125,0,1,1,0,0,0,0,0,0,0,0,0
LGV3-000905,runtime_data,%CkGDNI1H4S21swAA7GQWWXKwbBDq-fD,1,random_secret,none,synthetic_v3,32,4.53891,0.15625,0.5625,0.0625,0,1,1,0,0,0,0,0,0,0,0,0
LGV3-000906,database_password,f3f8d2fa0ff605232d26de052c3cf97ecb1e1d84f03a3215,1,hex_secret,none,synthetic_v3,48,3.755995,0.583333,0.0,0.0,1,1,1,0,0,1,0,0,0,0,0,0
LGV3-000907,database_password,bfbc3ed3d5e591fe54437eac7b7da3b061fb3522daeff91dde054bb6926b4ff1,1,hash_shaped_secret,none,synthetic_v3,64,3.786488,0.5,0.0,0.0,1,1,1,0,1,1,0,0,0,0,0,0
LGV3-000908,service_password,cade8990-2e77-dbc6-1db1-4c31d8474bb9,1,uuid_shaped_secret,none,synthetic_v3,36,3.731746,0.5,0.0,0.111111,1,1,1,1,0,0,0,0,0,0,0,0
LGV3-000909,deployment_mode,region preview development default development,0,safe_phrase,none,synthetic_v3,46,3.773486,0.0,0.0,0.086957,0,0,0,0,0,0,0,0,0,0,0,1
LGV3-000910,material,ocean-meadow-forest-meteor-ocean,1,passphrase_secret,none,synthetic_v3,32,3.441428,0.0,0.0,0.125,0,1,0,0,0,0,0,0,0,0,0,1
LGV3-000911,session_data,112e1613-164b-3ac9-96ac-3324a839db23,1,uuid_shaped_secret,none,synthetic_v3,36,3.499398,0.638889,0.0,0.111111,0,1,1,1,0,0,0,0,0,0,0,0
LGV3-000912,api_key,83933f02d4ed9b56ae4c6f99db86100cd392164406fa7fe85453f1a7a091825e,1,hex_secret,none,synthetic_v3,64,3.932611,0.671875,0.0,0.0,1,1,1,0,1,1,0,0,0,0,0,0
LGV3-000913,connector_value,adec29e4-c4fd-3cfa-de8a-dc8c8b8958fb,1,uuid_shaped_secret,none,synthetic_v3,36,3.517593,0.333333,0.0,0.111111,0,1,1,1,0,0,0,0,0,0,0,0
LGV3-000914,artifact_digest,5a21e0c5953cd6b7a5e3399cd0bd451628c12d16fc21461c1752e0d8f9d65fc3,0,artifact_digest,none,synthetic_v3,64,3.84456,0.640625,0.0,0.0,0,1,1,0,1,1,0,0,0,1,0,0
LGV3-000915,application_setting,application-release-stable-service,0,safe_phrase,none,synthetic_v3,34,3.601306,0.0,0.0,0.088235,0,1,0,0,0,0,0,0,0,0,0,1
LGV3-000916,service_password,5bb45bb737d03251cf5d38bf681ce399ab3160ea,1,hex_secret,none,synthetic_v3,40,3.825071,0.6,0.0,0.0,1,1,1,0,1,1,0,0,0,0,0,0
LGV3-000917,signing_secret,g@ITMCPzBJeJFw2hRuD@yPmU4Cd5arqu,1,random_secret,none,synthetic_v3,32,4.6875,0.09375,0.4375,0.0625,1,1,1,0,0,0,0,0,0,0,0,0
LGV3-000918,material,17dac7ad059c1f9167e68f13d058436e,1,hex_secret,none,synthetic_v3,32,3.741729,0.65625,0.0,0.0,0,1,1,0,0,1,0,0,0,0,0,0
LGV3-000919,event_uuid,3f0d12df-cfdd-f574-eed6-27fc4aada334,0,uuid_identifier,none,synthetic_v3,36,3.575923,0.388889,0.0,0.111111,0,1,1,1,0,0,0,0,0,1,0,0
LGV3-000920,request_id,b18bec2e-6f2f-056c-911c-2cb5a5556125,0,uuid_identifier,none,synthetic_v3,36,3.474938,0.555556,0.0,0.111111,0,1,1,1,0,0,0,0,0,1,0,0
LGV3-000921,api_key,TOKEN_PLACEHOLDER,0,placeholder,none,synthetic_v3,17,3.572469,0.0,0.941176,0.058824,1,1,0,0,0,0,0,1,0,0,0,0
LGV3-000922,documentation_token,ZxWL4cCAldJ7oUpd.wBfexEVjB_7LQPe7Qgvihz7ahbI.j-PbbuIwTtKn_ruu8XU8nBii,0,documentation_jwt,none,synthetic_v3,69,5.282154,0.101449,0.333333,0.072464,1,1,1,0,0,0,0,0,0,0,1,0
LGV3-000923,material,b5ea571c-a988-20e5-1d1c-db6c24591a6d,1,uuid_shaped_secret,none,synthetic_v3,36,3.773684,0.527778,0.0,0.111111,0,1,1,1,0,0,0,0,0,0,0,0
LGV3-000924,connector_value,crystal-timber-summit-crystal,1,passphrase_secret,none,synthetic_v3,29,3.581445,0.0,0.0,0.103448,0,1,0,0,0,0,0,0,0,0,0,1
LGV3-000925,build_id,ZV6XVWAUVHDP324NBMHWN02FTO,0,public_identifier,none,synthetic_v3,26,4.209867,0.230769,0.769231,0.0,0,1,1,0,0,0,0,0,0,1,0,0
LGV3-000926,result,lantern-amber-meadow-amber-island,1,passphrase_secret,none,synthetic_v3,33,3.593658,0.0,0.0,0.121212,0,1,0,0,0,0,0,0,0,0,0,1
LGV3-000927,result,5d15120f3b9d0c4feee7a9b7564cdbca,1,hex_secret,none,synthetic_v3,32,3.819549,0.5,0.0,0.0,0,1,1,0,0,1,0,0,0,0,0,0
LGV3-000928,request_id,87ecb7e7-1a75-1215-72cc-5ff2e99f22eb,0,uuid_identifier,none,synthetic_v3,36,3.441069,0.527778,0.0,0.111111,0,1,1,1,0,0,0,0,0,1,0,0
LGV3-000929,artifact_digest,3b68b8c45807d902fd7bda7a6257a33d245a167d6c3777ab97fa212de203b5ee,0,artifact_digest,none,synthetic_v3,64,3.835272,0.625,0.0,0.0,0,1,1,0,1,1,0,0,0,1,0,0
LGV3-000930,database_password,ab53046e0f6d31c358ebbfdf4cdee034d786b024,1,hex_secret,none,synthetic_v3,40,3.734184,0.55,0.0,0.0,1,1,1,0,1,1,0,0,0,0,0,0
LGV3-000931,client_secret,YOUR_API_KEY_HERE,0,placeholder,none,synthetic_v3,17,3.29277,0.0,0.823529,0.176471,1,1,0,0,0,0,0,1,0,0,0,0
LGV3-000932,commit_sha,71d7b390f6d878e3cbf4e4dc69949da64c9b9874,0,commit_hash,none,synthetic_v3,40,3.618454,0.625,0.0,0.0,0,1,1,0,1,1,0,0,0,1,0,0
LGV3-000933,checksum,4b0ac93e20ead765016e8f341ed998f235ede1320d67dcbec8004da7bb0ba4c1,0,artifact_digest,none,synthetic_v3,64,3.903175,0.5625,0.0,0.0,0,1,1,0,1,1,0,0,0,1,0,0
LGV3-000934,artifact_digest,1c0b39f09af18853a2b59d276bb8a83ac6f699d2fd4a57a32dff374ebdc14577,0,artifact_digest,none,synthetic_v3,64,3.904886,0.59375,0.0,0.0,0,1,1,0,1,1,0,0,0,1,0,0
LGV3-000935,result,24d4073b01eb233ce110b3b4d580e3a24f024c7fcd01b80e430b20481e5b9c9c,1,hex_secret,none,synthetic_v3,64,3.698587,0.640625,0.0,0.0,0,1,1,0,1,1,0,0,0,0,0,0
LGV3-000936,artifact_digest,f9b6c8e5a3953249dadcfb2a5880501ce02c21d9ce14db87d88e61efd8d232cc,0,artifact_digest,none,synthetic_v3,64,3.84612,0.5625,0.0,0.0,0,1,1,0,1,1,0,0,0,1,0,0
LGV3-000937,access_token,a592771fd48ae7b3cc7bba4c28133066,1,hex_secret,none,synthetic_v3,32,3.843139,0.625,0.0,0.0,1,1,1,0,0,1,0,0,0,0,0,0
LGV3-000938,image_digest,39a0521e401e972e0e4fafe4a9deb1e354de0b7136fc954ccda9cbd16991da0f,0,artifact_digest,none,synthetic_v3,64,3.783367,0.546875,0.0,0.0,0,1,1,0,1,1,0,0,0,1,0,0
LGV3-000939,database_password,052f13e853247ba6363772c436082cdab568693990ba54b769383e85750fd054,1,hash_shaped_secret,none,synthetic_v3,64,3.832108,0.765625,0.0,0.0,1,1,1,0,1,1,0,0,0,0,0,0
LGV3-000940,application_setting,production-preview-preview-preview,0,safe_phrase,none,synthetic_v3,34,3.447038,0.0,0.0,0.088235,0,1,0,0,0,0,0,0,0,0,0,1
LGV3-000941,database_password,gxWhcq5KSpg9HFE2.Zz3T5fpEp2zj6-6m7qPOPksV40Y.E3irmijNPtcVwzZeUzbWW_pc,1,jwt_like_secret,none,synthetic_v3,69,5.253169,0.173913,0.318841,0.057971,1,1,1,0,0,0,0,0,0,0,1,0
LGV3-000942,session_data,cwjN97lffVGeVPQzM4Tk353V413Uv9Lk,1,random_secret,none,synthetic_v3,32,4.45282,0.3125,0.34375,0.0,0,1,1,0,0,0,0,0,0,0,0,0
LGV3-000943,NEXT_PUBLIC_API_KEY,e7qtvUjYsvEYDKQhYQvBgPjSNy5WVoDXLHK7,1,client_exposed_secret,Next.js,synthetic_v3,36,4.627987,0.083333,0.555556,0.0,1,1,1,0,0,0,0,0,1,0,0,0
LGV3-000944,signing_secret,process.env.CLIENT_SECRET,0,secret_reference,none,synthetic_v3,25,4.053661,0.0,0.48,0.12,1,1,1,0,0,0,1,0,0,0,0,0
LGV3-000945,access_token,${API_KEY},0,secret_reference,none,synthetic_v3,10,3.321928,0.0,0.6,0.4,1,1,0,0,0,0,1,0,0,0,0,0
LGV3-000946,result,fcbd91db-4be8-b6a8-205c-035312d7b683,1,uuid_shaped_secret,none,synthetic_v3,36,3.895639,0.527778,0.0,0.111111,0,1,1,1,0,0,0,0,0,0,0,0
LGV3-000947,api_key,YOUR_API_KEY_HERE,0,placeholder,none,synthetic_v3,17,3.29277,0.0,0.823529,0.176471,1,1,0,0,0,0,0,1,0,0,0,0
LGV3-000948,api_key,process.env.CLIENT_SECRET,0,secret_reference,none,synthetic_v3,25,4.053661,0.0,0.48,0.12,1,1,1,0,0,0,1,0,0,0,0,0
LGV3-000949,documentation_token,CRxop1k8kq58W7yA.Cj2Ah8E4-LnO5qLXJbmxbWmRonY.1-xCF0O1YMYQIa6rhNUxRBOt,0,documentation_jwt,none,synthetic_v3,69,5.202302,0.188406,0.405797,0.057971,1,1,1,0,0,0,0,0,0,0,1,0
LGV3-000950,checksum,e68a40cdfadf3d989b1a08e3fb327458788f5a302292c045d40870920ea5bf70,0,artifact_digest,none,synthetic_v3,64,3.843903,0.65625,0.0,0.0,0,1,1,0,1,1,0,0,0,1,0,0
LGV3-000951,artifact_digest,efb83270bc2f088992d0363f346ba77d25bac3c08b82864c38830379a0b3e1c2,0,artifact_digest,none,synthetic_v3,64,3.754877,0.671875,0.0,0.0,0,1,1,0,1,1,0,0,0,1,0,0
LGV3-000952,client_secret,4f9d0eadcbf2f83fab17ed33236fcea7a92af700,1,hash_shaped_secret,none,synthetic_v3,40,3.699582,0.475,0.0,0.0,1,1,1,0,1,1,0,0,0,0,0,0
LGV3-000953,payload,g0oliPqhWWW@MjNP!d0-u!cqbmpF0f16,1,random_secret,none,synthetic_v3,32,4.51532,0.15625,0.25,0.125,0,1,1,0,0,0,0,0,0,0,0,0
LGV3-000954,public_id,5WHZSZCCA6UEHD7NSV55AL9HI6,0,public_identifier,none,synthetic_v3,26,3.950064,0.269231,0.730769,0.0,0,1,1,0,0,0,0,0,0,1,0,0
LGV3-000955,release_description,default-application-application-release-runtime,0,safe_phrase,none,synthetic_v3,47,3.778335,0.0,0.0,0.085106,0,1,0,0,0,0,0,0,0,0,0,1
LGV3-000956,jwt_example,GwR1X8wvFebSbPSJ.s9cq1r8oWkYyC-FGVdTwW_t-7PY.azVi_w2eXIEvXRji5peGkXhd,0,documentation_jwt,none,synthetic_v3,69,5.246064,0.115942,0.376812,0.086957,0,1,1,0,0,0,0,0,0,0,1,0
LGV3-000957,signing_secret,orbit.island.lantern.canyon.amber.summit,1,passphrase_secret,none,synthetic_v3,40,3.815957,0.0,0.0,0.125,1,1,0,0,0,0,0,0,0,0,0,1
LGV3-000958,jwt_example,Fj0nE6zZQY42hxqk.Wgavl0XKdnMTkmC1jLCqF40SR_M.PO7is3unECzQFis-qAZtQDlT,0,documentation_jwt,none,synthetic_v3,69,5.34723,0.144928,0.405797,0.057971,0,1,1,0,0,0,0,0,0,0,1,0
LGV3-000959,NEXT_PUBLIC_API_KEY,xuOd_wOMBaXcO3jSclPBVyakxdlbLqDGcOew,1,client_exposed_secret,Next.js,synthetic_v3,36,4.482289,0.027778,0.388889,0.027778,1,1,1,0,0,0,0,0,1,0,0,0
LGV3-000960,commit_sha,6ce503d3e5137531e04f44196906e82423a1fe38,0,commit_hash,none,synthetic_v3,40,3.687326,0.75,0.0,0.0,0,1,1,0,1,1,0,0,0,1,0,0
LGV3-000961,commit_sha,70ccc950619dfd052809f1cc5c45e7a675ca4105,0,commit_hash,none,synthetic_v3,40,3.546039,0.65,0.0,0.0,0,1,1,0,1,1,0,0,0,1,0,0
LGV3-000962,NEXT_PUBLIC_RELEASE_CHANNEL,preview,0,frontend_public_value,Next.js,synthetic_v3,7,2.521641,0.0,0.0,0.0,0,1,0,0,0,0,0,0,1,0,0,0
LGV3-000963,documentation_token,0HT0DPoPEF_TOKcb.JVHLgxo8yFCtXY0F1ukcPZSAyYA.Bu1TAd3bLB2SKxPkdYb2B5qg,0,documentation_jwt,none,synthetic_v3,69,5.07542,0.144928,0.507246,0.043478,1,1,1,0,0,0,0,0,0,0,1,0
LGV3-000964,checksum,85b8d79f03b5f6cecaf3f598dbde0ca155292f417f3dba0e6c4f8ed528fca39d,0,artifact_digest,none,synthetic_v3,64,3.878928,0.515625,0.0,0.0,0,1,1,0,1,1,0,0,0,1,0,0
LGV3-000965,api_key,G32Fk9ugmkOZo-il.4Idxsz2mN0umcAFpalQUvjah9i0.DdPz-t8m-GeP8tJek7Br0y2U,1,jwt_like_secret,none,synthetic_v3,69,5.282154,0.188406,0.246377,0.072464,1,1,1,0,0,0,0,0,0,0,1,0
LGV3-000966,request_id,0a1ce55c-73b6-ab34-9ab8-2d382ed11fda,0,uuid_identifier,none,synthetic_v3,36,3.919382,0.472222,0.0,0.111111,0,1,1,1,0,0,0,0,0,1,0,0
LGV3-000967,access_token,2fa37ab28f515bfe15fcad6c8f003ca61f53a1207ee27aa695efca991b4175ec,1,hash_shaped_secret,none,synthetic_v3,64,3.817738,0.546875,0.0,0.0,1,1,1,0,1,1,0,0,0,0,0,0
LGV3-000968,runtime_data,fb9279d44cca18bb820a3833faac7285bbb11ad8,1,hex_secret,none,synthetic_v3,40,3.628213,0.55,0.0,0.0,0,1,1,0,1,1,0,0,0,0,0,0
LGV3-000969,payload,5ec35506-12c2-8950-0c91-713ea089e525,1,uuid_shaped_secret,none,synthetic_v3,36,3.523141,0.694444,0.0,0.111111,0,1,1,1,0,0,0,0,0,0,0,0
LGV3-000970,database_password,56823ec4899c887a18aa77364a3d32156977b506,1,hex_secret,none,synthetic_v3,40,3.703702,0.775,0.0,0.0,1,1,1,0,1,1,0,0,0,0,0,0
LGV3-000971,environment,https://example.test/api,0,normal_config,none,synthetic_v3,24,3.490602,0.0,0.0,0.208333,0,1,0,0,0,0,0,1,0,0,0,0
LGV3-000972,VITE_CLIENT_SECRET,Yjvfop5bXhL5gFx5Zhi4xAGXIa3f3J2jLPXK,1,client_exposed_secret,Vite,synthetic_v3,36,4.572431,0.194444,0.388889,0.0,1,1,1,0,0,0,0,0,1,0,0,0
LGV3-000973,connector_value,d2ce3b17-4642-0654-4b61-260b38ff5141,1,uuid_shaped_secret,none,synthetic_v3,36,3.694386,0.666667,0.0,0.111111,0,1,1,1,0,0,0,0,0,0,0,0
LGV3-000974,deployment_mode,default enable preview stable production,0,safe_phrase,none,synthetic_v3,40,3.977567,0.0,0.0,0.1,0,0,0,0,0,0,0,0,0,0,0,1
LGV3-000975,api_key,forest-bridge-summit-bridge-ocean-silver,1,passphrase_secret,none,synthetic_v3,40,3.922574,0.0,0.0,0.125,1,1,0,0,0,0,0,0,0,0,0,1
LGV3-000976,connector_value,8b3fd4dfd89742de5408c65ca383274b738e24ed,1,hash_shaped_secret,none,synthetic_v3,40,3.694588,0.625,0.0,0.0,0,1,1,0,1,1,0,0,0,0,0,0
LGV3-000977,api_key,883fcf601cafe0bf700e2f91a6e1b7f42c95b4ffdb39df1fdf33996527ecf963,1,hash_shaped_secret,none,synthetic_v3,64,3.806193,0.546875,0.0,0.0,1,1,1,0,1,1,0,0,0,0,0,0
LGV3-000978,access_token,orbit.amber.summit.lantern.timber,1,passphrase_secret,none,synthetic_v3,33,3.521223,0.0,0.0,0.121212,1,1,0,0,0,0,0,0,0,0,0,1
LGV3-000979,NEXT_PUBLIC_RELEASE_CHANNEL,public-dashboard,0,frontend_public_value,Next.js,synthetic_v3,16,3.625,0.0,0.0,0.0625,0,1,0,0,0,0,0,0,1,0,0,0
LGV3-000980,service_password,canyon.island.island.ocean.canyon.meadow,1,passphrase_secret,none,synthetic_v3,40,3.464911,0.0,0.0,0.125,1,1,0,0,0,0,0,0,0,0,0,1
LGV3-000981,customer_reference,B2WVVPV6H56YSNJLSM9PM4RAQ6,0,public_identifier,none,synthetic_v3,26,4.10391,0.269231,0.730769,0.0,0,1,1,0,0,0,0,0,0,1,0,0
LGV3-000982,commit_sha,ce51d7b3f93fa31076872e3fff974a34e33fc5cf,0,commit_hash,none,synthetic_v3,40,3.651609,0.575,0.0,0.0,0,1,1,0,1,1,0,0,0,1,0,0
LGV3-000983,session_data,f5878559a999dc43261ac444ced0d22ed7ea1c99,1,hex_secret,none,synthetic_v3,40,3.708695,0.625,0.0,0.0,0,1,1,0,1,1,0,0,0,0,0,0
LGV3-000984,feature_mode,production,0,normal_config,none,synthetic_v3,10,3.121928,0.0,0.0,0.0,0,1,0,0,0,0,0,0,0,0,0,0
LGV3-000985,service_url,enabled,0,normal_config,none,synthetic_v3,7,2.521641,0.0,0.0,0.0,0,1,0,0,0,0,0,0,0,0,0,0
LGV3-000986,request_id,2f19ce32-0b38-b6e8-3840-d7f634eaa0b0,0,uuid_identifier,none,synthetic_v3,36,3.82924,0.555556,0.0,0.111111,0,1,1,1,0,0,0,0,0,1,0,0
LGV3-000987,request_id,4ed0ae6a-ae47-b97d-e946-6ee9bc5cb798,0,uuid_identifier,none,synthetic_v3,36,3.523141,0.444444,0.0,0.111111,0,1,1,1,0,0,0,0,0,1,0,0
LGV3-000988,commit_sha,791e5d8b7e4420c6e60b256584d3e93f3057f190,0,commit_hash,none,synthetic_v3,40,3.827567,0.725,0.0,0.0,0,1,1,0,1,1,0,0,0,1,0,0
LGV3-000989,commit_sha,21d3394fd28c2f9b0a81ad0d472d86a682cc0390,0,commit_hash,none,synthetic_v3,40,3.665957,0.65,0.0,0.0,0,1,1,0,1,1,0,0,0,1,0,0
LGV3-000990,material,iumu0jFTYV_#rQKHNYsHMeggadZ!16xN,1,random_secret,none,synthetic_v3,32,4.6875,0.09375,0.40625,0.09375,0,1,1,0,0,0,0,0,0,0,0,0
LGV3-000991,session_data,afb230ef3842122834b1f012af4d235a,1,hex_secret,none,synthetic_v3,32,3.382049,0.65625,0.0,0.0,0,1,1,0,0,1,0,0,0,0,0,0
LGV3-000992,session_data,27bf8fc9-01b3-1658-1b6a-268479a29f50,1,uuid_shaped_secret,none,synthetic_v3,36,3.800919,0.638889,0.0,0.111111,0,1,1,1,0,0,0,0,0,0,0,0
LGV3-000993,commit_sha,ac3727a52b29f02a655415bf475650b405804f4e,0,commit_hash,none,synthetic_v3,40,3.614911,0.725,0.0,0.0,0,1,1,0,1,1,0,0,0,1,0,0
LGV3-000994,build_id,DCCGPQ7ST1VTLLHR26JDPHLLHS,0,public_identifier,none,synthetic_v3,26,3.825252,0.153846,0.846154,0.0,0,1,1,0,0,0,0,0,0,1,0,0
LGV3-000995,log_level,enabled,0,normal_config,none,synthetic_v3,7,2.521641,0.0,0.0,0.0,0,1,0,0,0,0,0,0,0,0,0,0
LGV3-000996,value,harbor bridge timber silver harbor voyage,1,passphrase_secret,none,synthetic_v3,41,3.710582,0.0,0.0,0.121951,0,0,0,0,0,0,0,0,0,0,0,1
LGV3-000997,result,b098e998f60ab6db1f8ddb50eb56a7d9986718cc7590f080f5895da67e96aefb,1,hex_secret,none,synthetic_v3,64,3.609223,0.59375,0.0,0.0,0,1,1,0,1,1,0,0,0,0,0,0
LGV3-000998,NEXT_PUBLIC_RELEASE_CHANNEL,preview,0,frontend_public_value,Next.js,synthetic_v3,7,2.521641,0.0,0.0,0.0,0,1,0,0,0,0,0,0,1,0,0,0
LGV3-000999,connector_value,ee562ab16e42dd7370b454d5589cc11ad7d09083,1,hex_secret,none,synthetic_v3,40,3.837326,0.65,0.0,0.0,0,1,1,0,1,1,0,0,0,0,0,0
LGV3-001000,signing_secret,%SERVICE_TOKEN%,0,secret_reference,none,synthetic_v3,15,3.456565,0.0,0.8,0.2,1,1,0,0,0,0,1,0,0,0,0,0
LGV3-001001,log_level,enabled,0,normal_config,none,synthetic_v3,7,2.521641,0.0,0.0,0.0,0,1,0,0,0,0,0,0,0,0,0,0
LGV3-001002,feature_mode,debug,0,normal_config,none,synthetic_v3,5,2.321928,0.0,0.0,0.0,0,1,0,0,0,0,0,0,0,0,0,0
LGV3-001003,access_token,0d6f61dc-9148-26e1-bc74-f52463a8c621,1,uuid_shaped_secret,none,synthetic_v3,36,3.840083,0.611111,0.0,0.111111,1,1,1,1,0,0,0,0,0,0,0,0
LGV3-001004,connector_value,c9e61610-605a-0f07-af84-1d8bd779d157,1,uuid_shaped_secret,none,synthetic_v3,36,3.739098,0.611111,0.0,0.111111,0,1,1,1,0,0,0,0,0,0,0,0
LGV3-001005,documentation_token,ptCtnEfB6SWHq8zy.FKSOAd9szdwvKbojwTzgMncDGWY.yXbVe1CzASgUxd14vNHHysaf,0,documentation_jwt,none,synthetic_v3,69,5.31114,0.086957,0.391304,0.028986,1,1,1,0,0,0,0,0,0,0,1,0
LGV3-001006,database_password,4560f895-f891-c460-6cc1-10cb43f89629,1,uuid_shaped_secret,none,synthetic_v3,36,3.56508,0.666667,0.0,0.111111,1,1,1,1,0,0,0,0,0,0,0,0
LGV3-001007,VITE_CLIENT_SECRET,kKgqiGAhQUvMd_7a_E7myD4V1Tve_DJrnaOL,1,client_exposed_secret,Vite,synthetic_v3,36,4.815623,0.111111,0.388889,0.083333,1,1,1,0,0,0,0,0,1,0,0,0
LGV3-001008,trace_id,6df6a5a1-5a2d-6ba6-3709-92cfae33ed32,0,uuid_identifier,none,synthetic_v3,36,3.694386,0.5,0.0,0.111111,0,1,1,1,0,0,0,0,0,1,0,0
LGV3-001009,client_secret,9b81b1a2-b51f-76d7-fd00-da26233f56fb,1,uuid_shaped_secret,none,synthetic_v3,36,3.69716,0.527778,0.0,0.111111,1,1,1,1,0,0,0,0,0,0,0,0
LGV3-001010,checksum,3ce4dec23ff09cf70fa2554cfd405b23c5404d766e8b96e6dc461e17358803ec,0,artifact_digest,none,synthetic_v3,64,3.859627,0.609375,0.0,0.0,0,1,1,0,1,1,0,0,0,1,0,0
LGV3-001011,value,qxY%3c3dfBFfHrd#5nEB1htk17M7G_o$,1,random_secret,none,synthetic_v3,32,4.625,0.21875,0.25,0.125,0,1,1,0,0,0,0,0,0,0,0,0
LGV3-001012,VITE_CLIENT_SECRET,eyAPruGi06jhyyEsMOvnN9_65Kj0RREugVPH,1,client_exposed_secret,Vite,synthetic_v3,36,4.648956,0.166667,0.388889,0.027778,1,1,1,0,0,0,0,0,1,0,0,0
LGV3-001013,environment,production,0,normal_config,none,synthetic_v3,10,3.121928,0.0,0.0,0.0,0,1,0,0,0,0,0,0,0,0,0,0
LGV3-001014,NEXT_PUBLIC_API_KEY,XEGNXmas-r_abVPsWZ1U1N-OoiElpYI9vjYR,1,client_exposed_secret,Next.js,synthetic_v3,36,4.725481,0.083333,0.472222,0.083333,1,1,1,0,0,0,0,0,1,0,0,0
LGV3-001015,database_password,vault://application/key,0,secret_reference,none,synthetic_v3,23,3.762267,0.0,0.0,0.173913,1,1,0,0,0,0,1,0,0,0,0,0
LGV3-001016,api_key,sample-secret-value,0,placeholder,none,synthetic_v3,19,3.405822,0.0,0.0,0.105263,1,1,0,0,0,0,0,1,0,0,0,0
LGV3-001017,commit_sha,620d41f5f0a7d0c1a22eec2ba31bc4b751b24321,0,commit_hash,none,synthetic_v3,40,3.668454,0.6,0.0,0.0,0,1,1,0,1,1,0,0,0,1,0,0
LGV3-001018,session_data,uP%KjA27-nKutQuV1ZcHWc7vw4%fitPl,1,random_secret,none,synthetic_v3,32,4.47641,0.15625,0.3125,0.09375,0,1,1,0,0,0,0,0,0,0,0,0
LGV3-001019,VITE_PUBLIC_REGION,public-dashboard,0,frontend_public_value,Vite,synthetic_v3,16,3.625,0.0,0.0,0.0625,0,1,0,0,0,0,0,0,1,0,0,0
LGV3-001020,build_id,LSR7VDOLZ6AH6HJIWDGNJ9HTHW,0,public_identifier,none,synthetic_v3,26,4.008132,0.153846,0.846154,0.0,0,1,1,0,0,0,0,0,0,1,0,0
LGV3-001021,database_password,YOUR_API_KEY_HERE,0,placeholder,none,synthetic_v3,17,3.29277,0.0,0.823529,0.176471,1,1,0,0,0,0,0,1,0,0,0,0
LGV3-001022,documentation_token,30GKeV2uQaCXkfy_.tIcNibKP-UZvxkpHIno2eqCo2LY.V2meB5m0h_ATtHMiX4CSTHuD,0,documentation_jwt,none,synthetic_v3,69,5.380051,0.130435,0.42029,0.072464,1,1,1,0,0,0,0,0,0,0,1,0
LGV3-001023,client_secret,1fb4c5f86500ef262426f6d262b4ceb26cb74c74,1,hex_secret,none,synthetic_v3,40,3.456198,0.625,0.0,0.0,1,1,1,0,1,1,0,0,0,0,0,0
LGV3-001024,artifact_digest,426d6bf3276511d4754aac666b710a6fbdde9ce7657d6502a2e75134ae059f7f,0,artifact_digest,none,synthetic_v3,64,3.774693,0.640625,0.0,0.0,0,1,1,0,1,1,0,0,0,1,0,0
LGV3-001025,build_id,6KBSI7ZWSIKBE55ZKR3DAHCSAR,0,public_identifier,none,synthetic_v3,26,3.873141,0.192308,0.807692,0.0,0,1,1,0,0,0,0,0,0,1,0,0
LGV3-001026,result,999dfdd5-1991-98d7-551f-bbb054046cb8,1,uuid_shaped_secret,none,synthetic_v3,36,3.495907,0.583333,0.0,0.111111,0,1,1,1,0,0,0,0,0,0,0,0
LGV3-001027,token_example,FTjg06a5sZEhDeIE.a1ZWUcAreGg-q-1NbD61FwuEJFE.SNgyltBfGQlPpYSNeEtiESm1,0,documentation_jwt,none,synthetic_v3,69,5.162376,0.115942,0.449275,0.057971,1,1,1,0,0,0,0,0,0,0,1,0
LGV3-001028,service_password,3jgmmEiuI02fcx1L#yn62OB3_Hbj3Sq8,1,random_secret,none,synthetic_v3,32,4.66391,0.28125,0.21875,0.0625,1,1,1,0,0,0,0,0,0,0,0,0
LGV3-001029,artifact_digest,ad2f21a2f85083a1b858664d8e7a58517bfe38667c11ccbc7bdb2db2636b68cf,0,artifact_digest,none,synthetic_v3,64,3.736144,0.59375,0.0,0.0,0,1,1,0,1,1,0,0,0,1,0,0
LGV3-001030,client_secret,process.env.CLIENT_SECRET,0,secret_reference,none,synthetic_v3,25,4.053661,0.0,0.48,0.12,1,1,1,0,0,0,1,0,0,0,0,0
LGV3-001031,database_password,${API_KEY},0,secret_reference,none,synthetic_v3,10,3.321928,0.0,0.6,0.4,1,1,0,0,0,0,1,0,0,0,0,0
LGV3-001032,setting,4060ad55-7ba6-dcc7-1952-c75840a6821d,1,uuid_shaped_secret,none,synthetic_v3,36,3.710777,0.611111,0.0,0.111111,0,1,1,1,0,0,0,0,0,0,0,0
LGV3-001033,client_secret,vault://application/key,0,secret_reference,none,synthetic_v3,23,3.762267,0.0,0.0,0.173913,1,1,0,0,0,0,1,0,0,0,0,0
LGV3-001034,material,n6V4LlPRx9Pox-yC.kgnc67tUSGnzSyKNWU6o7TLYH6w.EsnkfiWFwWvbFQGet8OURdJO,1,jwt_like_secret,none,synthetic_v3,69,5.304035,0.130435,0.434783,0.043478,0,1,1,0,0,0,0,0,0,0,1,0
LGV3-001035,api_key,YOUR_API_KEY_HERE,0,placeholder,none,synthetic_v3,17,3.29277,0.0,0.823529,0.176471,1,1,0,0,0,0,0,1,0,0,0,0
LGV3-001036,VITE_CLIENT_SECRET,EP9Bv8h02J_QBk1AbhJWstOtUgiDFP-xbuDg,1,client_exposed_secret,Vite,synthetic_v3,36,4.725481,0.138889,0.416667,0.055556,1,1,1,0,0,0,0,0,1,0,0,0
LGV3-001037,commit_sha,a04cc0da904dd873878018d4796e68e629fbb8a2,0,commit_hash,none,synthetic_v3,40,3.739823,0.65,0.0,0.0,0,1,1,0,1,1,0,0,0,1,0,0
LGV3-001038,access_token,c4fa169f967aadc0a4334e6718a81a6f86f4b45f,1,hash_shaped_secret,none,synthetic_v3,40,3.625716,0.6,0.0,0.0,1,1,1,0,1,1,0,0,0,0,0,0
LGV3-001039,VITE_API_KEY,iLckDwZ8izrxvm1GLzlqrwlHLHcFbQzNW29R,1,client_exposed_secret,Vite,synthetic_v3,36,4.572431,0.111111,0.361111,0.0,1,1,1,0,0,0,0,0,1,0,0,0
LGV3-001040,VITE_CLIENT_SECRET,cfD-5zR3mORdTmv6Cs8Xkont3X0YP8EN38Vk,1,client_exposed_secret,Vite,synthetic_v3,36,4.683542,0.25,0.361111,0.027778,1,1,1,0,0,0,0,0,1,0,0,0
LGV3-001041,deployment_mode,development-development-region-release,0,safe_phrase,none,synthetic_v3,38,3.557432,0.0,0.0,0.078947,0,1,0,0,0,0,0,0,0,0,0,1
LGV3-001042,access_token,M@R-fS8!zJTfeJ0dsORqGiMPIBT$4LMm,1,random_secret,none,synthetic_v3,32,4.60141,0.09375,0.5,0.125,1,1,1,0,0,0,0,0,0,0,0,0
LGV3-001043,connector_value,4736f8037730619d6be437f92f71de4c06a2300fe13b14739e259806568bbc08,1,hash_shaped_secret,none,synthetic_v3,64,3.858166,0.734375,0.0,0.0,0,1,1,0,1,1,0,0,0,0,0,0
LGV3-001044,access_token,TOKEN_PLACEHOLDER,0,placeholder,none,synthetic_v3,17,3.572469,0.0,0.941176,0.058824,1,1,0,0,0,0,0,1,0,0,0,0
LGV3-001045,api_key,vault://application/key,0,secret_reference,none,synthetic_v3,23,3.762267,0.0,0.0,0.173913,1,1,0,0,0,0,1,0,0,0,0,0
LGV3-001046,runtime_data,1a8792cf9461f534ec6d81fc12b2198f8c509c44,1,hex_secret,none,synthetic_v3,40,3.722574,0.675,0.0,0.0,0,1,1,0,1,1,0,0,0,0,0,0
LGV3-001047,access_token,OYWhk$$IIYeH2HJDLXEpJWsDf5mraH8G,1,random_secret,none,synthetic_v3,32,4.47641,0.09375,0.5625,0.0625,1,1,1,0,0,0,0,0,0,0,0,0
LGV3-001048,image_digest,ac1d263d4a671546858775e34bb18c1cf312bf913888fde4b6beb0c50c268aca,0,artifact_digest,none,synthetic_v3,64,3.881799,0.609375,0.0,0.0,0,1,1,0,1,1,0,0,0,1,0,0
LGV3-001049,event_uuid,acf40c45-0dc7-f078-9ea7-a4fbe6e2343e,0,uuid_identifier,none,synthetic_v3,36,3.787302,0.472222,0.0,0.111111,0,1,1,1,0,0,0,0,0,1,0,0
LGV3-001050,signing_secret,0f00e2bdb5c97857e10464c8d0877d5ab5ae24c4f2707e04a1223ea18fcc19cd,1,hash_shaped_secret,none,synthetic_v3,64,3.859223,0.609375,0.0,0.0,1,1,1,0,1,1,0,0,0,0,0,0
LGV3-001051,build_id,856W2XC3KNRSBYVWMCAIBLDVOT,0,public_identifier,none,synthetic_v3,26,4.392747,0.192308,0.807692,0.0,0,1,1,0,0,0,0,0,0,1,0,0
LGV3-001052,connector_value,ca482970e4566ade412698b5aadcdfc4a91ead334ef851db862b9acbf41d4923,1,hash_shaped_secret,none,synthetic_v3,64,3.864265,0.5625,0.0,0.0,0,1,1,0,1,1,0,0,0,0,0,0
LGV3-001053,NEXT_PUBLIC_ACCESS_TOKEN,3MtwYmv842zd8CdZ3eB7G_Grbpm5t0j2KZgz,1,client_exposed_secret,Next.js,synthetic_v3,36,4.669925,0.277778,0.25,0.027778,1,1,1,0,0,0,0,0,1,0,0,0
LGV3-001054,connector_value,btLKPuNPIqJ0aBSD.jY5GTIAqfw59Nc2RKecJgsIexh0.H_nFqiiYiH3Kd-M26fsfkzo3,1,jwt_like_secret,none,synthetic_v3,69,5.387156,0.144928,0.376812,0.057971,0,1,1,0,0,0,0,0,0,0,1,0
LGV3-001055,application_setting,service release preview public,0,safe_phrase,none,synthetic_v3,30,3.443019,0.0,0.0,0.1,0,0,0,0,0,0,0,0,0,0,0,1
LGV3-001056,api_key,meadow meteor meteor forest lantern voyage,1,passphrase_secret,none,synthetic_v3,42,3.613054,0.0,0.0,0.119048,1,0,0,0,0,0,0,0,0,0,0,1
LGV3-001057,payload,meadow.amber.winter.winter.harbor.winter,1,passphrase_secret,none,synthetic_v3,40,3.528213,0.0,0.0,0.125,0,1,0,0,0,0,0,0,0,0,0,1
LGV3-001058,database_password,idzgNQg6Qyh5qtmVLPrmaV1p6ZDN6BGO,1,random_secret,none,synthetic_v3,32,4.53891,0.15625,0.40625,0.0,1,1,1,0,0,0,0,0,0,0,0,0
LGV3-001059,access_token,43b4c1f5f1e4ab1ecd3a77b12fa9065f903361f9,1,hash_shaped_secret,none,synthetic_v3,40,3.765957,0.6,0.0,0.0,1,1,1,0,1,1,0,0,0,0,0,0
LGV3-001060,service_password,EA2XEbd5j8rb7-SE.2Zj68TjmfjotSQrVwFAuOG3s1S0.MoTNkWteibceXygZESUqR-SY,1,jwt_like_secret,none,synthetic_v3,69,5.291647,0.144928,0.405797,0.057971,1,1,1,0,0,0,0,0,0,0,1,0
LGV3-001061,commit_sha,a0ad7196551fe0fb882415a26e814db1d941ebc2,0,commit_hash,none,synthetic_v3,40,3.783206,0.625,0.0,0.0,0,1,1,0,1,1,0,0,0,1,0,0
LGV3-001062,connector_value,A!kQP_reUC%PUm!t$Eg2K69#cml-9fB2,1,random_secret,none,synthetic_v3,32,4.625,0.15625,0.3125,0.21875,0,1,1,0,0,0,0,0,0,0,0,0
LGV3-001063,access_token,52b460c5c0cfc3c534c5ad8177bf774d75efad709486006c6e2802c0488a2fa4,1,hex_secret,none,synthetic_v3,64,3.802419,0.640625,0.0,0.0,1,1,1,0,1,1,0,0,0,0,0,0
LGV3-001064,session_data,c6871d1ea494d36e41de4a3730dbd24c64d4f109eea3a23b029738ea097cc37b,1,hash_shaped_secret,none,synthetic_v3,64,3.784274,0.609375,0.0,0.0,0,1,1,0,1,1,0,0,0,0,0,0
LGV3-001065,release_description,public release application application application,0,safe_phrase,none,synthetic_v3,50,3.532183,0.0,0.0,0.08,0,0,0,0,0,0,0,0,0,0,0,1
LGV3-001066,request_id,5651a4f5-042f-94c8-f535-37d02e577fea,0,uuid_identifier,none,synthetic_v3,36,3.752715,0.611111,0.0,0.111111,0,1,1,1,0,0,0,0,0,1,0,0
LGV3-001067,documentation_token,zyXpb4SDlKikJhuH.4xhjzJGb-NaF87qv5-RLxg76Ynw.UXZJghbORgbe9wz94rMAdb7s,0,documentation_jwt,none,synthetic_v3,69,5.323902,0.15942,0.304348,0.057971,1,1,1,0,0,0,0,0,0,0,1,0
LGV3-001068,result,3819f96a-013a-4edc-6ebd-8cccaee5563a,1,uuid_shaped_secret,none,synthetic_v3,36,3.739098,0.444444,0.0,0.111111,0,1,1,1,0,0,0,0,0,0,0,0
LGV3-001069,environment,debug,0,normal_config,none,synthetic_v3,5,2.321928,0.0,0.0,0.0,0,1,0,0,0,0,0,0,0,0,0,0
LGV3-001070,documentation_token,TAjTF4WXLbfuywmU.ntxr6VcSnjKvNf89AOR8yp4RMkc.xgxhdOMCTljmo23vF-J_fBrw,0,documentation_jwt,none,synthetic_v3,69,5.398096,0.115942,0.347826,0.057971,1,1,1,0,0,0,0,0,0,0,1,0
LGV3-001071,feature_mode,production,0,normal_config,none,synthetic_v3,10,3.121928,0.0,0.0,0.0,0,1,0,0,0,0,0,0,0,0,0,0
LGV3-001072,signing_secret,replace-me,0,placeholder,none,synthetic_v3,10,2.846439,0.0,0.0,0.1,1,1,0,0,0,0,0,1,0,0,0,0
LGV3-001073,runtime_data,RsCvsTt05d3anMJd.eq5JvIlsmWauRaHq3CN5aIxczo4.bbhxQNFv1CLeauNT6x8DC-CL,1,jwt_like_secret,none,synthetic_v3,69,5.07963,0.144928,0.347826,0.043478,0,1,1,0,0,0,0,0,0,0,1,0
LGV3-001074,api_key,$uFz8lfDuD-L1NPoyo$68zqcd68FX5_h,1,random_secret,none,synthetic_v3,32,4.41391,0.21875,0.25,0.125,1,1,1,0,0,0,0,0,0,0,0,0
LGV3-001075,build_id,9GL581ZE9MQ34ZBZUSK18OV5OR,0,public_identifier,none,synthetic_v3,26,4.132944,0.384615,0.615385,0.0,0,1,1,0,0,0,0,0,0,1,0,0
LGV3-001076,service_password,fa11d5f20b6063fb646bba9fa02240a40011c2d0,1,hex_secret,none,synthetic_v3,40,3.461769,0.625,0.0,0.0,1,1,1,0,1,1,0,0,0,0,0,0
LGV3-001077,VITE_PUBLIC_REGION,public-dashboard,0,frontend_public_value,Vite,synthetic_v3,16,3.625,0.0,0.0,0.0625,0,1,0,0,0,0,0,0,1,0,0,0
LGV3-001078,payload,d531240e-9a84-1482-b2ea-67803b1c574b,1,uuid_shaped_secret,none,synthetic_v3,36,3.863826,0.638889,0.0,0.111111,0,1,1,1,0,0,0,0,0,0,0,0
LGV3-001079,connector_value,oSgbD!H6K4x#dO7ZeE9x9JMu8%NY7$13,1,random_secret,none,synthetic_v3,32,4.8125,0.28125,0.34375,0.125,0,1,1,0,0,0,0,0,0,0,0,0
LGV3-001080,payload,47681a56cea3bc464321041de0307c60830eef1b,1,hex_secret,none,synthetic_v3,40,3.712815,0.675,0.0,0.0,0,1,1,0,1,1,0,0,0,0,0,0
LGV3-001081,token_example,sc1D3x-lw-KHzi23.vGehSraBSzuviuNzwJLFmO8qjkk.ezzEW-_z6BSgvVg9uaatM1pe,0,documentation_jwt,none,synthetic_v3,69,5.238393,0.115942,0.26087,0.086957,1,1,1,0,0,0,0,0,0,0,1,0
LGV3-001082,jwt_example,modU3xNpgmEc8OPC.ZcsoRaDu-vEADWtpw_pZLBNQMXE.Nhe3RahPEDaKwF6P_nhN2-MY,0,documentation_jwt,none,synthetic_v3,69,5.213243,0.072464,0.463768,0.086957,0,1,1,0,0,0,0,0,0,0,1,0
LGV3-001083,VITE_PUBLIC_REGION,public-dashboard,0,frontend_public_value,Vite,synthetic_v3,16,3.625,0.0,0.0,0.0625,0,1,0,0,0,0,0,0,1,0,0,0
LGV3-001084,VITE_PUBLIC_REGION,eu-west,0,frontend_public_value,Vite,synthetic_v3,7,2.521641,0.0,0.0,0.142857,0,1,0,0,0,0,0,0,1,0,0,0
LGV3-001085,database_password,TOKEN_PLACEHOLDER,0,placeholder,none,synthetic_v3,17,3.572469,0.0,0.941176,0.058824,1,1,0,0,0,0,0,1,0,0,0,0
LGV3-001086,access_token,replace-me,0,placeholder,none,synthetic_v3,10,2.846439,0.0,0.0,0.1,1,1,0,0,0,0,0,1,0,0,0,0
LGV3-001087,commit_sha,9caea66d94ea8ca47a2c3494dad635d195f413b9,0,commit_hash,none,synthetic_v3,40,3.647085,0.575,0.0,0.0,0,1,1,0,1,1,0,0,0,1,0,0
LGV3-001088,value,orbit-orbit-harbor-meteor-winter,1,passphrase_secret,none,synthetic_v3,32,3.319549,0.0,0.0,0.125,0,1,0,0,0,0,0,0,0,0,0,1
LGV3-001089,api_key,process.env.CLIENT_SECRET,0,secret_reference,none,synthetic_v3,25,4.053661,0.0,0.48,0.12,1,1,1,0,0,0,1,0,0,0,0,0
LGV3-001090,client_secret,s7%vqm6@OvyOKYb$HAPQcm$wqfCQgwkA,1,random_secret,none,synthetic_v3,32,4.5,0.0625,0.34375,0.125,1,1,1,0,0,0,0,0,0,0,0,0
LGV3-001091,application_setting,production default application production development,0,safe_phrase,none,synthetic_v3,53,3.845871,0.0,0.0,0.075472,0,0,0,0,0,0,0,0,0,0,0,1
LGV3-001092,application_setting,release-production-default-public,0,safe_phrase,none,synthetic_v3,33,3.884859,0.0,0.0,0.090909,0,1,0,0,0,0,0,0,0,0,0,1
LGV3-001093,application_setting,service development service application stable,0,safe_phrase,none,synthetic_v3,46,3.799992,0.0,0.0,0.086957,0,0,0,0,0,0,0,0,0,0,0,1
LGV3-001094,runtime_data,a430549e-a8bd-7f52-ebe5-9cb352848f76,1,uuid_shaped_secret,none,synthetic_v3,36,3.863826,0.555556,0.0,0.111111,0,1,1,1,0,0,0,0,0,0,0,0
LGV3-001095,service_password,b834d665-fc29-ee64-cdcf-1d0fc8167ca0,1,uuid_shaped_secret,none,synthetic_v3,36,3.861052,0.472222,0.0,0.111111,1,1,1,1,0,0,0,0,0,0,0,0
LGV3-001096,NEXT_PUBLIC_ACCESS_TOKEN,-XQOayYGlJVpANjbSjwD-MemEDkGu6L9gSvi,1,client_exposed_secret,Next.js,synthetic_v3,36,4.892147,0.055556,0.472222,0.055556,1,1,1,0,0,0,0,0,1,0,0,0
LGV3-001097,client_secret,meadow-lantern-canyon-amber-voyage-bridge,1,passphrase_secret,none,synthetic_v3,41,3.837096,0.0,0.0,0.121951,1,1,0,0,0,0,0,0,0,0,0,1
LGV3-001098,database_password,4de82a8f9631a00600b5093acdcdafbbc01eee7f9462e45c8be1ddde0f61b866,1,hash_shaped_secret,none,synthetic_v3,64,3.85247,0.53125,0.0,0.0,1,1,1,0,1,1,0,0,0,0,0,0
LGV3-001099,client_secret,b0c43beb7ec79cec6c9daec062883d71ee39b5cd,1,hex_secret,none,synthetic_v3,40,3.617408,0.475,0.0,0.0,1,1,1,0,1,1,0,0,0,0,0,0
LGV3-001100,session_data,4f9816916cd6c930c54e33056325326399cb17562e1f38dec48b8e74058888bd,1,hash_shaped_secret,none,synthetic_v3,64,3.796723,0.734375,0.0,0.0,0,1,1,0,1,1,0,0,0,0,0,0
LGV3-001101,payload,HGgapEYDASpIONbx.0GRQiLlIU5zeuu-Bp_EtLFrj8M0.SLnotDOz1J1zVqJggMLY9h66,1,jwt_like_secret,none,synthetic_v3,69,5.351066,0.130435,0.449275,0.057971,0,1,1,0,0,0,0,0,0,0,1,0
LGV3-001102,database_password,#KzxOiRHQT3#MI2@@l5mS4zk8bK1JskO,1,random_secret,none,synthetic_v3,32,4.625,0.1875,0.375,0.125,1,1,1,0,0,0,0,0,0,0,0,0
LGV3-001103,access_token,bb7121eb3154da06e4d7e2816fbf7761e6cf343cbb6d2595db301f2e3e38725a,1,hash_shaped_secret,none,synthetic_v3,64,3.847428,0.609375,0.0,0.0,1,1,1,0,1,1,0,0,0,0,0,0
LGV3-001104,service_password,${DATABASE_PASSWORD},0,secret_reference,none,synthetic_v3,20,3.584184,0.0,0.8,0.2,1,1,0,0,0,0,1,0,0,0,0,0
LGV3-001105,checksum,168e2d3badc4df3d3a6d69084ca262edec359ae622bfc9169a8da7c40e53987f,0,artifact_digest,none,synthetic_v3,64,3.871422,0.5625,0.0,0.0,0,1,1,0,1,1,0,0,0,1,0,0
LGV3-001106,log_level,enabled,0,normal_config,none,synthetic_v3,7,2.521641,0.0,0.0,0.0,0,1,0,0,0,0,0,0,0,0,0,0
LGV3-001107,request_id,dade9ade-dae9-b394-0588-be79009964fb,0,uuid_identifier,none,synthetic_v3,36,3.56508,0.472222,0.0,0.111111,0,1,1,1,0,0,0,0,0,1,0,0
LGV3-001108,api_key,process.env.CLIENT_SECRET,0,secret_reference,none,synthetic_v3,25,4.053661,0.0,0.48,0.12,1,1,1,0,0,0,1,0,0,0,0,0
LGV3-001109,client_secret,vault://application/key,0,secret_reference,none,synthetic_v3,23,3.762267,0.0,0.0,0.173913,1,1,0,0,0,0,1,0,0,0,0,0
LGV3-001110,jwt_example,AQ06xxqoTx047Juz.yqpjVRrNhWFXAA8VmH8rrYHjz64.vKqd-TJ1fNXhc2ZEukW_LkDa,0,documentation_jwt,none,synthetic_v3,69,5.340125,0.15942,0.376812,0.057971,0,1,1,0,0,0,0,0,0,0,1,0
LGV3-001111,result,828f980ac091d01a900821de581b2de83b84756bdb02a4bea6930ab3ef8bbe36,1,hex_secret,none,synthetic_v3,64,3.787099,0.609375,0.0,0.0,0,1,1,0,1,1,0,0,0,0,0,0
LGV3-001112,commit_sha,cd51dacbb0e8d63c24c710145c487d943a756d0d,0,commit_hash,none,synthetic_v3,40,3.718454,0.6,0.0,0.0,0,1,1,0,1,1,0,0,0,1,0,0
LGV3-001113,database_password,%SERVICE_TOKEN%,0,secret_reference,none,synthetic_v3,15,3.456565,0.0,0.8,0.2,1,1,0,0,0,0,1,0,0,0,0,0
LGV3-001114,signing_secret,canyon-meadow-harbor-ocean-orbit-amber,1,passphrase_secret,none,synthetic_v3,38,3.640202,0.0,0.0,0.131579,1,1,0,0,0,0,0,0,0,0,0,1
LGV3-001115,customer_reference,YRVSAXZY97FB5BJWX1X4MYYBC0,0,public_identifier,none,synthetic_v3,26,4.026987,0.230769,0.769231,0.0,0,1,1,0,0,0,0,0,0,1,0,0
LGV3-001116,setting,summit-forest-amber-orbit,1,passphrase_secret,none,synthetic_v3,25,3.483074,0.0,0.0,0.12,0,1,0,0,0,0,0,0,0,0,0,1
LGV3-001117,service_password,fbf7e716ef9f2ecf90e4065bcaaaf26b04347ed2f6aa7e99fc7825a6bf40c96a,1,hash_shaped_secret,none,synthetic_v3,64,3.743443,0.515625,0.0,0.0,1,1,1,0,1,1,0,0,0,0,0,0
LGV3-001118,log_level,production,0,normal_config,none,synthetic_v3,10,3.121928,0.0,0.0,0.0,0,1,0,0,0,0,0,0,0,0,0,0
LGV3-001119,client_secret,nOsAgSXBcf_0czURVYS-wasjVDYle$46,1,random_secret,none,synthetic_v3,32,4.6875,0.09375,0.40625,0.09375,1,1,1,0,0,0,0,0,0,0,0,0
LGV3-001120,runtime_data,49b687693988da2c3655ea33c29a3a467a1bed0b,1,hex_secret,none,synthetic_v3,40,3.753702,0.65,0.0,0.0,0,1,1,0,1,1,0,0,0,0,0,0
LGV3-001121,image_digest,9980428b797463466aa3d7c512e3c7ed7276846def2536322531606a455d6f46,0,artifact_digest,none,synthetic_v3,64,3.783007,0.765625,0.0,0.0,0,1,1,0,1,1,0,0,0,1,0,0
LGV3-001122,checksum,dc222a9387541be6e023001457c81f5133a842a9ce7ffc4b42159e34a57d4ace,0,artifact_digest,none,synthetic_v3,64,3.877521,0.65625,0.0,0.0,0,1,1,0,1,1,0,0,0,1,0,0
LGV3-001123,VITE_PUBLIC_REGION,preview,0,frontend_public_value,Vite,synthetic_v3,7,2.521641,0.0,0.0,0.0,0,1,0,0,0,0,0,0,1,0,0,0
LGV3-001124,signing_secret,${DATABASE_PASSWORD},0,secret_reference,none,synthetic_v3,20,3.584184,0.0,0.8,0.2,1,1,0,0,0,0,1,0,0,0,0,0
LGV3-001125,event_uuid,18ca643b-bf8e-d777-1f03-fd2bbf77bad8,0,uuid_identifier,none,synthetic_v3,36,3.649673,0.444444,0.0,0.111111,0,1,1,1,0,0,0,0,0,1,0,0
LGV3-001126,event_uuid,2c3c8124-7e1e-d583-e0fd-a70de7f4183d,0,uuid_identifier,none,synthetic_v3,36,3.69716,0.527778,0.0,0.111111,0,1,1,1,0,0,0,0,0,1,0,0
LGV3-001127,service_password,fd0y1qWHm9tLlqmmIwPiMsnrGd6X8c$!,1,random_secret,none,synthetic_v3,32,4.72641,0.15625,0.25,0.0625,1,1,1,0,0,0,0,0,0,0,0,0
LGV3-001128,image_digest,4e9bdc287cefa2e5adb0e4b11684c04a81c82c376ab726b36e0357a29feea126,0,artifact_digest,none,synthetic_v3,64,3.890473,0.578125,0.0,0.0,0,1,1,0,1,1,0,0,0,1,0,0
LGV3-001129,setting,36670fe8fbfd200c101c8b806e4058587c25e0d5,1,hash_shaped_secret,none,synthetic_v3,40,3.614911,0.675,0.0,0.0,0,1,1,0,1,1,0,0,0,0,0,0
LGV3-001130,deployment_mode,region stable region region region,0,safe_phrase,none,synthetic_v3,34,3.334238,0.0,0.0,0.117647,0,0,0,0,0,0,0,0,0,0,0,1
LGV3-001131,setting,0fc2fb50261cba179da6314d1cb609fe03cda8d44d6d94dae8b9f64bf0c59884,1,hex_secret,none,synthetic_v3,64,3.862202,0.5625,0.0,0.0,0,1,1,0,1,1,0,0,0,0,0,0
LGV3-001132,session_data,eacddef7-30d1-8d7d-d8ec-ca649624cb6b,1,uuid_shaped_secret,none,synthetic_v3,36,3.752715,0.388889,0.0,0.111111,0,1,1,1,0,0,0,0,0,0,0,0
LGV3-001133,access_token,b0ed4c65189b288fe79f7db927621332e3bdc78f,1,hex_secret,none,synthetic_v3,40,3.777567,0.625,0.0,0.0,1,1,1,0,1,1,0,0,0,0,0,0
LGV3-001134,access_token,1845b794b4f5a3b114b63fd4688ef867008229e5,1,hex_secret,none,synthetic_v3,40,3.765957,0.725,0.0,0.0,1,1,1,0,1,1,0,0,0,0,0,0
LGV3-001135,NEXT_PUBLIC_API_KEY,4aevR6vTWe6LpJ_50-C0B1t3nBpjqwrVn1jL,1,client_exposed_secret,Next.js,synthetic_v3,36,4.614369,0.25,0.277778,0.055556,1,1,1,0,0,0,0,0,1,0,0,0
LGV3-001136,feature_mode,enabled,0,normal_config,none,synthetic_v3,7,2.521641,0.0,0.0,0.0,0,1,0,0,0,0,0,0,0,0,0,0
LGV3-001137,signing_secret,meteor forest meadow meteor orbit canyon,1,passphrase_secret,none,synthetic_v3,40,3.637326,0.0,0.0,0.125,1,0,0,0,0,0,0,0,0,0,0,1
LGV3-001138,result,127ee92c-68da-6e80-3b5a-ad4cb7dd697c,1,uuid_shaped_secret,none,synthetic_v3,36,3.842857,0.472222,0.0,0.111111,0,1,1,1,0,0,0,0,0,0,0,0
LGV3-001139,value,9795fde7-a7eb-a599-a499-ca32d049f485,1,uuid_shaped_secret,none,synthetic_v3,36,3.616699,0.555556,0.0,0.111111,0,1,1,1,0,0,0,0,0,0,0,0
LGV3-001140,api_key,%SERVICE_TOKEN%,0,secret_reference,none,synthetic_v3,15,3.456565,0.0,0.8,0.2,1,1,0,0,0,0,1,0,0,0,0,0
LGV3-001141,log_level,https://example.test/api,0,normal_config,none,synthetic_v3,24,3.490602,0.0,0.0,0.208333,0,1,0,0,0,0,0,1,0,0,0,0
LGV3-001142,api_key,${DATABASE_PASSWORD},0,secret_reference,none,synthetic_v3,20,3.584184,0.0,0.8,0.2,1,1,0,0,0,0,1,0,0,0,0,0
LGV3-001143,service_password,4b2ba469021c41a103da34043c25f502,1,hex_secret,none,synthetic_v3,32,3.503928,0.71875,0.0,0.0,1,1,1,0,0,1,0,0,0,0,0,0
LGV3-001144,public_id,3XE4CHGZ2CPVIERYQDOGFMM7Q4,0,public_identifier,none,synthetic_v3,26,4.238901,0.192308,0.807692,0.0,0,1,1,0,0,0,0,0,0,1,0,0
LGV3-001145,api_key,884b7f0c-a38a-c9aa-915f-948618308b29,1,uuid_shaped_secret,none,synthetic_v3,36,3.683542,0.611111,0.0,0.111111,1,1,1,1,0,0,0,0,0,0,0,0
LGV3-001146,api_key,$HkKgSy2nOZJRcWRH8$ZTFwJ!Yxvd$8z,1,random_secret,none,synthetic_v3,32,4.53891,0.09375,0.46875,0.125,1,1,1,0,0,0,0,0,0,0,0,0
LGV3-001147,trace_id,3f8228b4-62ff-d20c-274d-a7297a446aae,0,uuid_identifier,none,synthetic_v3,36,3.641604,0.555556,0.0,0.111111,0,1,1,1,0,0,0,0,0,1,0,0
LGV3-001148,runtime_data,fad0b0d67cc8a60cacdaafec7401999b4342460049e315eb6a85af693c4cfea5,1,hash_shaped_secret,none,synthetic_v3,64,3.829533,0.546875,0.0,0.0,0,1,1,0,1,1,0,0,0,0,0,0
LGV3-001149,client_secret,EXAMPLE_ONLY_DO_NOT_USE,0,placeholder,none,synthetic_v3,23,3.588354,0.0,0.826087,0.173913,1,1,0,0,0,0,0,1,0,0,0,0
LGV3-001150,commit_sha,a847f2a7dae9d4a5e6a268825b145d5064354e8a,0,commit_hash,none,synthetic_v3,40,3.628213,0.65,0.0,0.0,0,1,1,0,1,1,0,0,0,1,0,0
LGV3-001151,value,summit.winter.meadow.orbit.meteor,1,passphrase_secret,none,synthetic_v3,33,3.581829,0.0,0.0,0.121212,0,1,0,0,0,0,0,0,0,0,0,1
LGV3-001152,database_password,replace-me,0,placeholder,none,synthetic_v3,10,2.846439,0.0,0.0,0.1,1,1,0,0,0,0,0,1,0,0,0,0
LGV3-001153,client_secret,HjSuXDVkAM_BrNTy.evtfV8ZS2LZGgXMlfQUqtaegThU.qsnoEqDhT1PrdgKEOMLzRxrt,1,jwt_like_secret,none,synthetic_v3,69,5.34723,0.043478,0.463768,0.043478,1,1,1,0,0,0,0,0,0,0,1,0
LGV3-001154,token_example,M4K8AK4USTplYOlL.p9UdRxMFQhWUtQxO7kyAgCOYOyU.OQHO4uTPlbIe5gcvMCNxUAPl,0,documentation_jwt,none,synthetic_v3,69,4.994121,0.101449,0.550725,0.028986,1,1,1,0,0,0,0,0,0,0,1,0
LGV3-001155,build_id,GB04GPQH6DG9ODWJE7ZECIAGL6,0,public_identifier,none,synthetic_v3,26,4.161978,0.230769,0.769231,0.0,0,1,1,0,0,0,0,0,0,1,0,0
LGV3-001156,request_id,7a63613c-ceeb-68fb-3b1a-ada1921f781d,0,uuid_identifier,none,synthetic_v3,36,3.673417,0.472222,0.0,0.111111,0,1,1,1,0,0,0,0,0,1,0,0
LGV3-001157,session_data,cfd608a1f6e6ffba910d6e28c886f01e883531d95142510da26bfd4857b0ccac,1,hash_shaped_secret,none,synthetic_v3,64,3.855088,0.59375,0.0,0.0,0,1,1,0,1,1,0,0,0,0,0,0
LGV3-001158,token_example,dBDARdhDzELYhbC0.GfsQ8gcaWJ6WFAEAXqgvsY6P8Tw.xfDXmG53bplCk35B48fg-QUi,0,documentation_jwt,none,synthetic_v3,69,5.300199,0.15942,0.42029,0.043478,1,1,1,0,0,0,0,0,0,0,1,0
LGV3-001159,environment,https://example.test/api,0,normal_config,none,synthetic_v3,24,3.490602,0.0,0.0,0.208333,0,1,0,0,0,0,0,1,0,0,0,0
LGV3-001160,event_uuid,2dd3d427-4929-d9bb-83c0-2216677edf0a,0,uuid_identifier,none,synthetic_v3,36,3.760785,0.583333,0.0,0.111111,0,1,1,1,0,0,0,0,0,1,0,0
LGV3-001161,service_password,XD81Td_oKSbHZkG0.J9Ut3o6SLG78pozO0XJg4sSsPSY.eoo7X8YkhPqwu1NPOjJE5SlQ,1,jwt_like_secret,none,synthetic_v3,69,5.235498,0.202899,0.434783,0.043478,1,1,1,0,0,0,0,0,0,0,1,0
LGV3-001162,database_password,timber-amber-ocean-silver,1,passphrase_secret,none,synthetic_v3,25,3.623465,0.0,0.0,0.12,1,1,0,0,0,0,0,0,0,0,0,1
LGV3-001163,payload,0ff4484fcdf1ce5400d5227b35bb590edbf2ae69,1,hash_shaped_secret,none,synthetic_v3,40,3.775071,0.55,0.0,0.0,0,1,1,0,1,1,0,0,0,0,0,0
LGV3-001164,VITE_API_KEY,mwTlImVgLiDgsq4CiYein8gGi4_FiNxqTeA8,1,client_exposed_secret,Vite,synthetic_v3,36,4.382021,0.111111,0.333333,0.027778,1,1,1,0,0,0,0,0,1,0,0,0
LGV3-001165,runtime_data,5fa16d10e8cb8262b1d1f3d494381924bb62516522ac908f3cd0c3cc0e075537,1,hex_secret,none,synthetic_v3,64,3.912142,0.671875,0.0,0.0,0,1,1,0,1,1,0,0,0,0,0,0
LGV3-001166,request_id,0ab03766-a116-f7f9-31ea-821328a59641,0,uuid_identifier,none,synthetic_v3,36,3.715355,0.666667,0.0,0.111111,0,1,1,1,0,0,0,0,0,1,0,0
LGV3-001167,documentation_token,YhDXYAICs03fOk2B.bCzKSwhWrgxE8rZeOfVqztVjkwU.BJOl69RyR9nJJWHLCbzpF4_x,0,documentation_jwt,none,synthetic_v3,69,5.427082,0.115942,0.449275,0.043478,1,1,1,0,0,0,0,0,0,0,1,0
LGV3-001168,application_setting,production-stable-default-production,0,safe_phrase,none,synthetic_v3,36,3.884795,0.0,0.0,0.083333,0,1,0,0,0,0,0,0,0,0,0,1
LGV3-001169,VITE_PUBLIC_REGION,public-dashboard,0,frontend_public_value,Vite,synthetic_v3,16,3.625,0.0,0.0,0.0625,0,1,0,0,0,0,0,0,1,0,0,0
LGV3-001170,session_data,4c74f9b3f6e67ef4ed9cf224a0c6111694dff45d53072d7df1b2c5e005f50036,1,hash_shaped_secret,none,synthetic_v3,64,3.791277,0.625,0.0,0.0,0,1,1,0,1,1,0,0,0,0,0,0
LGV3-001171,payload,6f64b36b348bce59d78f45bd56d20eaf77e51b2d38326204,1,hex_secret,none,synthetic_v3,48,3.829987,0.645833,0.0,0.0,0,1,1,0,0,1,0,0,0,0,0,0
LGV3-001172,access_token,y18GEiYvEJ3w6PXD.AzTdXetPMmJYkIk3I3CX-tG5OLs.L5Y1TwTd_Xid0n5Rm1OWHaOe,1,jwt_like_secret,none,synthetic_v3,69,5.133391,0.173913,0.463768,0.057971,1,1,1,0,0,0,0,0,0,0,1,0
LGV3-001173,runtime_data,island meadow summit forest meteor,1,passphrase_secret,none,synthetic_v3,34,3.726737,0.0,0.0,0.117647,0,0,0,0,0,0,0,0,0,0,0,1
LGV3-001174,client_secret,<redacted>,0,placeholder,none,synthetic_v3,10,2.921928,0.0,0.0,0.2,1,1,0,0,0,0,0,1,0,0,0,0
LGV3-001175,commit_sha,a82b6c72efee3a25e6594d495a925e71c6f69fa0,0,commit_hash,none,synthetic_v3,40,3.762815,0.6,0.0,0.0,0,1,1,0,1,1,0,0,0,1,0,0
LGV3-001176,application_setting,service preview preview public,0,safe_phrase,none,synthetic_v3,30,3.355913,0.0,0.0,0.1,0,0,0,0,0,0,0,0,0,0,0,1
LGV3-001177,client_secret,replace-me,0,placeholder,none,synthetic_v3,10,2.846439,0.0,0.0,0.1,1,1,0,0,0,0,0,1,0,0,0,0
LGV3-001178,runtime_data,027e236b54e94e93867faebc0ddbfa47ff082167,1,hash_shaped_secret,none,synthetic_v3,40,3.877567,0.6,0.0,0.0,0,1,1,0,1,1,0,0,0,0,0,0
LGV3-001179,runtime_data,5e99c10fd65b88d15066f4e68dd58a27509ac645c89408dc,1,hex_secret,none,synthetic_v3,48,3.68926,0.666667,0.0,0.0,0,1,1,0,0,1,0,0,0,0,0,0
LGV3-001180,VITE_PUBLIC_REGION,eu-west,0,frontend_public_value,Vite,synthetic_v3,7,2.521641,0.0,0.0,0.142857,0,1,0,0,0,0,0,0,1,0,0,0
LGV3-001181,trace_id,4c5034f4-fa37-dcf4-66eb-01a1e35d9448,0,uuid_identifier,none,synthetic_v3,36,3.808271,0.555556,0.0,0.111111,0,1,1,1,0,0,0,0,0,1,0,0
LGV3-001182,api_key,vault://application/key,0,secret_reference,none,synthetic_v3,23,3.762267,0.0,0.0,0.173913,1,1,0,0,0,0,1,0,0,0,0,0
LGV3-001183,payload,harbor meadow timber meteor meteor,1,passphrase_secret,none,synthetic_v3,34,3.326454,0.0,0.0,0.117647,0,0,0,0,0,0,0,0,0,0,0,1
LGV3-001184,NEXT_PUBLIC_RELEASE_CHANNEL,stable,0,frontend_public_value,Next.js,synthetic_v3,6,2.584963,0.0,0.0,0.0,0,1,0,0,0,0,0,0,1,0,0,0
LGV3-001185,service_password,0993fc10ed469d82d4a7305ac6d5da2ddaf1f6d0,1,hex_secret,none,synthetic_v3,40,3.665312,0.55,0.0,0.0,1,1,1,0,1,1,0,0,0,0,0,0
LGV3-001186,checksum,42ae36d89d81d375669bc401201c1dca376138bafb056c9e10bf671af51bb062,0,artifact_digest,none,synthetic_v3,64,3.885934,0.640625,0.0,0.0,0,1,1,0,1,1,0,0,0,1,0,0
LGV3-001187,NEXT_PUBLIC_RELEASE_CHANNEL,preview,0,frontend_public_value,Next.js,synthetic_v3,7,2.521641,0.0,0.0,0.0,0,1,0,0,0,0,0,0,1,0,0,0
LGV3-001188,VITE_CLIENT_SECRET,uwzh92USFw1ZlkucuWRWeKtyoEIvVp-eX-XW,1,client_exposed_secret,Vite,synthetic_v3,36,4.683542,0.083333,0.388889,0.055556,1,1,1,0,0,0,0,0,1,0,0,0
LGV3-001189,feature_mode,production,0,normal_config,none,synthetic_v3,10,3.121928,0.0,0.0,0.0,0,1,0,0,0,0,0,0,0,0,0,0
LGV3-001190,service_url,enabled,0,normal_config,none,synthetic_v3,7,2.521641,0.0,0.0,0.0,0,1,0,0,0,0,0,0,0,0,0,0
LGV3-001191,client_secret,voyage-voyage-forest-forest-meteor,1,passphrase_secret,none,synthetic_v3,34,3.421898,0.0,0.0,0.117647,1,1,0,0,0,0,0,0,0,0,0,1
LGV3-001192,session_data,b5b9b336-5d4f-4f44-1c5e-fdf2b39a52f2,1,uuid_shaped_secret,none,synthetic_v3,36,3.583275,0.5,0.0,0.111111,0,1,1,1,0,0,0,0,0,0,0,0
LGV3-001193,result,WwXBFOq04ndmyDJw.OryI3CJeycuMfVjW_7_Czoc2pSg.l8tnpa7k9xzRlNscA_O2zJ94,1,jwt_like_secret,none,synthetic_v3,69,5.376215,0.15942,0.304348,0.072464,0,1,1,0,0,0,0,0,0,0,1,0
LGV3-001194,session_data,0e369c63a1fe0cefbca01034741c15f04efff6e6f33979ec74838ce0b194f362,1,hex_secret,none,synthetic_v3,64,3.688964,0.609375,0.0,0.0,0,1,1,0,1,1,0,0,0,0,0,0
LGV3-001195,value,ccccdb229c686ddec7b134a2d6273ff054819814ac981763879c91788f97e373,1,hash_shaped_secret,none,synthetic_v3,64,3.788409,0.671875,0.0,0.0,0,1,1,0,1,1,0,0,0,0,0,0
LGV3-001196,release_description,development default preview runtime runtime,0,safe_phrase,none,synthetic_v3,43,3.757092,0.0,0.0,0.093023,0,0,0,0,0,0,0,0,0,0,0,1
LGV3-001197,result,0949fcf1db7e4637acf48fb5a213b157299cb19ea9f7f56c,1,hex_secret,none,synthetic_v3,48,3.808208,0.583333,0.0,0.0,0,1,1,0,0,1,0,0,0,0,0,0
LGV3-001198,NEXT_PUBLIC_RELEASE_CHANNEL,preview,0,frontend_public_value,Next.js,synthetic_v3,7,2.521641,0.0,0.0,0.0,0,1,0,0,0,0,0,0,1,0,0,0
LGV3-001199,token_example,p_YH6Vdz5I97ugqJ.N6hAmDLfaBIoMYoGZFOay50eNxM.zcMYm1VB6dFYJGmr3gcC6nan,0,documentation_jwt,none,synthetic_v3,69,5.235124,0.15942,0.405797,0.043478,1,1,1,0,0,0,0,0,0,0,1,0
LGV3-001200,documentation_token,xkPXPX5UOQ2JiKDF.qUGvmJ0ljZ4h60bkVvXISspVL6U.ewB9wVmzHcixOU0EiFJ5uakA,0,documentation_jwt,none,synthetic_v3,69,5.289259,0.144928,0.449275,0.028986,1,1,1,0,0,0,0,0,0,0,1,0
LGV3-001201,connector_value,ed3a3a28304b91419cc59845477f4693dfe7c7830fcaa2ab,1,hex_secret,none,synthetic_v3,48,3.869573,0.625,0.0,0.0,0,1,1,0,0,1,0,0,0,0,0,0
LGV3-001202,access_token,YOUR_API_KEY_HERE,0,placeholder,none,synthetic_v3,17,3.29277,0.0,0.823529,0.176471,1,1,0,0,0,0,0,1,0,0,0,0
LGV3-001203,NEXT_PUBLIC_API_KEY,w9eBYfcU0aVtg5OP0X64WNhcbg-3nxbs_6ZP,1,client_exposed_secret,Next.js,synthetic_v3,36,4.836592,0.222222,0.305556,0.055556,1,1,1,0,0,0,0,0,1,0,0,0
LGV3-001204,public_id,5S6A2UQTJXA5OHN2FC3D6PD62X,0,public_identifier,none,synthetic_v3,26,4.026987,0.346154,0.653846,0.0,0,1,1,0,0,0,0,0,0,1,0,0
LGV3-001205,signing_secret,${API_KEY},0,secret_reference,none,synthetic_v3,10,3.321928,0.0,0.6,0.4,1,1,0,0,0,0,1,0,0,0,0,0
LGV3-001206,NEXT_PUBLIC_API_KEY,vtymRWIe87zTVHZ5f1eOA0uRBt-rUpnWvSPO,1,client_exposed_secret,Next.js,synthetic_v3,36,4.836592,0.138889,0.444444,0.027778,1,1,1,0,0,0,0,0,1,0,0,0
LGV3-001207,session_data,8e92331e-be1b-3b1d-4365-42039dbbfac1,1,uuid_shaped_secret,none,synthetic_v3,36,3.726198,0.527778,0.0,0.111111,0,1,1,1,0,0,0,0,0,0,0,0
LGV3-001208,database_password,YOUR_API_KEY_HERE,0,placeholder,none,synthetic_v3,17,3.29277,0.0,0.823529,0.176471,1,1,0,0,0,0,0,1,0,0,0,0
LGV3-001209,jwt_example,27dw8IvK6AIIwl7g.K8wj6TehGIPL1nP0isebI893708.S2H89nitkntUCULmTWpg9Dyx,0,documentation_jwt,none,synthetic_v3,69,5.119556,0.275362,0.318841,0.028986,0,1,1,0,0,0,0,0,0,0,1,0
LGV3-001210,signing_secret,cdf6db4fd80607a5412ce330554109925397181e,1,hash_shaped_secret,none,synthetic_v3,40,3.896439,0.725,0.0,0.0,1,1,1,0,1,1,0,0,0,0,0,0
LGV3-001211,result,21dc3ed8-0651-76d8-25f5-1b7c74d03557,1,uuid_shaped_secret,none,synthetic_v3,36,3.715355,0.638889,0.0,0.111111,0,1,1,1,0,0,0,0,0,0,0,0
LGV3-001212,database_password,a272cbb1f6b620f2036e52c6477b79b4f11359dc7d453612f1affc2895b694b8,1,hash_shaped_secret,none,synthetic_v3,64,3.839114,0.65625,0.0,0.0,1,1,1,0,1,1,0,0,0,0,0,0
LGV3-001213,jwt_example,d5ABxO0b4NBbDBLT.fbBZLUpFfNxJjiLMzIi6ldJjNx4.5oyTdw3eTYAwwjjNtNexwUCU,0,documentation_jwt,none,synthetic_v3,69,4.90006,0.101449,0.434783,0.028986,0,1,1,0,0,0,0,0,0,0,1,0
LGV3-001214,result,XkiQsGtk%qI9a@21BS4oq_ZFQFrJo3M3,1,random_secret,none,synthetic_v3,32,4.625,0.1875,0.375,0.09375,0,1,1,0,0,0,0,0,0,0,0,0
LGV3-001215,value,7d97da10-9d1e-fc81-e9a1-695b894542b6,1,uuid_shaped_secret,none,synthetic_v3,36,3.826466,0.583333,0.0,0.111111,0,1,1,1,0,0,0,0,0,0,0,0
LGV3-001216,setting,a1334442df70aba4fdb4c7e1b1533ad825f5c6a386fb0ccf323bcec763fc4929,1,hex_secret,none,synthetic_v3,64,3.848988,0.5625,0.0,0.0,0,1,1,0,1,1,0,0,0,0,0,0
LGV3-001217,material,NipMj9Kdp@OKOl5ubB6$Pgro_03Z@42B,1,random_secret,none,synthetic_v3,32,4.6875,0.21875,0.3125,0.125,0,1,1,0,0,0,0,0,0,0,0,0
LGV3-001218,NEXT_PUBLIC_ACCESS_TOKEN,4GyRj60NWQwdyZMofCVKuSRKpke7coiuUuRi,1,client_exposed_secret,Next.js,synthetic_v3,36,4.683542,0.111111,0.416667,0.0,1,1,1,0,0,0,0,0,1,0,0,0
LGV3-001219,connector_value,1002810bfaf5da7e6a386289ff55ba08,1,hex_secret,none,synthetic_v3,32,3.60141,0.625,0.0,0.0,0,1,1,0,0,1,0,0,0,0,0,0
LGV3-001220,artifact_digest,a619b5d524bf558e1903068e61ad354dd44c2c49dc1fc0cdeea96bc9d473b69c,0,artifact_digest,none,synthetic_v3,64,3.846774,0.578125,0.0,0.0,0,1,1,0,1,1,0,0,0,1,0,0
LGV3-001221,client_secret,01dd6d9e801e3b752bd216e321b4bc49d665ade294bb580897af6c21c05f4cb0,1,hash_shaped_secret,none,synthetic_v3,64,3.900708,0.609375,0.0,0.0,1,1,1,0,1,1,0,0,0,0,0,0
LGV3-001222,VITE_API_KEY,BODRd9rCGksMs3H0-TdlqCbFWeDuHvFJ-BgI,1,client_exposed_secret,Vite,synthetic_v3,36,4.725481,0.083333,0.5,0.055556,1,1,1,0,0,0,0,0,1,0,0,0
LGV3-001223,commit_sha,897244a0037e04a0c73b60f8625720f97599410b,0,commit_hash,none,synthetic_v3,40,3.671528,0.8,0.0,0.0,0,1,1,0,1,1,0,0,0,1,0,0
LGV3-001224,connector_value,a35c1461-6127-6516-0bcb-29210b9edb0d,1,uuid_shaped_secret,none,synthetic_v3,36,3.694386,0.611111,0.0,0.111111,0,1,1,1,0,0,0,0,0,0,0,0
LGV3-001225,material,voyage-meteor-harbor-harbor-silver-timber,1,passphrase_secret,none,synthetic_v3,41,3.640953,0.0,0.0,0.121951,0,1,0,0,0,0,0,0,0,0,0,1
LGV3-001226,release_description,service service enable stable preview,0,safe_phrase,none,synthetic_v3,37,3.491916,0.0,0.0,0.108108,0,0,0,0,0,0,0,0,0,0,0,1
LGV3-001227,NEXT_PUBLIC_RELEASE_CHANNEL,public-dashboard,0,frontend_public_value,Next.js,synthetic_v3,16,3.625,0.0,0.0,0.0625,0,1,0,0,0,0,0,0,1,0,0,0
LGV3-001228,service_password,aa5fd59836df4aef2c7f165e6aad3f08a31b7beb,1,hex_secret,none,synthetic_v3,40,3.78071,0.475,0.0,0.0,1,1,1,0,1,1,0,0,0,0,0,0
LGV3-001229,service_password,timber.harbor.lantern.forest.canyon,1,passphrase_secret,none,synthetic_v3,35,3.739878,0.0,0.0,0.114286,1,1,0,0,0,0,0,0,0,0,0,1
LGV3-001230,commit_sha,a62bf3f5f5762ed31ef0f55b791d3ce4bb8e85e6,0,commit_hash,none,synthetic_v3,40,3.763461,0.55,0.0,0.0,0,1,1,0,1,1,0,0,0,1,0,0
LGV3-001231,payload,0f845001-6b8b-3de1-469a-c03e954a3731,1,uuid_shaped_secret,none,synthetic_v3,36,3.850209,0.638889,0.0,0.111111,0,1,1,1,0,0,0,0,0,0,0,0
LGV3-001232,signing_secret,CtEntlxoH1cov7TK.zpIVfQIJX8XRmcHdMdnXCxDYXZw._i_yjccx8kw-WOzFMT5S795r,1,jwt_like_secret,none,synthetic_v3,69,5.343961,0.115942,0.391304,0.072464,1,1,1,0,0,0,0,0,0,0,1,0
LGV3-001233,session_data,@vSrNfxqY8CS3Oj_!CXpInqNpOfbdKlS,1,random_secret,none,synthetic_v3,32,4.47641,0.0625,0.40625,0.09375,0,1,1,0,0,0,0,0,0,0,0,0
LGV3-001234,application_setting,enable production development service default,0,safe_phrase,none,synthetic_v3,45,3.94131,0.0,0.0,0.088889,0,0,0,0,0,0,0,0,0,0,0,1
LGV3-001235,access_token,forest.harbor.meadow.orbit.ocean.island,1,passphrase_secret,none,synthetic_v3,39,3.850167,0.0,0.0,0.128205,1,1,0,0,0,0,0,0,0,0,0,1
LGV3-001236,value,37f0260e1a7b32e8568d81dfaaf72240,1,hex_secret,none,synthetic_v3,32,3.694549,0.65625,0.0,0.0,0,1,1,0,0,1,0,0,0,0,0,0
LGV3-001237,connector_value,68d831b3-c84e-9041-97fe-fc350ea4a628,1,uuid_shaped_secret,none,synthetic_v3,36,3.940351,0.583333,0.0,0.111111,0,1,1,1,0,0,0,0,0,0,0,0
LGV3-001238,material,b129f84dd6a6034bc937292cb8f62616,1,hex_secret,none,synthetic_v3,32,3.652518,0.6875,0.0,0.0,0,1,1,0,0,1,0,0,0,0,0,0
LGV3-001239,VITE_API_KEY,0mJWo6ZqOG3hjqTmXQTYF2zTWSnpzMFV8tip,1,client_exposed_secret,Vite,synthetic_v3,36,4.704511,0.138889,0.472222,0.0,1,1,1,0,0,0,0,0,1,0,0,0
LGV3-001240,commit_sha,86981b45c008e907496662ba97285070808e8899,0,commit_hash,none,synthetic_v3,40,3.377567,0.85,0.0,0.0,0,1,1,0,1,1,0,0,0,1,0,0
LGV3-001241,feature_mode,enabled,0,normal_config,none,synthetic_v3,7,2.521641,0.0,0.0,0.0,0,1,0,0,0,0,0,0,0,0,0,0
LGV3-001242,documentation_token,ImkW5JLgpjYcGUR9.AssW7JCFVFO7SX9wM2ntGCFHF-U.FLaYpwjxpxMX-Gu6vcgbHL2Y,0,documentation_jwt,none,synthetic_v3,69,5.142884,0.115942,0.492754,0.057971,1,1,1,0,0,0,0,0,0,0,1,0
LGV3-001243,api_key,$env:ACCESS_TOKEN,0,secret_reference,none,synthetic_v3,17,3.734522,0.0,0.647059,0.176471,1,1,1,0,0,0,1,0,0,0,0,0
LGV3-001244,request_id,1ae00329-224a-759b-dae5-354b120ab5cd,0,uuid_identifier,none,synthetic_v3,36,3.683542,0.555556,0.0,0.111111,0,1,1,1,0,0,0,0,0,1,0,0
LGV3-001245,commit_sha,2ca967ea7e4fa87aa51e404bc104fefca4e20384,0,commit_hash,none,synthetic_v3,40,3.63071,0.55,0.0,0.0,0,1,1,0,1,1,0,0,0,1,0,0
LGV3-001246,VITE_API_KEY,emkexqpyYca7DXZHIJXZcx2Y_-UdAxllR7H8,1,client_exposed_secret,Vite,synthetic_v3,36,4.5934,0.111111,0.388889,0.055556,1,1,1,0,0,0,0,0,1,0,0,0
LGV3-001247,commit_sha,de6ecdfd28c8bac0bbc9556e0b745f5707c75513,0,commit_hash,none,synthetic_v3,40,3.737326,0.55,0.0,0.0,0,1,1,0,1,1,0,0,0,1,0,0
LGV3-001248,jwt_example,8Xvi5OPfKRo-mECi.KttSUIrDD1pQuoseqjbK1FoKxKM.4FnXhFEA4rdQeWPdAqRlpwY4,0,documentation_jwt,none,synthetic_v3,69,5.269766,0.101449,0.434783,0.043478,0,1,1,0,0,0,0,0,0,0,1,0
LGV3-001249,VITE_CLIENT_SECRET,gqIkYpTMS1yP6cvK_KalzaZZPTyyMMIPH8Sl,1,client_exposed_secret,Vite,synthetic_v3,36,4.384795,0.083333,0.5,0.027778,1,1,1,0,0,0,0,0,1,0,0,0
LGV3-001250,access_token,vault://application/key,0,secret_reference,none,synthetic_v3,23,3.762267,0.0,0.0,0.173913,1,1,0,0,0,0,1,0,0,0,0,0
LGV3-001251,environment,debug,0,normal_config,none,synthetic_v3,5,2.321928,0.0,0.0,0.0,0,1,0,0,0,0,0,0,0,0,0,0
LGV3-001252,signing_secret,e0026ed8-346d-68ae-c37e-9dda1bc95da8,1,uuid_shaped_secret,none,synthetic_v3,36,3.784528,0.472222,0.0,0.111111,1,1,1,1,0,0,0,0,0,0,0,0
LGV3-001253,VITE_CLIENT_SECRET,Y_PgaPZMsDytpYo41HktBmudzFWcKHZ0_9yU,1,client_exposed_secret,Vite,synthetic_v3,36,4.781036,0.111111,0.416667,0.055556,1,1,1,0,0,0,0,0,1,0,0,0
LGV3-001254,api_key,Oo9J5-pQejCLviLb.4YaI1zpCIBQUgSnsiNPVmzqMYJc.T8fzExE9X8caZljsnns8KKFQ,1,jwt_like_secret,none,synthetic_v3,69,5.35817,0.115942,0.42029,0.043478,1,1,1,0,0,0,0,0,0,0,1,0
LGV3-001255,database_password,0YrRvur50CFIxYwk._dNmqBBjrL_AbWHlr_bAw2qgOCk.g3lv792RbYk9u9iZztjvxacb,1,jwt_like_secret,none,synthetic_v3,69,5.126286,0.144928,0.275362,0.072464,1,1,1,0,0,0,0,0,0,0,1,0
LGV3-001256,VITE_API_KEY,tLCFdIBTCqaZJn0rvx4AF5iTftvLELoBrOvk,1,client_exposed_secret,Vite,synthetic_v3,36,4.572431,0.083333,0.472222,0.0,1,1,1,0,0,0,0,0,1,0,0,0
LGV3-001257,database_password,TOKEN_PLACEHOLDER,0,placeholder,none,synthetic_v3,17,3.572469,0.0,0.941176,0.058824,1,1,0,0,0,0,0,1,0,0,0,0
LGV3-001258,application_setting,public-preview-stable-runtime,0,safe_phrase,none,synthetic_v3,29,3.840403,0.0,0.0,0.103448,0,1,0,0,0,0,0,0,0,0,0,1
LGV3-001259,NEXT_PUBLIC_RELEASE_CHANNEL,eu-west,0,frontend_public_value,Next.js,synthetic_v3,7,2.521641,0.0,0.0,0.142857,0,1,0,0,0,0,0,0,1,0,0,0
LGV3-001260,payload,P01Mdl%2Qpl2qZ#SZzGBUjUm5ZB@dHs@,1,random_secret,none,synthetic_v3,32,4.47641,0.15625,0.40625,0.125,0,1,1,0,0,0,0,0,0,0,0,0
LGV3-001261,trace_id,70283c4e-b12d-aa4e-1f74-ca0e572c5503,0,uuid_identifier,none,synthetic_v3,36,3.77995,0.555556,0.0,0.111111,0,1,1,1,0,0,0,0,0,1,0,0
LGV3-001262,commit_sha,18abf4b8a133664d1356c31747dfc2d97e01a160,0,commit_hash,none,synthetic_v3,40,3.808695,0.675,0.0,0.0,0,1,1,0,1,1,0,0,0,1,0,0
LGV3-001263,commit_sha,b59dfc2eef0ff24c554df564b79e6c93d2639b1e,0,commit_hash,none,synthetic_v3,40,3.668454,0.55,0.0,0.0,0,1,1,0,1,1,0,0,0,1,0,0
LGV3-001264,commit_sha,563a0a4f0a53346466239f1930dbd701db688c85,0,commit_hash,none,synthetic_v3,40,3.747085,0.725,0.0,0.0,0,1,1,0,1,1,0,0,0,1,0,0
LGV3-001265,deployment_mode,stable-preview-development-preview,0,safe_phrase,none,synthetic_v3,34,3.667914,0.0,0.0,0.088235,0,1,0,0,0,0,0,0,0,0,0,1
LGV3-001266,deployment_mode,default-service-application-enable,0,safe_phrase,none,synthetic_v3,34,3.855866,0.0,0.0,0.088235,0,1,0,0,0,0,0,0,0,0,0,1
LGV3-001267,commit_sha,0d9bf8efc8664cdeae5399583425945a610656e7,0,commit_hash,none,synthetic_v3,40,3.803702,0.675,0.0,0.0,0,1,1,0,1,1,0,0,0,1,0,0
LGV3-001268,session_data,u@iFfBavk5B6#FCN-BRfZ@i!8iu_Oe@E,1,random_secret,none,synthetic_v3,32,4.366729,0.09375,0.34375,0.21875,0,1,1,0,0,0,0,0,0,0,0,0
LGV3-001269,trace_id,6add97e9-d236-332b-6f8f-c2afd7a7090a,0,uuid_identifier,none,synthetic_v3,36,3.655222,0.5,0.0,0.111111,0,1,1,1,0,0,0,0,0,1,0,0
LGV3-001270,client_secret,e355da864b05292ca3070f0b62317aaee627c38a,1,hash_shaped_secret,none,synthetic_v3,40,3.806198,0.65,0.0,0.0,1,1,1,0,1,1,0,0,0,0,0,0
LGV3-001271,VITE_CLIENT_SECRET,Eb9vYLFErQGnRR1Ei8lRerpqijZ_JWXUG2V8,1,client_exposed_secret,Vite,synthetic_v3,36,4.683542,0.138889,0.5,0.027778,1,1,1,0,0,0,0,0,1,0,0,0
LGV3-001272,access_token,vault://application/key,0,secret_reference,none,synthetic_v3,23,3.762267,0.0,0.0,0.173913,1,1,0,0,0,0,1,0,0,0,0,0
LGV3-001273,VITE_PUBLIC_REGION,eu-west,0,frontend_public_value,Vite,synthetic_v3,7,2.521641,0.0,0.0,0.142857,0,1,0,0,0,0,0,0,1,0,0,0
LGV3-001274,VITE_API_KEY,LNQyXq0blaLr7NqJBnHSR-drIaruO3a2fSGe,1,client_exposed_secret,Vite,synthetic_v3,36,4.683542,0.111111,0.416667,0.027778,1,1,1,0,0,0,0,0,1,0,0,0
LGV3-001275,value,silver-bridge-lantern-meteor-amber-forest,1,passphrase_secret,none,synthetic_v3,41,3.710582,0.0,0.0,0.121951,0,1,0,0,0,0,0,0,0,0,0,1
LGV3-001276,client_secret,6f5d0d24a18bb57f8ac655ec2639406464e638e4,1,hex_secret,none,synthetic_v3,40,3.806198,0.675,0.0,0.0,1,1,1,0,1,1,0,0,0,0,0,0
LGV3-001277,NEXT_PUBLIC_ACCESS_TOKEN,UbAIGMqTO6eppMlDvazl5sSN5HsaBJ182BG4,1,client_exposed_secret,Next.js,synthetic_v3,36,4.725481,0.194444,0.444444,0.0,1,1,1,0,0,0,0,0,1,0,0,0
LGV3-001278,trace_id,b37ac34a-f4e9-a7b5-67b8-1c403fcf47dd,0,uuid_identifier,none,synthetic_v3,36,3.787302,0.472222,0.0,0.111111,0,1,1,1,0,0,0,0,0,1,0,0
LGV3-001279,commit_sha,aecc21579f9823c2ace2fc973557fe3e5df1ec07,0,commit_hash,none,synthetic_v3,40,3.506198,0.55,0.0,0.0,0,1,1,0,1,1,0,0,0,1,0,0
LGV3-001280,build_id,YLAA0XUIQBZEEFE5IWI02NDSLD,0,public_identifier,none,synthetic_v3,26,4.026987,0.153846,0.846154,0.0,0,1,1,0,0,0,0,0,0,1,0,0
LGV3-001281,payload,f5b37c3477734cd733d02acef00b3fcb66f52de7,1,hex_secret,none,synthetic_v3,40,3.539823,0.575,0.0,0.0,0,1,1,0,1,1,0,0,0,0,0,0
LGV3-001282,documentation_token,cg8lsLcO0t-uwW1y.GUddAFa-HOTS3W7pW2pNJflJNf0.Prvy3-mvh8TSAh1EnGqd2yUT,0,documentation_jwt,none,synthetic_v3,69,5.213243,0.15942,0.362319,0.072464,1,1,1,0,0,0,0,0,0,0,1,0
LGV3-001283,jwt_example,teAUHEo4WdKRa_oJ.3Pf2JaSvaCLi-m4YsMA6HdP50po.vuKqQ9Jz7m68-PRnvOlqgYbx,0,documentation_jwt,none,synthetic_v3,69,5.416141,0.15942,0.362319,0.072464,0,1,1,0,0,0,0,0,0,0,1,0
LGV3-001284,database_password,${DATABASE_PASSWORD},0,secret_reference,none,synthetic_v3,20,3.584184,0.0,0.8,0.2,1,1,0,0,0,0,1,0,0,0,0,0
LGV3-001285,connector_value,162e6f12cbc8fcf582f4440210566d55c7eb24dd,1,hash_shaped_secret,none,synthetic_v3,40,3.593943,0.625,0.0,0.0,0,1,1,0,1,1,0,0,0,0,0,0
LGV3-001286,setting,be72e25620427fa04a8771a617847f4a0de3a81e,1,hex_secret,none,synthetic_v3,40,3.587326,0.675,0.0,0.0,0,1,1,0,1,1,0,0,0,0,0,0
LGV3-001287,artifact_digest,77eb4f2cc61b96d598050b917c6e7b00eda90371cdcfa28af256033888bf818b,0,artifact_digest,none,synthetic_v3,64,3.899693,0.625,0.0,0.0,0,1,1,0,1,1,0,0,0,1,0,0
LGV3-001288,material,6afe39543b774d9ad0436b927af8a414,1,hex_secret,none,synthetic_v3,32,3.691428,0.65625,0.0,0.0,0,1,1,0,0,1,0,0,0,0,0,0
LGV3-001289,VITE_PUBLIC_REGION,stable,0,frontend_public_value,Vite,synthetic_v3,6,2.584963,0.0,0.0,0.0,0,1,0,0,0,0,0,0,1,0,0,0
LGV3-001290,api_key,96eff26c-45a1-ce0d-ec77-5d09d1a765cf,1,uuid_shaped_secret,none,synthetic_v3,36,3.710777,0.472222,0.0,0.111111,1,1,1,1,0,0,0,0,0,0,0,0
LGV3-001291,api_key,${DATABASE_PASSWORD},0,secret_reference,none,synthetic_v3,20,3.584184,0.0,0.8,0.2,1,1,0,0,0,0,1,0,0,0,0,0
LGV3-001292,release_description,production service preview service,0,safe_phrase,none,synthetic_v3,34,3.564685,0.0,0.0,0.088235,0,0,0,0,0,0,0,0,0,0,0,1
LGV3-001293,connector_value,lantern.amber.timber.meteor,1,passphrase_secret,none,synthetic_v3,27,3.278061,0.0,0.0,0.111111,0,1,0,0,0,0,0,0,0,0,0,1
LGV3-001294,service_password,replace-me,0,placeholder,none,synthetic_v3,10,2.846439,0.0,0.0,0.1,1,1,0,0,0,0,0,1,0,0,0,0
LGV3-001295,signing_secret,d034aea83b9539437f05c413a288c3b3,1,hex_secret,none,synthetic_v3,32,3.62762,0.6875,0.0,0.0,1,1,1,0,0,1,0,0,0,0,0,0
LGV3-001296,deployment_mode,release-development-stable-production,0,safe_phrase,none,synthetic_v3,37,3.839966,0.0,0.0,0.081081,0,1,0,0,0,0,0,0,0,0,0,1
LGV3-001297,request_id,2dcf2206-6b1c-2504-e504-d7c4730c7f1d,0,uuid_identifier,none,synthetic_v3,36,3.662573,0.583333,0.0,0.111111,0,1,1,1,0,0,0,0,0,1,0,0
LGV3-001298,result,5a6aa16bacb59cba9056c04d30bebd8db24cbba0,1,hash_shaped_secret,none,synthetic_v3,40,3.477567,0.45,0.0,0.0,0,1,1,0,1,1,0,0,0,0,0,0
LGV3-001299,NEXT_PUBLIC_ACCESS_TOKEN,eHHhgfbrxdXjBM_BjdE_biy6f4ri4zQW0Qus,1,client_exposed_secret,Next.js,synthetic_v3,36,4.558814,0.111111,0.277778,0.055556,1,1,1,0,0,0,0,0,1,0,0,0
LGV3-001300,service_password,I2pkUlLKCx#oS4G#dgbRHqd3mYwnO5vh,1,random_secret,none,synthetic_v3,32,4.875,0.125,0.34375,0.0625,1,1,1,0,0,0,0,0,0,0,0,0
LGV3-001301,documentation_token,RwV0u-kIdaEg1Z0P.TpOdNA3QmCkgj74aOszTTAkS-bA.s2Hl7FdlCvSHaG6bGyz5k6RU,0,documentation_jwt,none,synthetic_v3,69,5.253169,0.15942,0.391304,0.057971,1,1,1,0,0,0,0,0,0,0,1,0
LGV3-001302,runtime_data,482bda4ea030ec49228c1e9d9bf239b8,1,hex_secret,none,synthetic_v3,32,3.593139,0.59375,0.0,0.0,0,1,1,0,0,1,0,0,0,0,0,0
LGV3-001303,database_password,timber-island-silver-orbit-bridge-silver,1,passphrase_secret,none,synthetic_v3,40,3.647085,0.0,0.0,0.125,1,1,0,0,0,0,0,0,0,0,0,1
LGV3-001304,result,a9eb42b6-498b-cdb2-126c-8d4e35e34502,1,uuid_shaped_secret,none,synthetic_v3,36,3.760067,0.555556,0.0,0.111111,0,1,1,1,0,0,0,0,0,0,0,0
LGV3-001305,deployment_mode,runtime-production-service-public,0,safe_phrase,none,synthetic_v3,33,3.839108,0.0,0.0,0.090909,0,1,0,0,0,0,0,0,0,0,0,1
LGV3-001306,NEXT_PUBLIC_RELEASE_CHANNEL,stable,0,frontend_public_value,Next.js,synthetic_v3,6,2.584963,0.0,0.0,0.0,0,1,0,0,0,0,0,0,1,0,0,0
LGV3-001307,result,ocean-ocean-meadow-summit,1,passphrase_secret,none,synthetic_v3,25,3.532879,0.0,0.0,0.12,0,1,0,0,0,0,0,0,0,0,0,1
LGV3-001308,event_uuid,a8bc9acf-607c-78f4-8aac-89e56c3e7077,0,uuid_identifier,none,synthetic_v3,36,3.580501,0.5,0.0,0.111111,0,1,1,1,0,0,0,0,0,1,0,0
LGV3-001309,release_description,service release runtime region,0,safe_phrase,none,synthetic_v3,30,3.534849,0.0,0.0,0.1,0,0,0,0,0,0,0,0,0,0,0,1
LGV3-001310,commit_sha,1d2f9d9d9b7e9196e0415f134fefd905e0122c84,0,commit_hash,none,synthetic_v3,40,3.637326,0.65,0.0,0.0,0,1,1,0,1,1,0,0,0,1,0,0
LGV3-001311,public_id,YFMITI754RJ92NUYVKBLBAMFNN,0,public_identifier,none,synthetic_v3,26,4.132944,0.192308,0.807692,0.0,0,1,1,0,0,0,0,0,0,1,0,0
LGV3-001312,public_id,QG0SE1OMBYUTSH5H3F4D5U6ZVB,0,public_identifier,none,synthetic_v3,26,4.315824,0.269231,0.730769,0.0,0,1,1,0,0,0,0,0,0,1,0,0
LGV3-001313,service_password,Wjs6gxzOeVK4dizg.FvJhvdwvRU2tIHKeoSZy4WG5WeM.Rm7vb0L3A9NpBswnbaDJAbID,1,jwt_like_secret,none,synthetic_v3,69,5.409037,0.130435,0.391304,0.028986,1,1,1,0,0,0,0,0,0,0,1,0
LGV3-001314,artifact_digest,49e31ae2ea43bb572a5de7d4d3fac5b8a9c34b9db88929abb8b668fe674ccb58,0,artifact_digest,none,synthetic_v3,64,3.771212,0.53125,0.0,0.0,0,1,1,0,1,1,0,0,0,1,0,0
LGV3-001315,checksum,573fe97c7da054d7e656024fa63c29163e9fb13279732292a2572f3dac87b5aa,0,artifact_digest,none,synthetic_v3,64,3.804633,0.671875,0.0,0.0,0,1,1,0,1,1,0,0,0,1,0,0
LGV3-001316,artifact_digest,fca4b835d5ca8d55ec18b7aac1c0632e174a8d2ee00a73571b77e6ea641da7b9,0,artifact_digest,none,synthetic_v3,64,3.827973,0.5625,0.0,0.0,0,1,1,0,1,1,0,0,0,1,0,0
LGV3-001317,client_secret,%SERVICE_TOKEN%,0,secret_reference,none,synthetic_v3,15,3.456565,0.0,0.8,0.2,1,1,0,0,0,0,1,0,0,0,0,0
LGV3-001318,signing_secret,ldcvnc4UtHYJCzx1.mcevfvDOAmMZlRKaC5Io3TgNJ8I.C-ie4R62Pfh5BX_6lVQYudKM,1,jwt_like_secret,none,synthetic_v3,69,5.427082,0.144928,0.405797,0.057971,1,1,1,0,0,0,0,0,0,0,1,0
LGV3-001319,access_token,DvsMQSqt2QRrc_UY.dxFu8l7awwQw8_duYF2ZlGO_LDg.XC8yGHdbROnKZ5mkTRN0pqlW,1,jwt_like_secret,none,synthetic_v3,69,5.336289,0.115942,0.42029,0.072464,1,1,1,0,0,0,0,0,0,0,1,0
LGV3-001320,deployment_mode,production-service-release-application,0,safe_phrase,none,synthetic_v3,38,3.770586,0.0,0.0,0.078947,0,1,0,0,0,0,0,0,0,0,0,1
LGV3-001321,event_uuid,bf84f110-360a-1c1d-000c-a27bbfac802d,0,uuid_identifier,none,synthetic_v3,36,3.599666,0.5,0.0,0.111111,0,1,1,1,0,0,0,0,0,1,0,0
LGV3-001322,commit_sha,63a706a041395f76699e02f0481bc12a528f0fa9,0,commit_hash,none,synthetic_v3,40,3.743943,0.725,0.0,0.0,0,1,1,0,1,1,0,0,0,1,0,0
LGV3-001323,NEXT_PUBLIC_RELEASE_CHANNEL,stable,0,frontend_public_value,Next.js,synthetic_v3,6,2.584963,0.0,0.0,0.0,0,1,0,0,0,0,0,0,1,0,0,0
LGV3-001324,log_level,enabled,0,normal_config,none,synthetic_v3,7,2.521641,0.0,0.0,0.0,0,1,0,0,0,0,0,0,0,0,0,0
LGV3-001325,commit_sha,36a8ee1a1eec16ebfdd50a1008cdcc85fac45693,0,commit_hash,none,synthetic_v3,40,3.647085,0.5,0.0,0.0,0,1,1,0,1,1,0,0,0,1,0,0
LGV3-001326,jwt_example,mqqXfsIroFM8gRfo.9MAz2mfS6aOofNpvuxl-rXjI2ZI.EqFtQzekBfOUCksfGNvbviLb,0,documentation_jwt,none,synthetic_v3,69,5.231288,0.072464,0.347826,0.043478,0,1,1,0,0,0,0,0,0,0,1,0
LGV3-001327,value,42af259b-fa0a-a570-397e-164102696bd8,1,uuid_shaped_secret,none,synthetic_v3,36,3.863826,0.611111,0.0,0.111111,0,1,1,1,0,0,0,0,0,0,0,0
LGV3-001328,documentation_token,NwAl2q1sS2G9ON-I.MswH5Djz_KTpjVn30id5_9BURPI.1YC3tf2CmZbUKmyeabk2pAUW,0,documentation_jwt,none,synthetic_v3,69,5.430917,0.188406,0.391304,0.072464,1,1,1,0,0,0,0,0,0,0,1,0
LGV3-001329,access_token,t6n7VVEf-wtXmWIF.LhC8J92o10i0f7LkwZkrHN5ayrA.FJrbuPhdU7XXfNfYq-knamgR,1,jwt_like_secret,none,synthetic_v3,69,5.31114,0.15942,0.347826,0.057971,1,1,1,0,0,0,0,0,0,0,1,0
LGV3-001330,commit_sha,4fb5125fc6d5c607bf8d66049adfc6edabfc5163,0,commit_hash,none,synthetic_v3,40,3.725071,0.525,0.0,0.0,0,1,1,0,1,1,0,0,0,1,0,0
LGV3-001331,value,97cffd1d2704f7f3f5c78e3957e27c04e703904a4c85f175927c7be21f10cf5d,1,hash_shaped_secret,none,synthetic_v3,64,3.695967,0.640625,0.0,0.0,0,1,1,0,1,1,0,0,0,0,0,0
LGV3-001332,runtime_data,bafed8ff3f635e2d5f14d62336afafa2c68e75ca031a76d85eaedde978619af8,1,hex_secret,none,synthetic_v3,64,3.749793,0.515625,0.0,0.0,0,1,1,0,1,1,0,0,0,0,0,0
LGV3-001333,setting,AIyeB1jdEE31JAuG.tLpPmnpFdxRHFyFuya02yyx-Nak.Zg63GyTjkELmouOJktvxsWs1,1,jwt_like_secret,none,synthetic_v3,69,5.093465,0.115942,0.347826,0.043478,0,1,1,0,0,0,0,0,0,0,1,0
LGV3-001334,documentation_token,i8ECWsv5Vtpx0Caj.Y09TI3I7Yw8yWuIHwZCpL-C-0uM.XpJOP2NcTmsPUE9CofCTR4gX,0,documentation_jwt,none,synthetic_v3,69,5.260273,0.173913,0.463768,0.057971,1,1,1,0,0,0,0,0,0,0,1,0
LGV3-001335,VITE_PUBLIC_REGION,public-dashboard,0,frontend_public_value,Vite,synthetic_v3,16,3.625,0.0,0.0,0.0625,0,1,0,0,0,0,0,0,1,0,0,0
LGV3-001336,NEXT_PUBLIC_RELEASE_CHANNEL,stable,0,frontend_public_value,Next.js,synthetic_v3,6,2.584963,0.0,0.0,0.0,0,1,0,0,0,0,0,0,1,0,0,0
LGV3-001337,checksum,559f66d675ac7e2576f22eeac1d91c4576bdbebe7d4d225d9f2ed1b876d49634,0,artifact_digest,none,synthetic_v3,64,3.719449,0.59375,0.0,0.0,0,1,1,0,1,1,0,0,0,1,0,0
LGV3-001338,client_secret,WHdFprnUvqGt3UQZ.i2W-RnctQSXzzsFuc_cqSD38TII.ZA5E0l56lvzio9bnuRzBOFkf,1,jwt_like_secret,none,synthetic_v3,69,5.32208,0.130435,0.376812,0.057971,1,1,1,0,0,0,0,0,0,0,1,0
LGV3-001339,artifact_digest,48dd6951b9c4898b0a96a62baf30d9e6443b369bd5de3de4e57b3795ae9accdf,0,artifact_digest,none,synthetic_v3,64,3.801262,0.5625,0.0,0.0,0,1,1,0,1,1,0,0,0,1,0,0
LGV3-001340,setting,_p8jETltdWLf0jAR.CEd0Bbf6GWYipkOtiqDqgzXikjo.FBBnj40rQHRMVzFHuYkmVYjR,1,jwt_like_secret,none,synthetic_v3,69,5.178974,0.086957,0.42029,0.043478,0,1,1,0,0,0,0,0,0,0,1,0
LGV3-001341,session_data,orbit.amber.meadow.forest.harbor.island,1,passphrase_secret,none,synthetic_v3,39,3.779529,0.0,0.0,0.128205,0,1,0,0,0,0,0,0,0,0,0,1
LGV3-001342,commit_sha,5e93f784b480d8490849118ca91fc567b6b292e9,0,commit_hash,none,synthetic_v3,40,3.806198,0.725,0.0,0.0,0,1,1,0,1,1,0,0,0,1,0,0
LGV3-001343,release_description,release-stable-region-service-runtime,0,safe_phrase,none,synthetic_v3,37,3.655135,0.0,0.0,0.108108,0,1,0,0,0,0,0,0,0,0,0,1
LGV3-001344,connector_value,8220c0bcf21b1c9e41fc6c915b87c62e3a00eb78d65b0f44a771d6f234fb684d,1,hash_shaped_secret,none,synthetic_v3,64,3.903326,0.609375,0.0,0.0,0,1,1,0,1,1,0,0,0,0,0,0
LGV3-001345,event_uuid,8e75cf8b-9314-7cca-6717-697575be839f,0,uuid_identifier,none,synthetic_v3,36,3.655222,0.611111,0.0,0.111111,0,1,1,1,0,0,0,0,0,1,0,0
LGV3-001346,material,vPZqV14-tPNbk-ON9xJPCCHAWLX9gRZ0,1,random_secret,none,synthetic_v3,32,4.53891,0.15625,0.5625,0.0625,0,1,1,0,0,0,0,0,0,0,0,0
LGV3-001347,feature_mode,production,0,normal_config,none,synthetic_v3,10,3.121928,0.0,0.0,0.0,0,1,0,0,0,0,0,0,0,0,0,0
LGV3-001348,access_token,silver-winter-summit-crystal-silver,1,passphrase_secret,none,synthetic_v3,35,3.69315,0.0,0.0,0.114286,1,1,0,0,0,0,0,0,0,0,0,1
LGV3-001349,value,k2PPHAtqcf_vv-68.f7ny4B85XWYSDgdAK6Uou8J6sGY.9osFEDQO1V_TlXOa9VxC8SHe,1,jwt_like_secret,none,synthetic_v3,69,5.459903,0.202899,0.42029,0.072464,0,1,1,0,0,0,0,0,0,0,1,0
LGV3-001350,VITE_CLIENT_SECRET,c1N0mO-NnEQEWYBxK1atG0XNSK5D-AMfooEf,1,client_exposed_secret,Vite,synthetic_v3,36,4.572431,0.138889,0.527778,0.055556,1,1,1,0,0,0,0,0,1,0,0,0
LGV3-001351,api_key,TOKEN_PLACEHOLDER,0,placeholder,none,synthetic_v3,17,3.572469,0.0,0.941176,0.058824,1,1,0,0,0,0,0,1,0,0,0,0
LGV3-001352,customer_reference,2SSG23XO166FEAPW6ZWZ0VN3IL,0,public_identifier,none,synthetic_v3,26,4.132944,0.346154,0.653846,0.0,0,1,1,0,0,0,0,0,0,1,0,0
LGV3-001353,event_uuid,5ac39d12-513c-7e56-6e17-ef5a4f5a91ba,0,uuid_identifier,none,synthetic_v3,36,3.715355,0.527778,0.0,0.111111,0,1,1,1,0,0,0,0,0,1,0,0
LGV3-001354,result,2045f97137e8d0e040b248d6e4f25c8633b275bf6fb18fb4e806d9af5580563f,1,hash_shaped_secret,none,synthetic_v3,64,3.835633,0.671875,0.0,0.0,0,1,1,0,1,1,0,0,0,0,0,0
LGV3-001355,signing_secret,sample-secret-value,0,placeholder,none,synthetic_v3,19,3.405822,0.0,0.0,0.105263,1,1,0,0,0,0,0,1,0,0,0,0
LGV3-001356,api_key,a8b4eaed149fe15e72c4466bf7a282d02e201c76,1,hash_shaped_secret,none,synthetic_v3,40,3.765957,0.6,0.0,0.0,1,1,1,0,1,1,0,0,0,0,0,0
LGV3-001357,image_digest,5abb0891db7461acad7b5b85042048e7f6de3ca09da543410157b67c8d70152c,0,artifact_digest,none,synthetic_v3,64,3.855741,0.640625,0.0,0.0,0,1,1,0,1,1,0,0,0,1,0,0
LGV3-001358,signing_secret,EXAMPLE_ONLY_DO_NOT_USE,0,placeholder,none,synthetic_v3,23,3.588354,0.0,0.826087,0.173913,1,1,0,0,0,0,0,1,0,0,0,0
LGV3-001359,value,2fa8fdd0dcaa161a21cba36f49bd2ae4f0e0db22,1,hash_shaped_secret,none,synthetic_v3,40,3.597085,0.45,0.0,0.0,0,1,1,0,1,1,0,0,0,0,0,0
LGV3-001360,customer_reference,LP7C3GBDLK2XH5LM8PSDMUZUXF,0,public_identifier,none,synthetic_v3,26,4.132944,0.192308,0.807692,0.0,0,1,1,0,0,0,0,0,0,1,0,0
LGV3-001361,VITE_CLIENT_SECRET,Dp23yrehZYr926mEu-byQ6sAm-ezTTaeX0YL,1,client_exposed_secret,Vite,synthetic_v3,36,4.5934,0.194444,0.305556,0.055556,1,1,1,0,0,0,0,0,1,0,0,0
LGV3-001362,api_key,UzXiES4qrPrUcFEO.xkuayn1uFqCP4AyVYUtUvmSFN88.gGxASfMOhnMEDfRocsT-9Aje,1,jwt_like_secret,none,synthetic_v3,69,5.31114,0.086957,0.449275,0.043478,1,1,1,0,0,0,0,0,0,0,1,0
LGV3-001363,signing_secret,bridge.voyage.meteor.meadow.island,1,passphrase_secret,none,synthetic_v3,34,3.855866,0.0,0.0,0.117647,1,1,0,0,0,0,0,0,0,0,0,1
LGV3-001364,service_url,https://example.test/api,0,normal_config,none,synthetic_v3,24,3.490602,0.0,0.0,0.208333,0,1,0,0,0,0,0,1,0,0,0,0
LGV3-001365,commit_sha,364b51bb11653a65cef4c658f0168ba98e05453d,0,commit_hash,none,synthetic_v3,40,3.637326,0.675,0.0,0.0,0,1,1,0,1,1,0,0,0,1,0,0
LGV3-001366,service_password,%SERVICE_TOKEN%,0,secret_reference,none,synthetic_v3,15,3.456565,0.0,0.8,0.2,1,1,0,0,0,0,1,0,0,0,0,0
LGV3-001367,material,Qs2K1KoCQBAY4Lxk.E-YBaWPMUzclDF0CxlJNo8ZzCf0.l8Np6I_zmv9WKzL89wpMjmQI,1,jwt_like_secret,none,synthetic_v3,69,5.242228,0.15942,0.449275,0.057971,0,1,1,0,0,0,0,0,0,0,1,0
LGV3-001368,image_digest,f05ca1e30cc26370d58d399c0ad69e251d0788c57c84a7dddc4b119613df4c87,0,artifact_digest,none,synthetic_v3,64,3.832762,0.625,0.0,0.0,0,1,1,0,1,1,0,0,0,1,0,0
LGV3-001369,request_id,97fbf282-3b64-a2e3-72c5-ab7f6a2d4650,0,uuid_identifier,none,synthetic_v3,36,3.798145,0.555556,0.0,0.111111,0,1,1,1,0,0,0,0,0,1,0,0
LGV3-001370,client_secret,M4grz8hK5HQmtBtmV#s0qm#fTlK6u0Ou,1,random_secret,none,synthetic_v3,32,4.53891,0.1875,0.28125,0.0625,1,1,1,0,0,0,0,0,0,0,0,0
LGV3-001371,payload,WN0cIxF%fD1dWnjsIK-0SEQqxsUmKHDr,1,random_secret,none,synthetic_v3,32,4.5625,0.09375,0.46875,0.0625,0,1,1,0,0,0,0,0,0,0,0,0
LGV3-001372,connector_value,8!9onmEGY3V0#JbQWlWIX7HZePOath3y,1,random_secret,none,synthetic_v3,32,4.875,0.1875,0.4375,0.0625,0,1,1,0,0,0,0,0,0,0,0,0
LGV3-001373,database_password,8296149f-332e-9bed-6885-026643c4ad11,1,uuid_shaped_secret,none,synthetic_v3,36,3.821888,0.666667,0.0,0.111111,1,1,1,1,0,0,0,0,0,0,0,0
LGV3-001374,NEXT_PUBLIC_API_KEY,sRUo4E0pvl0zmcY9NSheBoFpxzFSfZ5uivMg,1,client_exposed_secret,Next.js,synthetic_v3,36,4.781036,0.138889,0.333333,0.0,1,1,1,0,0,0,0,0,1,0,0,0
LGV3-001375,commit_sha,3ceaf80f5d24bfd7dcfb4a631e60a96205b4fd2f,0,commit_hash,none,synthetic_v3,40,3.820951,0.5,0.0,0.0,0,1,1,0,1,1,0,0,0,1,0,0
LGV3-001376,material,4lSyfI322dFaeawd3js8pidXOwtXyW9h,1,random_secret,none,synthetic_v3,32,4.47641,0.21875,0.21875,0.0,0,1,1,0,0,0,0,0,0,0,0,0
LGV3-001377,client_secret,EXAMPLE_ONLY_DO_NOT_USE,0,placeholder,none,synthetic_v3,23,3.588354,0.0,0.826087,0.173913,1,1,0,0,0,0,0,1,0,0,0,0
LGV3-001378,client_secret,harbor.meteor.bridge.island.lantern,1,passphrase_secret,none,synthetic_v3,35,3.725871,0.0,0.0,0.114286,1,1,0,0,0,0,0,0,0,0,0,1
LGV3-001379,value,e3evtc60SXX@m_J6-W#20Ar$JcIagboo,1,random_secret,none,synthetic_v3,32,4.5625,0.1875,0.25,0.15625,0,1,1,0,0,0,0,0,0,0,0,0
LGV3-001380,api_key,orbit canyon lantern orbit,1,passphrase_secret,none,synthetic_v3,26,3.430457,0.0,0.0,0.115385,1,0,0,0,0,0,0,0,0,0,0,1
LGV3-001381,value,287f6b1337db00864ec4696ab13e2ae7f8690aa1b175ce63d6ff382fd6159501,1,hash_shaped_secret,none,synthetic_v3,64,3.910178,0.65625,0.0,0.0,0,1,1,0,1,1,0,0,0,0,0,0
LGV3-001382,access_token,process.env.CLIENT_SECRET,0,secret_reference,none,synthetic_v3,25,4.053661,0.0,0.48,0.12,1,1,1,0,0,0,1,0,0,0,0,0
LGV3-001383,session_data,Om1Fy!eYg$IKBT#4nxpjOACd6XEqA#kF,1,random_secret,none,synthetic_v3,32,4.75,0.09375,0.4375,0.125,0,1,1,0,0,0,0,0,0,0,0,0
LGV3-001384,api_key,55c590c463b7549b79df3e810951d0b339476ae87ae0c49e839cacad866d72aa,1,hex_secret,none,synthetic_v3,64,3.869458,0.640625,0.0,0.0,1,1,1,0,1,1,0,0,0,0,0,0
LGV3-001385,service_password,${DATABASE_PASSWORD},0,secret_reference,none,synthetic_v3,20,3.584184,0.0,0.8,0.2,1,1,0,0,0,0,1,0,0,0,0,0
LGV3-001386,client_secret,IrWancTCp1j-xNYv.ZB9SfZuQu8jHgJvf2QZQXuAs2R4.j2D6bnbv8WZ_TgagSIAiFCqi,1,jwt_like_secret,none,synthetic_v3,69,5.202302,0.130435,0.405797,0.057971,1,1,1,0,0,0,0,0,0,0,1,0
LGV3-001387,VITE_PUBLIC_REGION,public-dashboard,0,frontend_public_value,Vite,synthetic_v3,16,3.625,0.0,0.0,0.0625,0,1,0,0,0,0,0,0,1,0,0,0
LGV3-001388,commit_sha,4d01b83210ada1b567db61fdd13ab13e718cf98f,0,commit_hash,none,synthetic_v3,40,3.714911,0.575,0.0,0.0,0,1,1,0,1,1,0,0,0,1,0,0
LGV3-001389,session_data,1df1bbeb-c725-7ce3-ba5b-0bde73039024,1,uuid_shaped_secret,none,synthetic_v3,36,3.710777,0.472222,0.0,0.111111,0,1,1,1,0,0,0,0,0,0,0,0
LGV3-001390,trace_id,04bb12a7-7068-28af-183d-d88b10969063,0,uuid_identifier,none,synthetic_v3,36,3.673417,0.666667,0.0,0.111111,0,1,1,1,0,0,0,0,0,1,0,0
LGV3-001391,feature_mode,production,0,normal_config,none,synthetic_v3,10,3.121928,0.0,0.0,0.0,0,1,0,0,0,0,0,0,0,0,0,0
LGV3-001392,access_token,14c7d6f0-6e7e-041a-04e1-f7c8f19bd404,1,uuid_shaped_secret,none,synthetic_v3,36,3.617861,0.555556,0.0,0.111111,1,1,1,1,0,0,0,0,0,0,0,0
LGV3-001393,NEXT_PUBLIC_API_KEY,bjzS0oKDdThQgJYKYBqmQePAo1pJYYN6N2mu,1,client_exposed_secret,Next.js,synthetic_v3,36,4.614369,0.111111,0.5,0.0,1,1,1,0,0,0,0,0,1,0,0,0
LGV3-001394,client_secret,EF@y%3@rRCeeWBH7!AqhLBMx00Di4JjG,1,random_secret,none,synthetic_v3,32,4.75,0.15625,0.4375,0.125,1,1,1,0,0,0,0,0,0,0,0,0
LGV3-001395,api_key,vault://application/key,0,secret_reference,none,synthetic_v3,23,3.762267,0.0,0.0,0.173913,1,1,0,0,0,0,1,0,0,0,0,0
LGV3-001396,public_id,F6K0OLDTL58OSYVGE2JQV83YBC,0,public_identifier,none,synthetic_v3,26,4.315824,0.269231,0.730769,0.0,0,1,1,0,0,0,0,0,0,1,0,0
LGV3-001397,checksum,edc9bb895121a23ac73ed6632c33c479e9b953d972c21fa57f0508fb050362a1,0,artifact_digest,none,synthetic_v3,64,3.892033,0.65625,0.0,0.0,0,1,1,0,1,1,0,0,0,1,0,0
LGV3-001398,material,LXr8j0hdOWiaKeKKPXG!%P#$Mh0yAF8t,1,random_secret,none,synthetic_v3,32,4.53891,0.125,0.4375,0.125,0,1,1,0,0,0,0,0,0,0,0,0
LGV3-001399,image_digest,35a2c60a37e7b89eb15e0186718b8fc5f82087907cb022c088c44b2fb7bcd8c6,0,artifact_digest,none,synthetic_v3,64,3.777564,0.640625,0.0,0.0,0,1,1,0,1,1,0,0,0,1,0,0
LGV3-001400,signing_secret,YOUR_API_KEY_HERE,0,placeholder,none,synthetic_v3,17,3.29277,0.0,0.823529,0.176471,1,1,0,0,0,0,0,1,0,0,0,0
LGV3-001401,VITE_CLIENT_SECRET,vVliJ-hKSFlhnyHDFTOz8H5FAVn5z-FMxaIK,1,client_exposed_secret,Vite,synthetic_v3,36,4.447703,0.083333,0.5,0.055556,1,1,1,0,0,0,0,0,1,0,0,0
LGV3-001402,VITE_CLIENT_SECRET,1ONdDPLjaI2H5WFhFDfnSz5XtqkoTA0cILFj,1,client_exposed_secret,Vite,synthetic_v3,36,4.760067,0.138889,0.5,0.0,1,1,1,0,0,0,0,0,1,0,0,0
LGV3-001403,documentation_token,nmgwX5W86DRSo-qJ.90bklzfRfhQLilRQI_jmgI3-MfU.1Af9TMDLQZHOwrf3eM2eqFN3,0,documentation_jwt,none,synthetic_v3,69,5.316797,0.15942,0.391304,0.072464,1,1,1,0,0,0,0,0,0,0,1,0
LGV3-001404,service_password,${DATABASE_PASSWORD},0,secret_reference,none,synthetic_v3,20,3.584184,0.0,0.8,0.2,1,1,0,0,0,0,1,0,0,0,0,0
LGV3-001405,api_key,fb164856-cbd2-5ead-6198-9fcfb8bcfb0a,1,uuid_shaped_secret,none,synthetic_v3,36,3.728972,0.416667,0.0,0.111111,1,1,1,1,0,0,0,0,0,0,0,0
LGV3-001406,application_setting,release public region enable public,0,safe_phrase,none,synthetic_v3,35,3.614439,0.0,0.0,0.114286,0,0,0,0,0,0,0,0,0,0,0,1
LGV3-001407,database_password,OOv5BlvMFDyBnsaVIwV@hD8auj-P_N0l,1,random_secret,none,synthetic_v3,32,4.5625,0.09375,0.40625,0.09375,1,1,1,0,0,0,0,0,0,0,0,0
LGV3-001408,deployment_mode,public public runtime enable production,0,safe_phrase,none,synthetic_v3,39,3.78465,0.0,0.0,0.102564,0,0,0,0,0,0,0,0,0,0,0,1
LGV3-001409,client_secret,%SERVICE_TOKEN%,0,secret_reference,none,synthetic_v3,15,3.456565,0.0,0.8,0.2,1,1,0,0,0,0,1,0,0,0,0,0
LGV3-001410,access_token,tFghs63BYf30vXZKLAO10bTPLag-8dCR,1,random_secret,none,synthetic_v3,32,4.75,0.21875,0.4375,0.03125,1,1,1,0,0,0,0,0,0,0,0,0
LGV3-001411,commit_sha,47b18ed56592d82f9992818ca71900a0cff909fe,0,commit_hash,none,synthetic_v3,40,3.692897,0.675,0.0,0.0,0,1,1,0,1,1,0,0,0,1,0,0
LGV3-001412,value,4Nxd5fI1oz97WE_A.cOOP52zXXt13ZhytgA_psIuvCTw.NT9Q9GAsbxW4RO7KBzjy7Ikd,1,jwt_like_secret,none,synthetic_v3,69,5.289259,0.202899,0.376812,0.057971,0,1,1,0,0,0,0,0,0,0,1,0
LGV3-001413,api_key,04dcfbba9765d8a67253334dbda31cdf4dc0f341,1,hex_secret,none,synthetic_v3,40,3.718454,0.55,0.0,0.0,1,1,1,0,1,1,0,0,0,0,0,0
LGV3-001414,build_id,UFC2KNFJYBEAISZ1YPR4CZ3ZTD,0,public_identifier,none,synthetic_v3,26,4.28679,0.153846,0.846154,0.0,0,1,1,0,0,0,0,0,0,1,0,0
LGV3-001415,VITE_CLIENT_SECRET,sQH9a1C6YsFcVaC7y8pHj8jiDHaD2BOS1QH-,1,client_exposed_secret,Vite,synthetic_v3,36,4.426734,0.222222,0.444444,0.027778,1,1,1,0,0,0,0,0,1,0,0,0
LGV3-001416,access_token,process.env.CLIENT_SECRET,0,secret_reference,none,synthetic_v3,25,4.053661,0.0,0.48,0.12,1,1,1,0,0,0,1,0,0,0,0,0
LGV3-001417,client_secret,yEWK5ctcRybZkA4TMHbJrtmNE3sWLedT,1,random_secret,none,synthetic_v3,32,4.5625,0.09375,0.46875,0.0,1,1,1,0,0,0,0,0,0,0,0,0
LGV3-001418,database_password,lantern orbit meadow harbor,1,passphrase_secret,none,synthetic_v3,27,3.633974,0.0,0.0,0.111111,1,0,0,0,0,0,0,0,0,0,0,1
LGV3-001419,access_token,vault://application/key,0,secret_reference,none,synthetic_v3,23,3.762267,0.0,0.0,0.173913,1,1,0,0,0,0,1,0,0,0,0,0
LGV3-001420,feature_mode,enabled,0,normal_config,none,synthetic_v3,7,2.521641,0.0,0.0,0.0,0,1,0,0,0,0,0,0,0,0,0,0
LGV3-001421,client_secret,EXAMPLE_ONLY_DO_NOT_USE,0,placeholder,none,synthetic_v3,23,3.588354,0.0,0.826087,0.173913,1,1,0,0,0,0,0,1,0,0,0,0
LGV3-001422,application_setting,production-public-region-development,0,safe_phrase,none,synthetic_v3,36,3.863826,0.0,0.0,0.083333,0,1,0,0,0,0,0,0,0,0,0,1
LGV3-001423,commit_sha,f40ec38c21c3b23bd77f512bc1255ca0ff59e6be,0,commit_hash,none,synthetic_v3,40,3.775071,0.55,0.0,0.0,0,1,1,0,1,1,0,0,0,1,0,0
LGV3-001424,request_id,d5fd2df8-4b49-8aaa-0f5b-74b87f826ad7,0,uuid_identifier,none,synthetic_v3,36,3.551462,0.472222,0.0,0.111111,0,1,1,1,0,0,0,0,0,1,0,0
LGV3-001425,customer_reference,PWNTOT15Z289BEU43X818MG131,0,public_identifier,none,synthetic_v3,26,4.056021,0.5,0.5,0.0,0,1,1,0,0,0,0,0,0,1,0,0
LGV3-001426,NEXT_PUBLIC_RELEASE_CHANNEL,public-dashboard,0,frontend_public_value,Next.js,synthetic_v3,16,3.625,0.0,0.0,0.0625,0,1,0,0,0,0,0,0,1,0,0,0
LGV3-001427,session_data,af70bb77-c0ff-061d-b90a-f0d5ef175465,1,uuid_shaped_secret,none,synthetic_v3,36,3.594118,0.5,0.0,0.111111,0,1,1,1,0,0,0,0,0,0,0,0
LGV3-001428,api_key,canyon.ocean.meadow.forest.canyon.timber,1,passphrase_secret,none,synthetic_v3,40,3.732333,0.0,0.0,0.125,1,1,0,0,0,0,0,0,0,0,0,1
LGV3-001429,token_example,mTnQpB7xwO7v6uq9.STZLkZJvIF7tPO3Fbvd8hMjtL8M.tb1wjOpu4ullhmMro67Qt3uw,0,documentation_jwt,none,synthetic_v3,69,5.05027,0.188406,0.304348,0.028986,1,1,1,0,0,0,0,0,0,0,1,0
LGV3-001430,customer_reference,FLU0642J8TZ7OI8YQDKSEXR4H5,0,public_identifier,none,synthetic_v3,26,4.546594,0.346154,0.653846,0.0,0,1,1,0,0,0,0,0,0,1,0,0
LGV3-001431,environment,enabled,0,normal_config,none,synthetic_v3,7,2.521641,0.0,0.0,0.0,0,1,0,0,0,0,0,0,0,0,0,0
LGV3-001432,setting,j5YPh@bmGzolH1!HZ#DL1mtY!SI!k@mn,1,random_secret,none,synthetic_v3,32,4.45282,0.09375,0.34375,0.1875,0,1,1,0,0,0,0,0,0,0,0,0
LGV3-001433,VITE_PUBLIC_REGION,preview,0,frontend_public_value,Vite,synthetic_v3,7,2.521641,0.0,0.0,0.0,0,1,0,0,0,0,0,0,1,0,0,0
LGV3-001434,api_key,EXAMPLE_ONLY_DO_NOT_USE,0,placeholder,none,synthetic_v3,23,3.588354,0.0,0.826087,0.173913,1,1,0,0,0,0,0,1,0,0,0,0
LGV3-001435,client_secret,YOUR_API_KEY_HERE,0,placeholder,none,synthetic_v3,17,3.29277,0.0,0.823529,0.176471,1,1,0,0,0,0,0,1,0,0,0,0
LGV3-001436,deployment_mode,enable-production-enable-runtime-runtime,0,safe_phrase,none,synthetic_v3,40,3.718454,0.0,0.0,0.1,0,1,0,0,0,0,0,0,0,0,0,1
LGV3-001437,environment,debug,0,normal_config,none,synthetic_v3,5,2.321928,0.0,0.0,0.0,0,1,0,0,0,0,0,0,0,0,0,0
LGV3-001438,access_token,TOKEN_PLACEHOLDER,0,placeholder,none,synthetic_v3,17,3.572469,0.0,0.941176,0.058824,1,1,0,0,0,0,0,1,0,0,0,0
LGV3-001439,client_secret,YOUR_API_KEY_HERE,0,placeholder,none,synthetic_v3,17,3.29277,0.0,0.823529,0.176471,1,1,0,0,0,0,0,1,0,0,0,0
LGV3-001440,material,f37c92d979d2e461edd3a9ed824a309cb25466841bc706d1e5578c76f16efa42,1,hex_secret,none,synthetic_v3,64,3.924341,0.640625,0.0,0.0,0,1,1,0,1,1,0,0,0,0,0,0
LGV3-001441,image_digest,60323c9ad74accb6bb0b6e34ef7d008b23d17e14e47781bb9948d89155e1b49b,0,artifact_digest,none,synthetic_v3,64,3.843946,0.625,0.0,0.0,0,1,1,0,1,1,0,0,0,1,0,0
LGV3-001442,service_password,52ce49810bc9c580d7e17726face041b0619a314,1,hash_shaped_secret,none,synthetic_v3,40,3.856198,0.675,0.0,0.0,1,1,1,0,1,1,0,0,0,0,0,0
LGV3-001443,NEXT_PUBLIC_RELEASE_CHANNEL,eu-west,0,frontend_public_value,Next.js,synthetic_v3,7,2.521641,0.0,0.0,0.142857,0,1,0,0,0,0,0,0,1,0,0,0
LGV3-001444,commit_sha,18031bea505e810167acc9bdc4c67e1cb8798db4,0,commit_hash,none,synthetic_v3,40,3.68483,0.6,0.0,0.0,0,1,1,0,1,1,0,0,0,1,0,0
LGV3-001445,value,w1iU10PWK@u6ZwOeUV#HagYNx9AO0sDQ,1,random_secret,none,synthetic_v3,32,4.6875,0.1875,0.46875,0.0625,0,1,1,0,0,0,0,0,0,0,0,0
LGV3-001446,release_description,development enable region region public,0,safe_phrase,none,synthetic_v3,39,3.800373,0.0,0.0,0.102564,0,0,0,0,0,0,0,0,0,0,0,1
LGV3-001447,access_token,a9fee4924eec5b942141cc792dff9ab129be37dec58c6bcc3b5c5432f54ad33b,1,hash_shaped_secret,none,synthetic_v3,64,3.732302,0.53125,0.0,0.0,1,1,1,0,1,1,0,0,0,0,0,0
LGV3-001448,database_password,N5Q_cEme8NZDlLVB.W7yWqCG6f2VQw2-zYDCbJGGjagg.-vltuli1tFxzt0wHxMLVlduB,1,jwt_like_secret,none,synthetic_v3,69,5.351066,0.115942,0.391304,0.072464,1,1,1,0,0,0,0,0,0,0,1,0
LGV3-001449,NEXT_PUBLIC_RELEASE_CHANNEL,stable,0,frontend_public_value,Next.js,synthetic_v3,6,2.584963,0.0,0.0,0.0,0,1,0,0,0,0,0,0,1,0,0,0
LGV3-001450,token_example,1nS6CknT4Q6r6hhd.fRcfuNqw5wUlm-AyKacRBB6RH4s._zKTnjERR4ehfLoZSCDJKl2R,0,documentation_jwt,none,synthetic_v3,69,5.191362,0.144928,0.391304,0.057971,1,1,1,0,0,0,0,0,0,0,1,0
LGV3-001451,NEXT_PUBLIC_RELEASE_CHANNEL,stable,0,frontend_public_value,Next.js,synthetic_v3,6,2.584963,0.0,0.0,0.0,0,1,0,0,0,0,0,0,1,0,0,0
LGV3-001452,VITE_API_KEY,dRPr5I8Jtg6Ouo7HBXC4zGzKNXc3qPMLDZcG,1,client_exposed_secret,Vite,synthetic_v3,36,4.892147,0.166667,0.527778,0.0,1,1,1,0,0,0,0,0,1,0,0,0
LGV3-001453,NEXT_PUBLIC_ACCESS_TOKEN,5s0anuUcYjkEo7Y-0wyqiFe2ZiD-xMIkbPki,1,client_exposed_secret,Next.js,synthetic_v3,36,4.739098,0.138889,0.277778,0.055556,1,1,1,0,0,0,0,0,1,0,0,0
LGV3-001454,request_id,353f2997-971d-f05e-9db5-b7e27d90bf9c,0,uuid_identifier,none,synthetic_v3,36,3.54411,0.555556,0.0,0.111111,0,1,1,1,0,0,0,0,0,1,0,0
LGV3-001455,checksum,3a4d3ff4390e3c792fb7bed68564eeca034cfe3f5806dc517ef4e3907f93af36,0,artifact_digest,none,synthetic_v3,64,3.780389,0.578125,0.0,0.0,0,1,1,0,1,1,0,0,0,1,0,0
LGV3-001456,NEXT_PUBLIC_ACCESS_TOKEN,Jw1VN7llLK9NJ-bXE_wmgoRCxtdrTMYKYu0r,1,client_exposed_secret,Next.js,synthetic_v3,36,4.781036,0.111111,0.444444,0.055556,1,1,1,0,0,0,0,0,1,0,0,0
LGV3-001457,result,Gz5pQSTctGYowakz.jyAsIu0rLFfdCXDoG423S-J3LuE.m-ufRMVNlAt8qgEpiZ5YOg0l,1,jwt_like_secret,none,synthetic_v3,69,5.477948,0.130435,0.391304,0.057971,0,1,1,0,0,0,0,0,0,0,1,0
LGV3-001458,VITE_CLIENT_SECRET,rXacIfRq6285yNdvHXDza9D-5trXUL83naMF,1,client_exposed_secret,Vite,synthetic_v3,36,4.683542,0.222222,0.361111,0.027778,1,1,1,0,0,0,0,0,1,0,0,0
LGV3-001459,NEXT_PUBLIC_ACCESS_TOKEN,6T0dX4hMSBj_TlW4oF9sNfatK5OkoZy7GYZh,1,client_exposed_secret,Next.js,synthetic_v3,36,4.892147,0.194444,0.416667,0.027778,1,1,1,0,0,0,0,0,1,0,0,0
LGV3-001460,deployment_mode,service public runtime enable production,0,safe_phrase,none,synthetic_v3,40,3.906198,0.0,0.0,0.1,0,0,0,0,0,0,0,0,0,0,0,1
LGV3-001461,value,meteor-silver-summit-orbit-silver,1,passphrase_secret,none,synthetic_v3,33,3.460616,0.0,0.0,0.121212,0,1,0,0,0,0,0,0,0,0,0,1
LGV3-001462,service_password,${DATABASE_PASSWORD},0,secret_reference,none,synthetic_v3,20,3.584184,0.0,0.8,0.2,1,1,0,0,0,0,1,0,0,0,0,0
LGV3-001463,setting,e54656c3-2497-6e9b-3744-3302cefaa337,1,uuid_shaped_secret,none,synthetic_v3,36,3.620635,0.638889,0.0,0.111111,0,1,1,1,0,0,0,0,0,0,0,0
LGV3-001464,client_secret,sample-secret-value,0,placeholder,none,synthetic_v3,19,3.405822,0.0,0.0,0.105263,1,1,0,0,0,0,0,1,0,0,0,0
LGV3-001465,runtime_data,y5iaOgF@PwbIaJ5klcpguc7wU4m9xLHw,1,random_secret,none,synthetic_v3,32,4.60141,0.15625,0.25,0.03125,0,1,1,0,0,0,0,0,0,0,0,0
LGV3-001466,client_secret,be8f8569af45df9935acb79f8da89dbfe45a9948da4b9cf123d300a9cfe1412d,1,hash_shaped_secret,none,synthetic_v3,64,3.790013,0.546875,0.0,0.0,1,1,1,0,1,1,0,0,0,0,0,0
LGV3-001467,session_data,8a8156c11b0656bcd41a271b233da7e7e49dddd8,1,hash_shaped_secret,none,synthetic_v3,40,3.749582,0.6,0.0,0.0,0,1,1,0,1,1,0,0,0,0,0,0
LGV3-001468,material,a2AesH_-2@UTTN7t_sJp%_TJ2KSn74d8,1,random_secret,none,synthetic_v3,32,4.366729,0.21875,0.34375,0.1875,0,1,1,0,0,0,0,0,0,0,0,0
LGV3-001469,public_id,W9S89GQTXXLGPTO6UBJ0BK36XG,0,public_identifier,none,synthetic_v3,26,4.026987,0.269231,0.730769,0.0,0,1,1,0,0,0,0,0,0,1,0,0
LGV3-001470,environment,https://example.test/api,0,normal_config,none,synthetic_v3,24,3.490602,0.0,0.0,0.208333,0,1,0,0,0,0,0,1,0,0,0,0
LGV3-001471,customer_reference,R3EMEQZW1QIK159BGEFTOOU8V9,0,public_identifier,none,synthetic_v3,26,4.209867,0.269231,0.730769,0.0,0,1,1,0,0,0,0,0,0,1,0,0
LGV3-001472,NEXT_PUBLIC_API_KEY,NMkiB7zUMtL8bDYrfwI_siwsbxvFv1mMZzxv,1,client_exposed_secret,Next.js,synthetic_v3,36,4.572431,0.083333,0.333333,0.027778,1,1,1,0,0,0,0,0,1,0,0,0
LGV3-001473,client_secret,YOUR_API_KEY_HERE,0,placeholder,none,synthetic_v3,17,3.29277,0.0,0.823529,0.176471,1,1,0,0,0,0,0,1,0,0,0,0
LGV3-001474,setting,Cs2--o8he13ftARm.yuzS_jhh_ePYeeFxJhX5khJ7V84.UiGE7SwYGFHJUfOjlhiXEFAj,1,jwt_like_secret,none,synthetic_v3,69,5.155272,0.130435,0.376812,0.086957,0,1,1,0,0,0,0,0,0,0,1,0
LGV3-001475,VITE_CLIENT_SECRET,7zhg6bWyU1ioBm1q794qXFDnQvTwoJZQdkL1,1,client_exposed_secret,Vite,synthetic_v3,36,4.815623,0.222222,0.333333,0.0,1,1,1,0,0,0,0,0,1,0,0,0
LGV3-001476,request_id,0f9d19ef-6f71-9188-a928-8dbe5c53a9cf,0,uuid_identifier,none,synthetic_v3,36,3.77091,0.527778,0.0,0.111111,0,1,1,1,0,0,0,0,0,1,0,0
LGV3-001477,runtime_data,f7655dce186dcd59d42473c554b43754a881a329,1,hex_secret,none,synthetic_v3,40,3.718454,0.7,0.0,0.0,0,1,1,0,1,1,0,0,0,0,0,0
LGV3-001478,material,wXOzSk7ZchRq_HoH.0JxAS0N-P0zro3lvsoHtCTWOocE.b0SbiS_aFVU08fkOnWWc5p4U,1,jwt_like_secret,none,synthetic_v3,69,5.258826,0.144928,0.391304,0.072464,0,1,1,0,0,0,0,0,0,0,1,0
LGV3-001479,artifact_digest,34623eade9c560c48ad99ef54dd713f1bdbd528aaa8ff5eb2f189581376224cb,0,artifact_digest,none,synthetic_v3,64,3.920816,0.578125,0.0,0.0,0,1,1,0,1,1,0,0,0,1,0,0
LGV3-001480,access_token,79f00dc8a3addbdf7275722b16432af66b67c92256c36aca,1,hex_secret,none,synthetic_v3,48,3.699473,0.604167,0.0,0.0,1,1,1,0,0,1,0,0,0,0,0,0
LGV3-001481,artifact_digest,f7ef6dd54c4b7f2f576dc9567696bb3c33f625d5e11e0d9d83092ab8c18bdd1d,0,artifact_digest,none,synthetic_v3,64,3.857302,0.578125,0.0,0.0,0,1,1,0,1,1,0,0,0,1,0,0
LGV3-001482,setting,iBTgYIdM96W4Q7VU.oXNyVWCNtfyIfoCg0hL8PuFfG1w.outzeWkNjj0duPVDW17bHfht,1,jwt_like_secret,none,synthetic_v3,69,5.184257,0.144928,0.405797,0.028986,0,1,1,0,0,0,0,0,0,0,1,0
LGV3-001483,connector_value,4k1fFRy-C_DYsS_t.FRyFGjyorYElQDVOlmD_oAnEhik.DLxMwqwNCl4S0H3GRaQ8lHiK,1,jwt_like_secret,none,synthetic_v3,69,5.224183,0.086957,0.449275,0.086957,0,1,1,0,0,0,0,0,0,0,1,0
LGV3-001484,public_id,JEC4ZH7TR8I6O53MDMKEE0X7WD,0,public_identifier,none,synthetic_v3,26,4.28679,0.307692,0.692308,0.0,0,1,1,0,0,0,0,0,0,1,0,0
LGV3-001485,public_id,SGNAC5FA9OQECNBZWJXAQM6AV6,0,public_identifier,none,synthetic_v3,26,4.085055,0.153846,0.846154,0.0,0,1,1,0,0,0,0,0,0,1,0,0
LGV3-001486,result,forest harbor island bridge harbor,1,passphrase_secret,none,synthetic_v3,34,3.682332,0.0,0.0,0.117647,0,0,0,0,0,0,0,0,0,0,0,1
LGV3-001487,api_key,NsRxIcR9vaDZH5DF.fhMyqbHTtgjGHVNyzQsKzVUrR3Y.fUGf4PsF0NS-0B5CqoXg7Hhk,1,jwt_like_secret,none,synthetic_v3,69,5.340125,0.115942,0.463768,0.043478,1,1,1,0,0,0,0,0,0,0,1,0
LGV3-001488,service_password,9a401bc896830ca4f520d0157bb1646d177ba969,1,hex_secret,none,synthetic_v3,40,3.765312,0.7,0.0,0.0,1,1,1,0,1,1,0,0,0,0,0,0
LGV3-001489,connector_value,c5462eb50f6493b81699cf9d0edd6d9d2ed72c7b,1,hash_shaped_secret,none,synthetic_v3,40,3.718454,0.575,0.0,0.0,0,1,1,0,1,1,0,0,0,0,0,0
LGV3-001490,public_id,CBAI1OJHYXWA0ILL0SIZDSCDTT,0,public_identifier,none,synthetic_v3,26,3.979098,0.115385,0.884615,0.0,0,1,1,0,0,0,0,0,0,1,0,0
LGV3-001491,result,6fa48798074909f8df309019628dc1d5ecafcd3f,1,hash_shaped_secret,none,synthetic_v3,40,3.722574,0.625,0.0,0.0,0,1,1,0,1,1,0,0,0,0,0,0
LGV3-001492,feature_mode,debug,0,normal_config,none,synthetic_v3,5,2.321928,0.0,0.0,0.0,0,1,0,0,0,0,0,0,0,0,0,0
LGV3-001493,material,LqqIR05bdRxmZwMC$G@D4fyhEl8sD24v,1,random_secret,none,synthetic_v3,32,4.75,0.1875,0.34375,0.0625,0,1,1,0,0,0,0,0,0,0,0,0
LGV3-001494,runtime_data,TCLBOY0WH0erGdkL.7plWksWus2gh9_C-VjGymGoJEEw.CStgxMwjI_9jYWlnGi0O1WWR,1,jwt_like_secret,none,synthetic_v3,69,5.213243,0.115942,0.434783,0.072464,0,1,1,0,0,0,0,0,0,0,1,0
LGV3-001495,api_key,vault://application/key,0,secret_reference,none,synthetic_v3,23,3.762267,0.0,0.0,0.173913,1,1,0,0,0,0,1,0,0,0,0,0
LGV3-001496,runtime_data,df34e76f92501c982c6d195fff532d1b5030b842,1,hash_shaped_secret,none,synthetic_v3,40,3.787326,0.675,0.0,0.0,0,1,1,0,1,1,0,0,0,0,0,0
LGV3-001497,VITE_CLIENT_SECRET,SOc48ThRmCIyN7K94rU-C4G6xmXMqfilnW4h,1,client_exposed_secret,Vite,synthetic_v3,36,4.781036,0.222222,0.388889,0.027778,1,1,1,0,0,0,0,0,1,0,0,0
LGV3-001498,material,a5392c975aa8738f1a1afd43211c4a56c98f5fcd,1,hash_shaped_secret,none,synthetic_v3,40,3.577567,0.6,0.0,0.0,0,1,1,0,1,1,0,0,0,0,0,0
LGV3-001499,value,SHQHqvWfj4uGMuxoL!lNvH%%%CV87bEL,1,random_secret,none,synthetic_v3,32,4.51532,0.09375,0.4375,0.125,0,1,1,0,0,0,0,0,0,0,0,0
LGV3-001500,jwt_example,whAcMBH3vDqsdW0V.M8VBpPRmI-TFbKfCzSXzO10MlUM.rSRWsYgAMc__fdXZxnwHF1uX,0,documentation_jwt,none,synthetic_v3,69,5.349618,0.086957,0.492754,0.072464,0,1,1,0,0,0,0,0,0,0,1,0
LGV3-001501,NEXT_PUBLIC_RELEASE_CHANNEL,stable,0,frontend_public_value,Next.js,synthetic_v3,6,2.584963,0.0,0.0,0.0,0,1,0,0,0,0,0,0,1,0,0,0
LGV3-001502,material,orbit.timber.canyon.summit.bridge.meadow,1,passphrase_secret,none,synthetic_v3,40,3.887326,0.0,0.0,0.125,0,1,0,0,0,0,0,0,0,0,0,1
LGV3-001503,session_data,orbit voyage orbit meteor meadow,1,passphrase_secret,none,synthetic_v3,32,3.590018,0.0,0.0,0.125,0,0,0,0,0,0,0,0,0,0,0,1
LGV3-001504,image_digest,581003db4d92ea35446604a0f2e8345e8754059642e42cd271b46aa891f6f002,0,artifact_digest,none,synthetic_v3,64,3.833058,0.734375,0.0,0.0,0,1,1,0,1,1,0,0,0,1,0,0
LGV3-001505,result,3rLNFxacW1J7BlZWw!qV-FgnMPIu#nmr,1,random_secret,none,synthetic_v3,32,4.75,0.09375,0.40625,0.09375,0,1,1,0,0,0,0,0,0,0,0,0
LGV3-001506,environment,https://example.test/api,0,normal_config,none,synthetic_v3,24,3.490602,0.0,0.0,0.208333,0,1,0,0,0,0,0,1,0,0,0,0
LGV3-001507,result,TaA7qmQbA-QbHHSexH%v4!Q93$AxsTE#,1,random_secret,none,synthetic_v3,32,4.366729,0.125,0.40625,0.15625,0,1,1,0,0,0,0,0,0,0,0,0
LGV3-001508,NEXT_PUBLIC_API_KEY,qpOmxbDtiusOaUjO3WdZbWfl4V5lqI4jycX8,1,client_exposed_secret,Next.js,synthetic_v3,36,4.704511,0.138889,0.305556,0.0,1,1,1,0,0,0,0,0,1,0,0,0
LGV3-001509,token_example,hXg6rEwdfACjgbzm.-1qZeK4j-XNnu_1GeR8v9ogTEM8.pNXAR404HM-KIwkgyk7CRaLP,0,documentation_jwt,none,synthetic_v3,69,5.340125,0.15942,0.362319,0.086957,1,1,1,0,0,0,0,0,0,0,1,0
LGV3-001510,image_digest,7754d9be23858dce91f16fcf6bf0a843bf442bb50833c8d1e8602fd54503fd73,0,artifact_digest,none,synthetic_v3,64,3.880642,0.625,0.0,0.0,0,1,1,0,1,1,0,0,0,1,0,0
LGV3-001511,session_data,d4b456b927c17ab7d248fc4d089aa96c4a52342b,1,hash_shaped_secret,none,synthetic_v3,40,3.708695,0.625,0.0,0.0,0,1,1,0,1,1,0,0,0,0,0,0
LGV3-001512,session_data,0-au6MHzia2kvjS8.gNhW_JUqXFpLFCKVJZ3gmK88G_M.idxCwXlJsU0OGMrUgh7qhPMM,1,jwt_like_secret,none,synthetic_v3,69,5.276871,0.130435,0.434783,0.072464,0,1,1,0,0,0,0,0,0,0,1,0
LGV3-001513,artifact_digest,1c5ff07399e513b6bc5c1e085fbeed559290ee5174b934514e5a363f3f7e9a7f,0,artifact_digest,none,synthetic_v3,64,3.735423,0.625,0.0,0.0,0,1,1,0,1,1,0,0,0,1,0,0
LGV3-001514,connector_value,ddd6b30a6c73c5ff8f25c7f7ea38a142fdb98ae7b6d234081ed946d41add5250,1,hash_shaped_secret,none,synthetic_v3,64,3.913702,0.5625,0.0,0.0,0,1,1,0,1,1,0,0,0,0,0,0
LGV3-001515,trace_id,72b66ef0-c1f2-e240-5a8d-fde2414a1cf1,0,uuid_identifier,none,synthetic_v3,36,3.739098,0.5,0.0,0.111111,0,1,1,1,0,0,0,0,0,1,0,0
LGV3-001516,NEXT_PUBLIC_API_KEY,fYGq9WVcI3YE0OoxSPcKlgQHndrze6R3lQWH,1,client_exposed_secret,Next.js,synthetic_v3,36,4.781036,0.138889,0.472222,0.0,1,1,1,0,0,0,0,0,1,0,0,0
LGV3-001517,api_key,${API_KEY},0,secret_reference,none,synthetic_v3,10,3.321928,0.0,0.6,0.4,1,1,0,0,0,0,1,0,0,0,0,0
LGV3-001518,runtime_data,23e4ab8d5ea07a78ac4acc3643e7cea1b7b278c6,1,hex_secret,none,synthetic_v3,40,3.578213,0.525,0.0,0.0,0,1,1,0,1,1,0,0,0,0,0,0
LGV3-001519,documentation_token,k1zlWVpMDB3NjeLq.fGizYR_Ik-vBgR3vp7-g8ezsvqQ.7wXW3JaV9dTy88I4rVmeSBfs,0,documentation_jwt,none,synthetic_v3,69,5.278318,0.15942,0.333333,0.072464,1,1,1,0,0,0,0,0,0,0,1,0
LGV3-001520,commit_sha,0c356d9222164b98a77528205321a37d3871b314,0,commit_hash,none,synthetic_v3,40,3.656198,0.825,0.0,0.0,0,1,1,0,1,1,0,0,0,1,0,0
LGV3-001521,payload,BDoGBKk0Wt@xbU2hvqE_Z7gDgc#H%C@r,1,random_secret,none,synthetic_v3,32,4.75,0.09375,0.375,0.15625,0,1,1,0,0,0,0,0,0,0,0,0
LGV3-001522,payload,hn0Jvm9kN4Bfn_k1.hWKT9cO7cDis6JleNlz0ili4p7s.yGIU0JboeyUi75e227P52NNG,1,jwt_like_secret,none,synthetic_v3,69,5.068315,0.26087,0.275362,0.043478,0,1,1,0,0,0,0,0,0,0,1,0
LGV3-001523,setting,lantern voyage silver meteor,1,passphrase_secret,none,synthetic_v3,28,3.624519,0.0,0.0,0.107143,0,0,0,0,0,0,0,0,0,0,0,1
LGV3-001524,client_secret,f3dbee31-7a57-8e93-7478-65a5e7ea84c1,1,uuid_shaped_secret,none,synthetic_v3,36,3.663291,0.555556,0.0,0.111111,1,1,1,1,0,0,0,0,0,0,0,0
LGV3-001525,application_setting,enable application stable preview,0,safe_phrase,none,synthetic_v3,33,3.691994,0.0,0.0,0.090909,0,0,0,0,0,0,0,0,0,0,0,1
LGV3-001526,signing_secret,_LQoX6Vp9k81Nz87.3rusAUS3EMUOox04v_82vjTCnY4.lq84p41Lek_HXNHODkeyGRb7,1,jwt_like_secret,none,synthetic_v3,69,5.33302,0.26087,0.347826,0.072464,1,1,1,0,0,0,0,0,0,0,1,0
LGV3-001527,value,Dq4VQwJFK7eHDayqhRrs48KHNW2DhVua,1,random_secret,none,synthetic_v3,32,4.41391,0.15625,0.46875,0.0,0,1,1,0,0,0,0,0,0,0,0,0
LGV3-001528,session_data,fed63fe5-70e7-f8f7-115f-e9fb2f93695d,1,uuid_shaped_secret,none,synthetic_v3,36,3.561143,0.5,0.0,0.111111,0,1,1,1,0,0,0,0,0,0,0,0
LGV3-001529,public_id,DZ3WEX6RQ8R19CC026Q5C47R73,0,public_identifier,none,synthetic_v3,26,4.026987,0.5,0.5,0.0,0,1,1,0,0,0,0,0,0,1,0,0
LGV3-001530,access_token,g0RmZq7aVBLzxAey.b8NrEf64X458wWk3Omljhrzpyrk.npyhm_LaC19jTDheonkux56R,1,jwt_like_secret,none,synthetic_v3,69,5.35817,0.188406,0.231884,0.043478,1,1,1,0,0,0,0,0,0,0,1,0
LGV3-001531,NEXT_PUBLIC_RELEASE_CHANNEL,stable,0,frontend_public_value,Next.js,synthetic_v3,6,2.584963,0.0,0.0,0.0,0,1,0,0,0,0,0,0,1,0,0,0
LGV3-001532,artifact_digest,8e37aa405a33df635a96c790c7e1ebe2b8bbf0671c4a36ae8610a3af5630b1ee,0,artifact_digest,none,synthetic_v3,64,3.796069,0.578125,0.0,0.0,0,1,1,0,1,1,0,0,0,1,0,0
LGV3-001533,service_password,7KZZRls7_kZQAC6E.icwb9NeLQV8Mbg4locw4mtOx47E.omDKACT1EBlHhwpnzEJApEwR,1,jwt_like_secret,none,synthetic_v3,69,5.189915,0.144928,0.42029,0.043478,1,1,1,0,0,0,0,0,0,0,1,0
LGV3-001534,payload,amber-meteor-meteor-meadow,1,passphrase_secret,none,synthetic_v3,26,3.093731,0.0,0.0,0.115385,0,1,0,0,0,0,0,0,0,0,0,1
LGV3-001535,api_key,33f26703d2bdcf2ec8c430106c3508c85015dfcf1b887543cb7199b7166af9e0,1,hash_shaped_secret,none,synthetic_v3,64,3.878678,0.65625,0.0,0.0,1,1,1,0,1,1,0,0,0,0,0,0
LGV3-001536,signing_secret,meadow.meadow.ocean.bridge,1,passphrase_secret,none,synthetic_v3,26,3.50738,0.0,0.0,0.115385,1,1,0,0,0,0,0,0,0,0,0,1
LGV3-001537,client_secret,46b49a3ca31b602bae067d448ea58f9145d1c10d33d9adf53cc5eb24acfb7fbf,1,hash_shaped_secret,none,synthetic_v3,64,3.906446,0.53125,0.0,0.0,1,1,1,0,1,1,0,0,0,0,0,0
LGV3-001538,service_password,$env:ACCESS_TOKEN,0,secret_reference,none,synthetic_v3,17,3.734522,0.0,0.647059,0.176471,1,1,1,0,0,0,1,0,0,0,0,0
LGV3-001539,runtime_data,_T#LrK4ex_-rQW_kZ5ZEmhh4V!9D_EtF,1,random_secret,none,synthetic_v3,32,4.4375,0.125,0.375,0.21875,0,1,1,0,0,0,0,0,0,0,0,0
LGV3-001540,access_token,mC_d1wGJOKlZ1ZvZ0XpM6C3rQNMaxZQ9,1,random_secret,none,synthetic_v3,32,4.5,0.1875,0.5,0.03125,1,1,1,0,0,0,0,0,0,0,0,0
LGV3-001541,application_setting,preview-release-public-region,0,safe_phrase,none,synthetic_v3,29,3.693345,0.0,0.0,0.103448,0,1,0,0,0,0,0,0,0,0,0,1
LGV3-001542,VITE_PUBLIC_REGION,public-dashboard,0,frontend_public_value,Vite,synthetic_v3,16,3.625,0.0,0.0,0.0625,0,1,0,0,0,0,0,0,1,0,0,0
LGV3-001543,customer_reference,Y8K9UY4IUDOKQTV3P3HCBXXSST,0,public_identifier,none,synthetic_v3,26,4.161978,0.192308,0.807692,0.0,0,1,1,0,0,0,0,0,0,1,0,0
LGV3-001544,value,6781cde1df533b757ec5a463288ee0dd477901ab585ef527f4686ab3be241b76,1,hash_shaped_secret,none,synthetic_v3,64,3.878678,0.640625,0.0,0.0,0,1,1,0,1,1,0,0,0,0,0,0
LGV3-001545,documentation_token,-pkOl2VGMgYvRC_t.z2YMB9u9abicyI8szbi75oO7Kow.xNMHPOk-0sFkDgxYn-KzVzth,0,documentation_jwt,none,synthetic_v3,69,5.271214,0.130435,0.333333,0.086957,1,1,1,0,0,0,0,0,0,0,1,0
LGV3-001546,application_setting,release-development-region-public-service,0,safe_phrase,none,synthetic_v3,41,3.825991,0.0,0.0,0.097561,0,1,0,0,0,0,0,0,0,0,0,1
LGV3-001547,runtime_data,tdpHP27-xaJNgOh3.fjtm3oMKGqzGLJp7hZz8jgy-Z6A.LIwwlBddYGHgRZ6uowdz24Pj,1,jwt_like_secret,none,synthetic_v3,69,5.173317,0.144928,0.333333,0.057971,0,1,1,0,0,0,0,0,0,0,1,0
LGV3-001548,signing_secret,sample-secret-value,0,placeholder,none,synthetic_v3,19,3.405822,0.0,0.0,0.105263,1,1,0,0,0,0,0,1,0,0,0,0
LGV3-001549,session_data,1d1471ea13c467001f0d62ae13c4a57a5a9aadd380de4aac9b1a016804a4a872,1,hash_shaped_secret,none,synthetic_v3,64,3.696513,0.609375,0.0,0.0,0,1,1,0,1,1,0,0,0,0,0,0
LGV3-001550,deployment_mode,default-production-preview-production,0,safe_phrase,none,synthetic_v3,37,3.857045,0.0,0.0,0.081081,0,1,0,0,0,0,0,0,0,0,0,1
LGV3-001551,public_id,X356UV34XJ0YHMRC3ULGEFG5TA,0,public_identifier,none,synthetic_v3,26,4.209867,0.307692,0.692308,0.0,0,1,1,0,0,0,0,0,0,1,0,0
LGV3-001552,VITE_API_KEY,Eh3_FnHgVGIxkJuhG0SSRhsYk9SN9a29NjGp,1,client_exposed_secret,Vite,synthetic_v3,36,4.530493,0.166667,0.444444,0.027778,1,1,1,0,0,0,0,0,1,0,0,0
LGV3-001553,commit_sha,6a38a0013b9befab89474233b0afbe871df913ac,0,commit_hash,none,synthetic_v3,40,3.706844,0.575,0.0,0.0,0,1,1,0,1,1,0,0,0,1,0,0
LGV3-001554,application_setting,runtime runtime service public,0,safe_phrase,none,synthetic_v3,30,3.631402,0.0,0.0,0.1,0,0,0,0,0,0,0,0,0,0,0,1
LGV3-001555,database_password,PuUjKaM8a-nwoFVEd2jFX0t__DhdKRQq,1,random_secret,none,synthetic_v3,32,4.625,0.09375,0.40625,0.09375,1,1,1,0,0,0,0,0,0,0,0,0
LGV3-001556,jwt_example,bCdNCelfl5grctl6.d4DSKSTmPHuX6qjAEbspf33DTpU.7inUYfShixMvEUNrJWbbd8V5,0,documentation_jwt,none,synthetic_v3,69,5.300199,0.130435,0.376812,0.028986,0,1,1,0,0,0,0,0,0,0,1,0
LGV3-001557,deployment_mode,application-default-service-preview-release,0,safe_phrase,none,synthetic_v3,43,3.792203,0.0,0.0,0.093023,0,1,0,0,0,0,0,0,0,0,0,1
LGV3-001558,signing_secret,10eb1c354edd664b36ee02e0386f762f58af1b6d,1,hash_shaped_secret,none,synthetic_v3,40,3.73071,0.6,0.0,0.0,1,1,1,0,1,1,0,0,0,0,0,0
LGV3-001559,value,1833dc0dc46ba5de1520d9f86c3367ccc16f572e,1,hex_secret,none,synthetic_v3,40,3.796439,0.6,0.0,0.0,0,1,1,0,1,1,0,0,0,0,0,0
LGV3-001560,material,5afc5043415f6c804d07e0b6fd6a888f5b70f8b419da65a0c441b2dca16a7a1f,1,hash_shaped_secret,none,synthetic_v3,64,3.791027,0.59375,0.0,0.0,0,1,1,0,1,1,0,0,0,0,0,0
LGV3-001561,material,JfAnUps-pzRU09QM.b5eB2lNUYAZxa0EOlfnbVnFWaEY.0h6u8GIwUGq09OKb0Nr8KGny,1,jwt_like_secret,none,synthetic_v3,69,5.19375,0.173913,0.42029,0.043478,0,1,1,0,0,0,0,0,0,0,1,0
LGV3-001562,service_password,18e5ef635f2e6c88c3e958d45f2e7cecc75ce57c,1,hash_shaped_secret,none,synthetic_v3,40,3.363865,0.55,0.0,0.0,1,1,1,0,1,1,0,0,0,0,0,0
LGV3-001563,service_url,https://example.test/api,0,normal_config,none,synthetic_v3,24,3.490602,0.0,0.0,0.208333,0,1,0,0,0,0,0,1,0,0,0,0
LGV3-001564,commit_sha,46c2291775d03a0f0505a8bd96d2896cc859f144,0,commit_hash,none,synthetic_v3,40,3.808695,0.725,0.0,0.0,0,1,1,0,1,1,0,0,0,1,0,0
LGV3-001565,service_password,Ti75_CWR66RjSY2e.KZMtBqDc6bJ9cho1Cp4VVYdTM2U.KKwMXr6upY_Qq_vbVwCNQ0RV,1,jwt_like_secret,none,synthetic_v3,69,5.202302,0.173913,0.463768,0.072464,1,1,1,0,0,0,0,0,0,0,1,0
LGV3-001566,runtime_data,0497f4a53fffe08eda2b3f213bb8b185,1,hex_secret,none,synthetic_v3,32,3.652518,0.5625,0.0,0.0,0,1,1,0,0,1,0,0,0,0,0,0
LGV3-001567,connector_value,xvx2xqxyk3AtQwKY.wCceZWv_jhCDHWUj8c7mH5l-wug.triB2g5CDEWrGdQ2EMoGo5Vw,1,jwt_like_secret,none,synthetic_v3,69,5.224183,0.130435,0.347826,0.057971,0,1,1,0,0,0,0,0,0,0,1,0
LGV3-001568,public_id,ELFFRWCI1C22SV5BYQO2EONJ1R,0,public_identifier,none,synthetic_v3,26,4.056021,0.230769,0.769231,0.0,0,1,1,0,0,0,0,0,0,1,0,0
LGV3-001569,session_data,timber-lantern-island-ocean-winter,1,passphrase_secret,none,synthetic_v3,34,3.657193,0.0,0.0,0.117647,0,1,0,0,0,0,0,0,0,0,0,1
LGV3-001570,documentation_token,mtRT3rVqqhgCyEFX.D_RBjHXyCULYvAY-YLDmDKLccbE.i_UMzkfrlk9brV974w6ipxfV,0,documentation_jwt,none,synthetic_v3,69,5.300199,0.086957,0.42029,0.072464,1,1,1,0,0,0,0,0,0,0,1,0
LGV3-001571,NEXT_PUBLIC_ACCESS_TOKEN,cM8fORcUJm6djlP8GbQADEADBsWmJsCG1jo2,1,client_exposed_secret,Next.js,synthetic_v3,36,4.669925,0.138889,0.5,0.0,1,1,1,0,0,0,0,0,1,0,0,0
LGV3-001572,trace_id,6b7bcf64-4579-ac9c-e4ad-c1696f9042b2,0,uuid_identifier,none,synthetic_v3,36,3.704511,0.527778,0.0,0.111111,0,1,1,1,0,0,0,0,0,1,0,0
LGV3-001573,material,q%3805tkpu-E5I3pNAU%j%-TyAk0#i5I,1,random_secret,none,synthetic_v3,32,4.26532,0.25,0.25,0.1875,0,1,1,0,0,0,0,0,0,0,0,0
LGV3-001574,VITE_PUBLIC_REGION,preview,0,frontend_public_value,Vite,synthetic_v3,7,2.521641,0.0,0.0,0.0,0,1,0,0,0,0,0,0,1,0,0,0
LGV3-001575,VITE_PUBLIC_REGION,stable,0,frontend_public_value,Vite,synthetic_v3,6,2.584963,0.0,0.0,0.0,0,1,0,0,0,0,0,0,1,0,0,0
LGV3-001576,VITE_PUBLIC_REGION,public-dashboard,0,frontend_public_value,Vite,synthetic_v3,16,3.625,0.0,0.0,0.0625,0,1,0,0,0,0,0,0,1,0,0,0
LGV3-001577,payload,ba8ee9a1-e419-8fa3-ee65-8624c159124f,1,uuid_shaped_secret,none,synthetic_v3,36,3.652447,0.555556,0.0,0.111111,0,1,1,1,0,0,0,0,0,0,0,0
LGV3-001578,access_token,33c94aecf62153b597f7e050c61df521946226651b066e12ae764f96ccdd7c97,1,hex_secret,none,synthetic_v3,64,3.795205,0.671875,0.0,0.0,1,1,1,0,1,1,0,0,0,0,0,0
LGV3-001579,NEXT_PUBLIC_RELEASE_CHANNEL,stable,0,frontend_public_value,Next.js,synthetic_v3,6,2.584963,0.0,0.0,0.0,0,1,0,0,0,0,0,0,1,0,0,0
LGV3-001580,token_example,NSSGzq--niSp5CUF.WTNjY_16d-yS6zlxRZYPX-8iexw.2avc8iFa-5Y70zJFGUvgij-O,0,documentation_jwt,none,synthetic_v3,69,5.126286,0.144928,0.362319,0.130435,1,1,1,0,0,0,0,0,0,0,1,0
LGV3-001581,result,timber meadow canyon bridge bridge bridge,1,passphrase_secret,none,synthetic_v3,41,3.699645,0.0,0.0,0.121951,0,0,0,0,0,0,0,0,0,0,0,1
LGV3-001582,deployment_mode,service preview stable runtime production,0,safe_phrase,none,synthetic_v3,41,3.936463,0.0,0.0,0.097561,0,0,0,0,0,0,0,0,0,0,0,1
LGV3-001583,material,fBcE_#452QyFHqYyzrUrHQ83sibVbC_@,1,random_secret,none,synthetic_v3,32,4.625,0.15625,0.34375,0.125,0,1,1,0,0,0,0,0,0,0,0,0
LGV3-001584,jwt_example,7YhE677qUlBI5byd.iInuvPhyEgu6tjWCVgW-VkSdHFo.L4Rpdy7NqGWU-ssSjL1RNLnq,0,documentation_jwt,none,synthetic_v3,69,5.184257,0.130435,0.391304,0.057971,0,1,1,0,0,0,0,0,0,0,1,0
LGV3-001585,jwt_example,zo38yKkFW78O_R49.HOJ2A5mBcfvLyB8aaXsASL1YXAE.nCeRYPVxwKVvV3t38TX-p0vA,0,documentation_jwt,none,synthetic_v3,69,5.340125,0.202899,0.449275,0.057971,0,1,1,0,0,0,0,0,0,0,1,0
LGV3-001586,VITE_API_KEY,BRikxQ_4BcHwNPNWggC23xIYNDVBneWLoNtd,1,client_exposed_secret,Vite,synthetic_v3,36,4.648956,0.083333,0.527778,0.027778,1,1,1,0,0,0,0,0,1,0,0,0
LGV3-001587,deployment_mode,default region preview default,0,safe_phrase,none,synthetic_v3,30,3.828073,0.0,0.0,0.1,0,0,0,0,0,0,0,0,0,0,0,1
LGV3-001588,NEXT_PUBLIC_RELEASE_CHANNEL,preview,0,frontend_public_value,Next.js,synthetic_v3,7,2.521641,0.0,0.0,0.0,0,1,0,0,0,0,0,0,1,0,0,0
LGV3-001589,material,NN7nn2cZ4Me3vAMG.tiEhKMPOc85ceTSAKlggYBt5Y28.FBuKT19ppeYMate8or3aAP8g,1,jwt_like_secret,none,synthetic_v3,69,5.028389,0.202899,0.391304,0.028986,0,1,1,0,0,0,0,0,0,0,1,0
LGV3-001590,NEXT_PUBLIC_RELEASE_CHANNEL,stable,0,frontend_public_value,Next.js,synthetic_v3,6,2.584963,0.0,0.0,0.0,0,1,0,0,0,0,0,0,1,0,0,0
LGV3-001591,signing_secret,T7JBSAKqt__7Xzae.rmfF94ed07MqSH9TBxiplb2Kv6Y.xkuyuB-tK4eZW4GlohHoYV3X,1,jwt_like_secret,none,synthetic_v3,69,5.35817,0.173913,0.347826,0.072464,1,1,1,0,0,0,0,0,0,0,1,0
LGV3-001592,event_uuid,fe510dc6-a0ca-de38-7f4f-4bf6221f52ff,0,uuid_identifier,none,synthetic_v3,36,3.769748,0.444444,0.0,0.111111,0,1,1,1,0,0,0,0,0,1,0,0
LGV3-001593,result,6826ccbde7b4434ef95ee9fac7f2f4f260e9420fb6c37097e8abdde9c941a7e2,1,hex_secret,none,synthetic_v3,64,3.818392,0.546875,0.0,0.0,0,1,1,0,1,1,0,0,0,0,0,0
LGV3-001594,environment,https://example.test/api,0,normal_config,none,synthetic_v3,24,3.490602,0.0,0.0,0.208333,0,1,0,0,0,0,0,1,0,0,0,0
LGV3-001595,database_password,NP4pY71aaXLJtg2p.cxFlpMjJbqS3SqKeiJseoRz7C2g.T_XS9fTToGdunTvFgtXt7g4t,1,jwt_like_secret,none,synthetic_v3,69,5.184257,0.144928,0.347826,0.043478,1,1,1,0,0,0,0,0,0,0,1,0
LGV3-001596,signing_secret,hm1iRffI24FRcarJ.Y9VR8KQUD2LfnaHOt3Oc4cLCSY0.ecUr6wGvK4z7x0cTwWTjOnya,1,jwt_like_secret,none,synthetic_v3,69,5.276871,0.188406,0.391304,0.028986,1,1,1,0,0,0,0,0,0,0,1,0
LGV3-001597,VITE_API_KEY,l1023ganqTrfIK_JxJA0sVdy4V8sS6eETNSD,1,client_exposed_secret,Vite,synthetic_v3,36,4.836592,0.222222,0.388889,0.027778,1,1,1,0,0,0,0,0,1,0,0,0
LGV3-001598,access_token,crystal-voyage-island-voyage,1,passphrase_secret,none,synthetic_v3,28,3.753434,0.0,0.0,0.107143,1,1,0,0,0,0,0,0,0,0,0,1
LGV3-001599,public_id,7S1Q958QTI2UZVS7A0APZKOQD9,0,public_identifier,none,synthetic_v3,26,4.132944,0.346154,0.653846,0.0,0,1,1,0,0,0,0,0,0,1,0,0
LGV3-001600,customer_reference,830MOVDN0KBADSHV2MZG8U6LHH,0,public_identifier,none,synthetic_v3,26,4.132944,0.269231,0.730769,0.0,0,1,1,0,0,0,0,0,0,1,0,0
LGV3-001601,client_secret,amber-silver-meadow-voyage-bridge,1,passphrase_secret,none,synthetic_v3,33,3.737745,0.0,0.0,0.121212,1,1,0,0,0,0,0,0,0,0,0,1
LGV3-001602,api_key,e7f2266b-74b4-e9f8-9eb3-c5f699d23e94,1,uuid_shaped_secret,none,synthetic_v3,36,3.631478,0.555556,0.0,0.111111,1,1,1,1,0,0,0,0,0,0,0,0
LGV3-001603,release_description,enable-enable-stable-default-enable,0,safe_phrase,none,synthetic_v3,35,3.130021,0.0,0.0,0.114286,0,1,0,0,0,0,0,0,0,0,0,1
LGV3-001604,service_password,DTGkIHUXL0f8xtHe@3vf#wjev3suE#oi,1,random_secret,none,synthetic_v3,32,4.625,0.125,0.3125,0.09375,1,1,1,0,0,0,0,0,0,0,0,0
LGV3-001605,payload,canyon.lantern.crystal.bridge.island,1,passphrase_secret,none,synthetic_v3,36,3.749941,0.0,0.0,0.111111,0,1,0,0,0,0,0,0,0,0,0,1
LGV3-001606,commit_sha,a19b1bf23a36481565b2a17f4c9c02478c76a388,0,commit_hash,none,synthetic_v3,40,3.739823,0.7,0.0,0.0,0,1,1,0,1,1,0,0,0,1,0,0
LGV3-001607,access_token,79558262-93cd-9044-39f1-6742a7fec5bb,1,uuid_shaped_secret,none,synthetic_v3,36,3.919382,0.638889,0.0,0.111111,1,1,1,1,0,0,0,0,0,0,0,0
LGV3-001608,payload,timber-amber-voyage-harbor-crystal,1,passphrase_secret,none,synthetic_v3,34,3.760421,0.0,0.0,0.117647,0,1,0,0,0,0,0,0,0,0,0,1
LGV3-001609,environment,production,0,normal_config,none,synthetic_v3,10,3.121928,0.0,0.0,0.0,0,1,0,0,0,0,0,0,0,0,0,0
LGV3-001610,runtime_data,e2y-6@My1daVNinarS81hkEs75IC!OZ@,1,random_secret,none,synthetic_v3,32,4.75,0.21875,0.28125,0.125,0,1,1,0,0,0,0,0,0,0,0,0
LGV3-001611,VITE_PUBLIC_REGION,stable,0,frontend_public_value,Vite,synthetic_v3,6,2.584963,0.0,0.0,0.0,0,1,0,0,0,0,0,0,1,0,0,0
LGV3-001612,material,-IkI0bVqFGzUP2nL2QL8QHZfwUndx9as,1,random_secret,none,synthetic_v3,32,4.625,0.15625,0.4375,0.03125,0,1,1,0,0,0,0,0,0,0,0,0
LGV3-001613,runtime_data,9099d971-9b35-dbb7-373f-ad4c27571554,1,uuid_shaped_secret,none,synthetic_v3,36,3.573149,0.638889,0.0,0.111111,0,1,1,1,0,0,0,0,0,0,0,0
LGV3-001614,payload,harbor-meadow-timber-amber,1,passphrase_secret,none,synthetic_v3,26,3.401423,0.0,0.0,0.115385,0,1,0,0,0,0,0,0,0,0,0,1
LGV3-001615,setting,abeb71b20c4462abf24abe57f9843fc64ac8404fcdb1bfd9303c11a8323f2915,1,hash_shaped_secret,none,synthetic_v3,64,3.857412,0.578125,0.0,0.0,0,1,1,0,1,1,0,0,0,0,0,0
LGV3-001616,api_key,d1THDVrMtostbz4t.Xd9n-FJgUjnMPKSfbiAwjMUk9ts.L4uQoRmtPXu7DF12CDYPhx04,1,jwt_like_secret,none,synthetic_v3,69,5.287812,0.144928,0.391304,0.043478,1,1,1,0,0,0,0,0,0,0,1,0
LGV3-001617,database_password,e283d670-b471-60bb-1564-8e16865259fd,1,uuid_shaped_secret,none,synthetic_v3,36,3.763559,0.666667,0.0,0.111111,1,1,1,1,0,0,0,0,0,0,0,0
LGV3-001618,release_description,production release application preview,0,safe_phrase,none,synthetic_v3,38,3.810317,0.0,0.0,0.078947,0,0,0,0,0,0,0,0,0,0,0,1
LGV3-001619,client_secret,6d32f7bf7bd8a22f4b46d4c280e9a55e2c53f07e,1,hash_shaped_secret,none,synthetic_v3,40,3.818454,0.575,0.0,0.0,1,1,1,0,1,1,0,0,0,0,0,0
LGV3-001620,payload,0-ko0eF7dvTJYRjW.3y49lC9PAPLlAWhfHYNmc3k1X6o.J741jVxvK6bbgUOrKGFbKVNw,1,jwt_like_secret,none,synthetic_v3,69,5.362006,0.202899,0.405797,0.043478,0,1,1,0,0,0,0,0,0,0,1,0
LGV3-001621,database_password,${API_KEY},0,secret_reference,none,synthetic_v3,10,3.321928,0.0,0.6,0.4,1,1,0,0,0,0,1,0,0,0,0,0
LGV3-001622,client_secret,process.env.CLIENT_SECRET,0,secret_reference,none,synthetic_v3,25,4.053661,0.0,0.48,0.12,1,1,1,0,0,0,1,0,0,0,0,0
LGV3-001623,request_id,ee60f94f-99a3-3339-68a0-d3cea0e2b109,0,uuid_identifier,none,synthetic_v3,36,3.615087,0.555556,0.0,0.111111,0,1,1,1,0,0,0,0,0,1,0,0
LGV3-001624,client_secret,YOUR_API_KEY_HERE,0,placeholder,none,synthetic_v3,17,3.29277,0.0,0.823529,0.176471,1,1,0,0,0,0,0,1,0,0,0,0
LGV3-001625,trace_id,ac91062f-c860-e920-fb6b-1131d59246ae,0,uuid_identifier,none,synthetic_v3,36,3.82924,0.583333,0.0,0.111111,0,1,1,1,0,0,0,0,0,1,0,0
LGV3-001626,value,51fee19c40147f04f7cb8671ee9541a8c84b06df947dce41fc055bebaed74605,1,hex_secret,none,synthetic_v3,64,3.715172,0.59375,0.0,0.0,0,1,1,0,1,1,0,0,0,0,0,0
LGV3-001627,api_key,1efc48f0baca14d87e51ba951d9b6c1ba4b1514439e92f17f950e1a269752785,1,hex_secret,none,synthetic_v3,64,3.833712,0.640625,0.0,0.0,1,1,1,0,1,1,0,0,0,0,0,0
LGV3-001628,environment,enabled,0,normal_config,none,synthetic_v3,7,2.521641,0.0,0.0,0.0,0,1,0,0,0,0,0,0,0,0,0,0
LGV3-001629,api_key,dafb19f8cb1d7bea9ea91af5d075d9628ed8d63cf97db52ff2887d4970a08f54,1,hex_secret,none,synthetic_v3,64,3.829533,0.546875,0.0,0.0,1,1,1,0,1,1,0,0,0,0,0,0
LGV3-001630,session_data,255f1e65389b5fd5aa04abc80d87552b3fb908a033c37f3fc204661a8c9152df,1,hex_secret,none,synthetic_v3,64,3.861437,0.640625,0.0,0.0,0,1,1,0,1,1,0,0,0,0,0,0
LGV3-001631,material,e73a3245-95cc-4a40-8b2b-909f35b3c6cc,1,uuid_shaped_secret,none,synthetic_v3,36,3.708003,0.555556,0.0,0.111111,0,1,1,1,0,0,0,0,0,0,0,0
LGV3-001632,documentation_token,qKy39l5wglp-_tJo.pcsCipRwoe1XxubdYWf1sxDsM4E.C49C2M3zkNFYGZYvNn2YlrnQ,0,documentation_jwt,none,synthetic_v3,69,5.369111,0.15942,0.318841,0.057971,1,1,1,0,0,0,0,0,0,0,1,0
LGV3-001633,client_secret,crystal meteor island crystal crystal,1,passphrase_secret,none,synthetic_v3,37,3.601081,0.0,0.0,0.108108,1,0,0,0,0,0,0,0,0,0,0,1
LGV3-001634,payload,c098957e-bf41-8744-fca0-512c3d7591a4,1,uuid_shaped_secret,none,synthetic_v3,36,3.842857,0.611111,0.0,0.111111,0,1,1,1,0,0,0,0,0,0,0,0
LGV3-001635,setting,MrfLAG3rzubB2n9M.jyH7uOM4y79Do99WnSVKtoRp3fs.IkCvcNIDhWiF0MWPqGSZY3s3,1,jwt_like_secret,none,synthetic_v3,69,5.314975,0.188406,0.42029,0.028986,0,1,1,0,0,0,0,0,0,0,1,0
LGV3-001636,artifact_digest,bf503d3c37be7c1e97d693b28b4ddcc26f05d4770ca07ba9744e828c22343156,0,artifact_digest,none,synthetic_v3,64,3.892437,0.640625,0.0,0.0,0,1,1,0,1,1,0,0,0,1,0,0
LGV3-001637,application_setting,enable-application-production-runtime-enable,0,safe_phrase,none,synthetic_v3,44,3.772185,0.0,0.0,0.090909,0,1,0,0,0,0,0,0,0,0,0,1
LGV3-001638,access_token,%SERVICE_TOKEN%,0,secret_reference,none,synthetic_v3,15,3.456565,0.0,0.8,0.2,1,1,0,0,0,0,1,0,0,0,0,0
LGV3-001639,session_data,eef97817a7b102a0507088360300ae70ab6ba2f2ed83b367,1,hex_secret,none,synthetic_v3,48,3.571854,0.666667,0.0,0.0,0,1,1,0,0,1,0,0,0,0,0,0
LGV3-001640,application_setting,release-development-release-default,0,safe_phrase,none,synthetic_v3,35,3.45131,0.0,0.0,0.085714,0,1,0,0,0,0,0,0,0,0,0,1
LGV3-001641,trace_id,342facc9-8d43-1b88-fb31-5818d94c2560,0,uuid_identifier,none,synthetic_v3,36,3.763559,0.611111,0.0,0.111111,0,1,1,1,0,0,0,0,0,1,0,0
LGV3-001642,signing_secret,db6b4fa7793996f8babc8d1cf015f1e241bf5a43,1,hex_secret,none,synthetic_v3,40,3.83483,0.55,0.0,0.0,1,1,1,0,1,1,0,0,0,0,0,0
LGV3-001643,service_url,enabled,0,normal_config,none,synthetic_v3,7,2.521641,0.0,0.0,0.0,0,1,0,0,0,0,0,0,0,0,0,0
LGV3-001644,access_token,6959c8a08639b1cebf0d1a743c3e000a314e345a,1,hash_shaped_secret,none,synthetic_v3,40,3.747085,0.65,0.0,0.0,1,1,1,0,1,1,0,0,0,0,0,0
LGV3-001645,customer_reference,LRJKRCPIPLNDK7MABAZ5ZW3FCP,0,public_identifier,none,synthetic_v3,26,4.056021,0.115385,0.884615,0.0,0,1,1,0,0,0,0,0,0,1,0,0
LGV3-001646,api_key,${API_KEY},0,secret_reference,none,synthetic_v3,10,3.321928,0.0,0.6,0.4,1,1,0,0,0,0,1,0,0,0,0,0
LGV3-001647,access_token,7005f25e-b837-2a0a-63f1-609a57917476,1,uuid_shaped_secret,none,synthetic_v3,36,3.728972,0.694444,0.0,0.111111,1,1,1,1,0,0,0,0,0,0,0,0
LGV3-001648,image_digest,2cf3678597ae02588e8a52f34fd292a4105f0b3fd6f2225d84796933dd2eb2fd,0,artifact_digest,none,synthetic_v3,64,3.785331,0.65625,0.0,0.0,0,1,1,0,1,1,0,0,0,1,0,0
LGV3-001649,commit_sha,f9699370a78e590bade51abba84e8594f6312913,0,commit_hash,none,synthetic_v3,40,3.770951,0.675,0.0,0.0,0,1,1,0,1,1,0,0,0,1,0,0
LGV3-001650,access_token,83N7lKAK9yS1YUza.-pC-3qoyHPcNN77dPJ0Fg0u_fpw.eUkt1QiS4y0q14rUYS-yvTlS,1,jwt_like_secret,none,synthetic_v3,69,5.202302,0.217391,0.333333,0.086957,1,1,1,0,0,0,0,0,0,0,1,0
LGV3-001651,application_setting,enable development default service stable,0,safe_phrase,none,synthetic_v3,41,3.795623,0.0,0.0,0.097561,0,0,0,0,0,0,0,0,0,0,0,1
LGV3-001652,database_password,vault://application/key,0,secret_reference,none,synthetic_v3,23,3.762267,0.0,0.0,0.173913,1,1,0,0,0,0,1,0,0,0,0,0
LGV3-001653,commit_sha,01124c4d6d354a92284296ae89f7630b860f93b8,0,commit_hash,none,synthetic_v3,40,3.834184,0.75,0.0,0.0,0,1,1,0,1,1,0,0,0,1,0,0
LGV3-001654,environment,https://example.test/api,0,normal_config,none,synthetic_v3,24,3.490602,0.0,0.0,0.208333,0,1,0,0,0,0,0,1,0,0,0,0
LGV3-001655,documentation_token,-Cox4BoniTd2cVQW.h18IQslec4CB1TUhEemoh5nU4SQ.yXCEE1BMdw31BxxAdzDBcI_g,0,documentation_jwt,none,synthetic_v3,69,5.030211,0.15942,0.391304,0.057971,1,1,1,0,0,0,0,0,0,0,1,0
LGV3-001656,client_secret,sample-secret-value,0,placeholder,none,synthetic_v3,19,3.405822,0.0,0.0,0.105263,1,1,0,0,0,0,0,1,0,0,0,0
LGV3-001657,value,1fac26c1e29f6d5a076edd1ef5edbe8bb142be15,1,hex_secret,none,synthetic_v3,40,3.668454,0.475,0.0,0.0,0,1,1,0,1,1,0,0,0,0,0,0
LGV3-001658,service_password,TOKEN_PLACEHOLDER,0,placeholder,none,synthetic_v3,17,3.572469,0.0,0.941176,0.058824,1,1,0,0,0,0,0,1,0,0,0,0
LGV3-001659,documentation_token,CUkdN-0NScojdKUD.WSqRecw1Fae9PPgExAiHockXPKg.0_kUIEQY7iMRqkDWF_kyCQEy,0,documentation_jwt,none,synthetic_v3,69,5.113899,0.072464,0.478261,0.072464,1,1,1,0,0,0,0,0,0,0,1,0
LGV3-001660,session_data,24cNNd_XPee@AbuyodzGFg8RE0c7UrVQ,1,random_secret,none,synthetic_v3,32,4.75,0.15625,0.375,0.0625,0,1,1,0,0,0,0,0,0,0,0,0
LGV3-001661,client_secret,${DATABASE_PASSWORD},0,secret_reference,none,synthetic_v3,20,3.584184,0.0,0.8,0.2,1,1,0,0,0,0,1,0,0,0,0,0
LGV3-001662,NEXT_PUBLIC_API_KEY,zwvJmLRXNnDgLUI_wOQeY9YQbnwf1NeVqzGN,1,client_exposed_secret,Next.js,synthetic_v3,36,4.572431,0.055556,0.5,0.027778,1,1,1,0,0,0,0,0,1,0,0,0
LGV3-001663,service_password,CWVtPc7I4A9Lfuo8.3ZpvqaFSko19jD5Z6lSXfcvhOww.amrOTg1GETYVEopzHmAtgV5x,1,jwt_like_secret,none,synthetic_v3,69,5.419977,0.15942,0.376812,0.028986,1,1,1,0,0,0,0,0,0,0,1,0
LGV3-001664,feature_mode,debug,0,normal_config,none,synthetic_v3,5,2.321928,0.0,0.0,0.0,0,1,0,0,0,0,0,0,0,0,0,0
LGV3-001665,access_token,e9aac7c000155be34377ace9054cb308a0a9e4c5,1,hash_shaped_secret,none,synthetic_v3,40,3.428213,0.6,0.0,0.0,1,1,1,0,1,1,0,0,0,0,0,0
LGV3-001666,VITE_API_KEY,UYpuRO8drxKhZ9FwHSxj1uWjjwLpSPWHk8G6,1,client_exposed_secret,Vite,synthetic_v3,36,4.5934,0.138889,0.444444,0.0,1,1,1,0,0,0,0,0,1,0,0,0
LGV3-001667,NEXT_PUBLIC_ACCESS_TOKEN,b1p32USrsGnbPQ73vaGRcUUWKGV44znUbXJL,1,client_exposed_secret,Next.js,synthetic_v3,36,4.516876,0.194444,0.472222,0.0,1,1,1,0,0,0,0,0,1,0,0,0
LGV3-001668,NEXT_PUBLIC_API_KEY,Zvzy916XiypAg7D63bSo9S0ARTeaSj57l6fw,1,client_exposed_secret,Next.js,synthetic_v3,36,4.683542,0.305556,0.277778,0.0,1,1,1,0,0,0,0,0,1,0,0,0
LGV3-001669,signing_secret,9758476c-2b0a-769e-8739-31cb1f4718e3,1,uuid_shaped_secret,none,synthetic_v3,36,3.819114,0.666667,0.0,0.111111,1,1,1,1,0,0,0,0,0,0,0,0
LGV3-001670,log_level,https://example.test/api,0,normal_config,none,synthetic_v3,24,3.490602,0.0,0.0,0.208333,0,1,0,0,0,0,0,1,0,0,0,0
LGV3-001671,signing_secret,_dCpxFPV5hO5yIyqM0UE4o_r!isSzyAg,1,random_secret,none,synthetic_v3,32,4.72641,0.125,0.34375,0.09375,1,1,1,0,0,0,0,0,0,0,0,0
LGV3-001672,commit_sha,649fc189a05a3a1426f6bd57670b5fa3939c1e8f,0,commit_hash,none,synthetic_v3,40,3.865312,0.65,0.0,0.0,0,1,1,0,1,1,0,0,0,1,0,0
LGV3-001673,connector_value,silver-voyage-canyon-harbor-orbit-lantern,1,passphrase_secret,none,synthetic_v3,41,3.797206,0.0,0.0,0.121951,0,1,0,0,0,0,0,0,0,0,0,1
LGV3-001674,setting,b9ecdee6-0e6d-c7b5-faa6-c57b4b7f96b3,1,uuid_shaped_secret,none,synthetic_v3,36,3.63883,0.388889,0.0,0.111111,0,1,1,1,0,0,0,0,0,0,0,0
LGV3-001675,result,54ef9dad734de7580f4bb1a7db510e9f,1,hex_secret,none,synthetic_v3,32,3.608459,0.53125,0.0,0.0,0,1,1,0,0,1,0,0,0,0,0,0
LGV3-001676,build_id,QF5ZGSIRQ5WWNIVA0QQFH9ZMW0,0,public_identifier,none,synthetic_v3,26,3.825252,0.192308,0.807692,0.0,0,1,1,0,0,0,0,0,0,1,0,0
LGV3-001677,build_id,MEIL0ZHFNKIVP3115NPQ3E6E7A,0,public_identifier,none,synthetic_v3,26,4.132944,0.307692,0.692308,0.0,0,1,1,0,0,0,0,0,0,1,0,0
LGV3-001678,checksum,0332858d3c18f0e997a0e12f42260c0192e84827f6fdf0da84ecf47ef5653c25,0,artifact_digest,none,synthetic_v3,64,3.817084,0.671875,0.0,0.0,0,1,1,0,1,1,0,0,0,1,0,0
LGV3-001679,request_id,5c54abcb-618e-26ae-39b8-9ff7c589b442,0,uuid_identifier,none,synthetic_v3,36,3.787302,0.527778,0.0,0.111111,0,1,1,1,0,0,0,0,0,1,0,0
LGV3-001680,result,2f78516cd4bbe3da8ee2d0a827bccd72,1,hex_secret,none,synthetic_v3,32,3.694549,0.5,0.0,0.0,0,1,1,0,0,1,0,0,0,0,0,0
LGV3-001681,value,AcH$jDCObdCKdr-57ZIUoY4AlgWsmtXn,1,random_secret,none,synthetic_v3,32,4.8125,0.09375,0.4375,0.0625,0,1,1,0,0,0,0,0,0,0,0,0
LGV3-001682,material,canyon ocean winter silver timber crystal,1,passphrase_secret,none,synthetic_v3,41,3.830011,0.0,0.0,0.121951,0,0,0,0,0,0,0,0,0,0,0,1
LGV3-001683,customer_reference,PZC67AZ84E6N8Y44H8VQBYSUT3,0,public_identifier,none,synthetic_v3,26,4.10391,0.384615,0.615385,0.0,0,1,1,0,0,0,0,0,0,1,0,0
LGV3-001684,documentation_token,_aIn6c8L4PRLHi3V.G4j8bbjih2SyvkGAWkZLldEwwBY.vWTR6UcM2vWef5jMF5kYL5cw,0,documentation_jwt,none,synthetic_v3,69,5.191362,0.173913,0.391304,0.043478,1,1,1,0,0,0,0,0,0,0,1,0
LGV3-001685,value,0ec271c6-02c5-fc4a-c73c-4eeddf7decca,1,uuid_shaped_secret,none,synthetic_v3,36,3.516876,0.361111,0.0,0.111111,0,1,1,1,0,0,0,0,0,0,0,0
LGV3-001686,deployment_mode,application production public production default,0,safe_phrase,none,synthetic_v3,48,3.754786,0.0,0.0,0.083333,0,0,0,0,0,0,0,0,0,0,0,1
LGV3-001687,checksum,e498dd3add5ed44bca3d254ac99594e95231f1d474611eb0df19480de6797465,0,artifact_digest,none,synthetic_v3,64,3.772522,0.640625,0.0,0.0,0,1,1,0,1,1,0,0,0,1,0,0
LGV3-001688,signing_secret,327697d1c8d44a5d4682468a13ad2ce425c962b26c4aac5a656e7a8738f719fa,1,hex_secret,none,synthetic_v3,64,3.753678,0.65625,0.0,0.0,1,1,1,0,1,1,0,0,0,0,0,0
LGV3-001689,build_id,UYSNGP18RHJ3XXKZLZQA4O6JE6,0,public_identifier,none,synthetic_v3,26,4.392747,0.230769,0.769231,0.0,0,1,1,0,0,0,0,0,0,1,0,0
LGV3-001690,trace_id,98e242ad-67ff-ceab-98e9-c7b0f4f808eb,0,uuid_identifier,none,synthetic_v3,36,3.683542,0.444444,0.0,0.111111,0,1,1,1,0,0,0,0,0,1,0,0
LGV3-001691,environment,debug,0,normal_config,none,synthetic_v3,5,2.321928,0.0,0.0,0.0,0,1,0,0,0,0,0,0,0,0,0,0
LGV3-001692,service_password,process.env.CLIENT_SECRET,0,secret_reference,none,synthetic_v3,25,4.053661,0.0,0.48,0.12,1,1,1,0,0,0,1,0,0,0,0,0
LGV3-001693,trace_id,8d6727c9-3dc3-b2b1-7679-a75a30d4b0b2,0,uuid_identifier,none,synthetic_v3,36,3.728972,0.583333,0.0,0.111111,0,1,1,1,0,0,0,0,0,1,0,0
LGV3-001694,signing_secret,replace-me,0,placeholder,none,synthetic_v3,10,2.846439,0.0,0.0,0.1,1,1,0,0,0,0,0,1,0,0,0,0
LGV3-001695,signing_secret,vault://application/key,0,secret_reference,none,synthetic_v3,23,3.762267,0.0,0.0,0.173913,1,1,0,0,0,0,1,0,0,0,0,0
LGV3-001696,token_example,pl2MXOQDwCS8BD7X.C8mlVVoJ0Q_6smeU34OV0XQtKp0.wn4hv_PQB-gKyWz9-6pHwUAq,0,documentation_jwt,none,synthetic_v3,69,5.242228,0.188406,0.42029,0.086957,1,1,1,0,0,0,0,0,0,0,1,0
LGV3-001697,database_password,process.env.CLIENT_SECRET,0,secret_reference,none,synthetic_v3,25,4.053661,0.0,0.48,0.12,1,1,1,0,0,0,1,0,0,0,0,0
LGV3-001698,client_secret,sample-secret-value,0,placeholder,none,synthetic_v3,19,3.405822,0.0,0.0,0.105263,1,1,0,0,0,0,0,1,0,0,0,0
LGV3-001699,signing_secret,canyon-bridge-harbor-orbit-orbit,1,passphrase_secret,none,synthetic_v3,32,3.551109,0.0,0.0,0.125,1,1,0,0,0,0,0,0,0,0,0,1
LGV3-001700,deployment_mode,release public release public,0,safe_phrase,none,synthetic_v3,29,3.331613,0.0,0.0,0.103448,0,0,0,0,0,0,0,0,0,0,0,1
LGV3-001701,image_digest,3bf9727bba7cbc39b478cdc6d7c64f5bea14372d7d1dd4877176dc7c612f46b7,0,artifact_digest,none,synthetic_v3,64,3.60222,0.578125,0.0,0.0,0,1,1,0,1,1,0,0,0,1,0,0
LGV3-001702,runtime_data,harbor-orbit-timber-amber,1,passphrase_secret,none,synthetic_v3,25,3.189275,0.0,0.0,0.12,0,1,0,0,0,0,0,0,0,0,0,1
LGV3-001703,signing_secret,silver-bridge-voyage-crystal-orbit,1,passphrase_secret,none,synthetic_v3,34,3.807764,0.0,0.0,0.117647,1,1,0,0,0,0,0,0,0,0,0,1
LGV3-001704,client_secret,process.env.CLIENT_SECRET,0,secret_reference,none,synthetic_v3,25,4.053661,0.0,0.48,0.12,1,1,1,0,0,0,1,0,0,0,0,0
LGV3-001705,session_data,wQn8758uu3l3xa4y.nAe1EyUS80C5nyWnAk4MvKBUSEM.JQIIBceIXF9QlF4Kvlplomg7,1,jwt_like_secret,none,synthetic_v3,69,5.097301,0.217391,0.376812,0.028986,0,1,1,0,0,0,0,0,0,0,1,0
LGV3-001706,access_token,NJjufVxtUzr3XDfWM$d0eWHM5@HYsIAc,1,random_secret,none,synthetic_v3,32,4.75,0.09375,0.46875,0.0625,1,1,1,0,0,0,0,0,0,0,0,0
LGV3-001707,NEXT_PUBLIC_RELEASE_CHANNEL,eu-west,0,frontend_public_value,Next.js,synthetic_v3,7,2.521641,0.0,0.0,0.142857,0,1,0,0,0,0,0,0,1,0,0,0
LGV3-001708,material,4398c439-eaa8-4425-a378-7490a9b9a227,1,uuid_shaped_secret,none,synthetic_v3,36,3.451912,0.666667,0.0,0.111111,0,1,1,1,0,0,0,0,0,0,0,0
LGV3-001709,setting,03ff227d-8898-f108-b6a9-755e704bf14a,1,uuid_shaped_secret,none,synthetic_v3,36,3.850209,0.611111,0.0,0.111111,0,1,1,1,0,0,0,0,0,0,0,0
LGV3-001710,access_token,EXAMPLE_ONLY_DO_NOT_USE,0,placeholder,none,synthetic_v3,23,3.588354,0.0,0.826087,0.173913,1,1,0,0,0,0,0,1,0,0,0,0
LGV3-001711,artifact_digest,b671ca53c8ecfb1901f7db3999853c07aed1494b8dd96a73de0c59200ce38ce3,0,artifact_digest,none,synthetic_v3,64,3.857009,0.59375,0.0,0.0,0,1,1,0,1,1,0,0,0,1,0,0
LGV3-001712,runtime_data,2d7f28ec17b6bbf41b87e6a350ebb10a,1,hex_secret,none,synthetic_v3,32,3.694549,0.53125,0.0,0.0,0,1,1,0,0,1,0,0,0,0,0,0
LGV3-001713,NEXT_PUBLIC_RELEASE_CHANNEL,eu-west,0,frontend_public_value,Next.js,synthetic_v3,7,2.521641,0.0,0.0,0.142857,0,1,0,0,0,0,0,0,1,0,0,0
LGV3-001714,deployment_mode,preview-service-stable-runtime-region,0,safe_phrase,none,synthetic_v3,37,3.813467,0.0,0.0,0.108108,0,1,0,0,0,0,0,0,0,0,0,1
LGV3-001715,commit_sha,be1b5406014ff29359c0f52e649a6cda84ff368d,0,commit_hash,none,synthetic_v3,40,3.825071,0.625,0.0,0.0,0,1,1,0,1,1,0,0,0,1,0,0
LGV3-001716,value,RKm72jLWk-@#I8WEyktkKlOc_D$RIJCR,1,random_secret,none,synthetic_v3,32,4.51532,0.09375,0.46875,0.15625,0,1,1,0,0,0,0,0,0,0,0,0
LGV3-001717,event_uuid,a409c116-4671-8707-d7cb-4816784725cd,0,uuid_identifier,none,synthetic_v3,36,3.56508,0.694444,0.0,0.111111,0,1,1,1,0,0,0,0,0,1,0,0
LGV3-001718,service_password,O_7M3J_S04mYi9cH.dU3Xmx_gC9koffJhIVcZdFJ4oKo.ATxP-30Ab0aBkx3hzAmQqWmH,1,jwt_like_secret,none,synthetic_v3,69,5.202302,0.173913,0.362319,0.086957,1,1,1,0,0,0,0,0,0,0,1,0
LGV3-001719,public_id,QK3GM2ESE4M6GMQWDOJDFWPTN5,0,public_identifier,none,synthetic_v3,26,4.132944,0.192308,0.807692,0.0,0,1,1,0,0,0,0,0,0,1,0,0
LGV3-001720,material,meadow-crystal-voyage-amber-orbit-meteor,1,passphrase_secret,none,synthetic_v3,40,3.803702,0.0,0.0,0.125,0,1,0,0,0,0,0,0,0,0,0,1
LGV3-001721,access_token,summit.meteor.voyage.winter,1,passphrase_secret,none,synthetic_v3,27,3.708048,0.0,0.0,0.111111,1,1,0,0,0,0,0,0,0,0,0,1
LGV3-001722,signing_secret,dcd1033037ed57c243c7fbaded5340eecd3c9b85,1,hash_shaped_secret,none,synthetic_v3,40,3.599582,0.525,0.0,0.0,1,1,1,0,1,1,0,0,0,0,0,0
LGV3-001723,image_digest,83db9dbf98b75ee166172d33c429ea9012f825a2c9fa574e9413ae4dee1a9950,0,artifact_digest,none,synthetic_v3,64,3.882813,0.625,0.0,0.0,0,1,1,0,1,1,0,0,0,1,0,0
LGV3-001724,deployment_mode,public release public stable,0,safe_phrase,none,synthetic_v3,28,3.46772,0.0,0.0,0.107143,0,0,0,0,0,0,0,0,0,0,0,1
LGV3-001725,payload,sXJYdyF$Drx%u-awrPeud6wS@WuoU@dC,1,random_secret,none,synthetic_v3,32,4.51532,0.03125,0.3125,0.15625,0,1,1,0,0,0,0,0,0,0,0,0
LGV3-001726,access_token,$env:ACCESS_TOKEN,0,secret_reference,none,synthetic_v3,17,3.734522,0.0,0.647059,0.176471,1,1,1,0,0,0,1,0,0,0,0,0
LGV3-001727,payload,be940264-2d37-e733-d969-14990b7e5002,1,uuid_shaped_secret,none,synthetic_v3,36,3.575923,0.694444,0.0,0.111111,0,1,1,1,0,0,0,0,0,0,0,0
LGV3-001728,session_data,clM0wKmtg_YZi0!dctby2JdvxvbxrC40,1,random_secret,none,synthetic_v3,32,4.47641,0.15625,0.1875,0.0625,0,1,1,0,0,0,0,0,0,0,0,0
LGV3-001729,image_digest,97136a2fe1c00e4e2fd993fb0c0293d30276a22332298e7b3eda9322a0b8581b,0,artifact_digest,none,synthetic_v3,64,3.755892,0.671875,0.0,0.0,0,1,1,0,1,1,0,0,0,1,0,0
LGV3-001730,api_key,YOUR_API_KEY_HERE,0,placeholder,none,synthetic_v3,17,3.29277,0.0,0.823529,0.176471,1,1,0,0,0,0,0,1,0,0,0,0
LGV3-001731,commit_sha,8a862575bc7078ad0573add507411ede5dc060d9,0,commit_hash,none,synthetic_v3,40,3.625716,0.65,0.0,0.0,0,1,1,0,1,1,0,0,0,1,0,0
LGV3-001732,trace_id,694d327b-bd24-8e20-ad91-d1cc304dd960,0,uuid_identifier,none,synthetic_v3,36,3.710777,0.555556,0.0,0.111111,0,1,1,1,0,0,0,0,0,1,0,0
LGV3-001733,result,d1e9528196eba0a07be8959d3ca56eb58e847be6a4fc40df45ab78c1264004a4,1,hash_shaped_secret,none,synthetic_v3,64,3.872982,0.609375,0.0,0.0,0,1,1,0,1,1,0,0,0,0,0,0
LGV3-001734,documentation_token,7-aFcY3IJwfChkFT.ZH93GiEJEF6bhWzurjYiLFhVjow.8MjCc9ZxAhD2tA9FD7ZWVn0m,0,documentation_jwt,none,synthetic_v3,69,5.211795,0.15942,0.434783,0.043478,1,1,1,0,0,0,0,0,0,0,1,0
LGV3-001735,connector_value,b8e1addfba3ef54bb882ef9c8cbac1db3183e10be76e87aa308118427853a556,1,hash_shaped_secret,none,synthetic_v3,64,3.791573,0.5625,0.0,0.0,0,1,1,0,1,1,0,0,0,0,0,0
LGV3-001736,feature_mode,production,0,normal_config,none,synthetic_v3,10,3.121928,0.0,0.0,0.0,0,1,0,0,0,0,0,0,0,0,0,0
LGV3-001737,VITE_CLIENT_SECRET,HOqQEcvVK8oIdr5r35pNCjpSC3CcWreTbqc-,1,client_exposed_secret,Vite,synthetic_v3,36,4.551462,0.138889,0.388889,0.027778,1,1,1,0,0,0,0,0,1,0,0,0
LGV3-001738,NEXT_PUBLIC_API_KEY,A0bXfgg7vFCUxkl76p7xAMF__54T5NwUwEX3,1,client_exposed_secret,Next.js,synthetic_v3,36,4.537845,0.25,0.361111,0.055556,1,1,1,0,0,0,0,0,1,0,0,0
LGV3-001739,trace_id,72d57a07-7ddf-d0e6-aeaf-6d502a3e4d9d,0,uuid_identifier,none,synthetic_v3,36,3.471001,0.444444,0.0,0.111111,0,1,1,1,0,0,0,0,0,1,0,0
LGV3-001740,VITE_CLIENT_SECRET,K48sLtEuRPz4GjcazN1QyjLb4Fx7u0xxU5uX,1,client_exposed_secret,Vite,synthetic_v3,36,4.607018,0.222222,0.333333,0.0,1,1,1,0,0,0,0,0,1,0,0,0
LGV3-001741,runtime_data,amber crystal crystal amber,1,passphrase_secret,none,synthetic_v3,27,3.393595,0.0,0.0,0.111111,0,0,0,0,0,0,0,0,0,0,0,1
LGV3-001742,commit_sha,5cd135e2e8851aa45382242e446db4598b99c2ae,0,commit_hash,none,synthetic_v3,40,3.563461,0.675,0.0,0.0,0,1,1,0,1,1,0,0,0,1,0,0
LGV3-001743,documentation_token,0FV_beSTemR15GHV.RifLiwDze2Fy9GYwiQypxRCSL1w.Y51FWuDKLhYzUfyPxUfKnIPd,0,documentation_jwt,none,synthetic_v3,69,5.10057,0.115942,0.463768,0.043478,1,1,1,0,0,0,0,0,0,0,1,0
LGV3-001744,service_password,<redacted>,0,placeholder,none,synthetic_v3,10,2.921928,0.0,0.0,0.2,1,1,0,0,0,0,0,1,0,0,0,0
LGV3-001745,client_secret,${API_KEY},0,secret_reference,none,synthetic_v3,10,3.321928,0.0,0.6,0.4,1,1,0,0,0,0,1,0,0,0,0,0
LGV3-001746,database_password,100e1a4759bf409eeef43312f0193e94f9b7f049b1991e31cc2d83429f30f63b,1,hash_shaped_secret,none,synthetic_v3,64,3.64425,0.671875,0.0,0.0,1,1,1,0,1,1,0,0,0,0,0,0
LGV3-001747,VITE_API_KEY,JqzUEIpcZMxW_JzpyVHhMJHBkfbk03UWMMse,1,client_exposed_secret,Vite,synthetic_v3,36,4.482289,0.055556,0.5,0.027778,1,1,1,0,0,0,0,0,1,0,0,0
LGV3-001748,client_secret,21870e37-d707-ab38-5707-75c9cdf5f5d4,1,uuid_shaped_secret,none,synthetic_v3,36,3.693223,0.611111,0.0,0.111111,1,1,1,1,0,0,0,0,0,0,0,0
LGV3-001749,application_setting,preview region runtime runtime stable,0,safe_phrase,none,synthetic_v3,37,3.776493,0.0,0.0,0.108108,0,0,0,0,0,0,0,0,0,0,0,1
LGV3-001750,artifact_digest,c596ef7c8c764adfc8b9f9d43f1dc2f1c580c2e828d5ee3d59da03a85044ba6d,0,artifact_digest,none,synthetic_v3,64,3.889819,0.546875,0.0,0.0,0,1,1,0,1,1,0,0,0,1,0,0
LGV3-001751,payload,DxHsyS2r3!3pvQTB!q6nYu37Dgx$uoUV,1,random_secret,none,synthetic_v3,32,4.60141,0.1875,0.3125,0.09375,0,1,1,0,0,0,0,0,0,0,0,0
LGV3-001752,service_password,$env:ACCESS_TOKEN,0,secret_reference,none,synthetic_v3,17,3.734522,0.0,0.647059,0.176471,1,1,1,0,0,0,1,0,0,0,0,0
LGV3-001753,database_password,UrVkhhUcBZJ2ZnZz.z_Tfzs23PUpj_z_1We_mu2He-TQ.LrQ8jfzAcX6ZaUZjK7q-NhBC,1,jwt_like_secret,none,synthetic_v3,69,5.072525,0.115942,0.376812,0.115942,1,1,1,0,0,0,0,0,0,0,1,0
LGV3-001754,application_setting,public public application production,0,safe_phrase,none,synthetic_v3,36,3.55218,0.0,0.0,0.083333,0,0,0,0,0,0,0,0,0,0,0,1
LGV3-001755,signing_secret,island orbit meteor harbor orbit,1,passphrase_secret,none,synthetic_v3,32,3.566428,0.0,0.0,0.125,1,0,0,0,0,0,0,0,0,0,0,1
LGV3-001756,NEXT_PUBLIC_RELEASE_CHANNEL,preview,0,frontend_public_value,Next.js,synthetic_v3,7,2.521641,0.0,0.0,0.0,0,1,0,0,0,0,0,0,1,0,0,0
LGV3-001757,event_uuid,76dc512e-58e5-7601-a14a-7a7492a87249,0,uuid_identifier,none,synthetic_v3,36,3.652447,0.666667,0.0,0.111111,0,1,1,1,0,0,0,0,0,1,0,0
LGV3-001758,environment,debug,0,normal_config,none,synthetic_v3,5,2.321928,0.0,0.0,0.0,0,1,0,0,0,0,0,0,0,0,0,0
LGV3-001759,database_password,YOUR_API_KEY_HERE,0,placeholder,none,synthetic_v3,17,3.29277,0.0,0.823529,0.176471,1,1,0,0,0,0,0,1,0,0,0,0
LGV3-001760,VITE_PUBLIC_REGION,public-dashboard,0,frontend_public_value,Vite,synthetic_v3,16,3.625,0.0,0.0,0.0625,0,1,0,0,0,0,0,0,1,0,0,0
LGV3-001761,artifact_digest,8f6d1476758acf47e0cf549061b02656c8b82367d3a7a68e891b2584fa90b2e1,0,artifact_digest,none,synthetic_v3,64,3.919105,0.6875,0.0,0.0,0,1,1,0,1,1,0,0,0,1,0,0
LGV3-001762,access_token,fb25eb747f670340268e718dcba22a8fba78042f,1,hash_shaped_secret,none,synthetic_v3,40,3.68483,0.625,0.0,0.0,1,1,1,0,1,1,0,0,0,0,0,0
LGV3-001763,signing_secret,<redacted>,0,placeholder,none,synthetic_v3,10,2.921928,0.0,0.0,0.2,1,1,0,0,0,0,0,1,0,0,0,0
LGV3-001764,request_id,5de779ad-17c2-24e8-b53e-007838d4221e,0,uuid_identifier,none,synthetic_v3,36,3.739098,0.611111,0.0,0.111111,0,1,1,1,0,0,0,0,0,1,0,0
LGV3-001765,value,d9ac5b1399b393397f658d13b4df3dbb108fb39e,1,hash_shaped_secret,none,synthetic_v3,40,3.517408,0.6,0.0,0.0,0,1,1,0,1,1,0,0,0,0,0,0
LGV3-001766,commit_sha,907afa4d67ebd7acbfeb2f105c0a5268f990f59e,0,commit_hash,none,synthetic_v3,40,3.756198,0.525,0.0,0.0,0,1,1,0,1,1,0,0,0,1,0,0
LGV3-001767,event_uuid,8e4490a6-ae45-bc3b-a41e-69aaa6de28ca,0,uuid_identifier,none,synthetic_v3,36,3.603081,0.444444,0.0,0.111111,0,1,1,1,0,0,0,0,0,1,0,0
LGV3-001768,access_token,dd11cd4c-443e-462a-8baf-0cf8f94762b1,1,uuid_shaped_secret,none,synthetic_v3,36,3.819114,0.5,0.0,0.111111,1,1,1,1,0,0,0,0,0,0,0,0
LGV3-001769,database_password,<redacted>,0,placeholder,none,synthetic_v3,10,2.921928,0.0,0.0,0.2,1,1,0,0,0,0,0,1,0,0,0,0
LGV3-001770,setting,meteor-lantern-island-meadow-summit-harbor,1,passphrase_secret,none,synthetic_v3,42,3.823882,0.0,0.0,0.119048,0,1,0,0,0,0,0,0,0,0,0,1
LGV3-001771,value,b4d861f4f409de90802d6440c0dada0fcd783ff58b3e744f5a4272ae7853b4cb,1,hash_shaped_secret,none,synthetic_v3,64,3.836832,0.59375,0.0,0.0,0,1,1,0,1,1,0,0,0,0,0,0
LGV3-001772,result,O1fcn$z6AAPLIhysQqRYJXlRKEgCwUdY,1,random_secret,none,synthetic_v3,32,4.8125,0.0625,0.53125,0.03125,0,1,1,0,0,0,0,0,0,0,0,0
LGV3-001773,NEXT_PUBLIC_API_KEY,CUOjJbsCbp139Jl-I2A6ekYgjfGxymdvt1Df,1,client_exposed_secret,Next.js,synthetic_v3,36,4.836592,0.166667,0.305556,0.027778,1,1,1,0,0,0,0,0,1,0,0,0
LGV3-001774,client_secret,$env:ACCESS_TOKEN,0,secret_reference,none,synthetic_v3,17,3.734522,0.0,0.647059,0.176471,1,1,1,0,0,0,1,0,0,0,0,0
LGV3-001775,payload,221b78ed-fb7b-6656-b967-0b64a888418a,1,uuid_shaped_secret,none,synthetic_v3,36,3.62593,0.611111,0.0,0.111111,0,1,1,1,0,0,0,0,0,0,0,0
LGV3-001776,VITE_PUBLIC_REGION,stable,0,frontend_public_value,Vite,synthetic_v3,6,2.584963,0.0,0.0,0.0,0,1,0,0,0,0,0,0,1,0,0,0
LGV3-001777,session_data,64543760eb399556954c2eebd3b98f9cc62b1ce52b4fd61677825153e838050e,1,hash_shaped_secret,none,synthetic_v3,64,3.810732,0.703125,0.0,0.0,0,1,1,0,1,1,0,0,0,0,0,0
LGV3-001778,session_data,aae26ffb870c71f872fe42bdcf3ab6ba68ad97af0a8b2876,1,hex_secret,none,synthetic_v3,48,3.626834,0.5,0.0,0.0,0,1,1,0,0,1,0,0,0,0,0,0
LGV3-001779,build_id,14EPZVJWAKC8ND63XY23DLRXCJ,0,public_identifier,none,synthetic_v3,26,4.315824,0.269231,0.730769,0.0,0,1,1,0,0,0,0,0,0,1,0,0
LGV3-001780,session_data,k9vDTlpqDgqfb11L.VBOhZm5i44D5lX-xm0WFYAhMvWc.rvDbAMJAhlaplA2TdDzbs7MB,1,jwt_like_secret,none,synthetic_v3,69,5.142884,0.144928,0.376812,0.043478,0,1,1,0,0,0,0,0,0,0,1,0
LGV3-001781,NEXT_PUBLIC_ACCESS_TOKEN,Sre9WOcP2W1NKxpiLMC2Ls6d0MQfF5f1gw_K,1,client_exposed_secret,Next.js,synthetic_v3,36,4.781036,0.222222,0.416667,0.027778,1,1,1,0,0,0,0,0,1,0,0,0
LGV3-001782,runtime_data,bridge.meteor.lantern.orbit,1,passphrase_secret,none,synthetic_v3,27,3.513785,0.0,0.0,0.111111,0,1,0,0,0,0,0,0,0,0,0,1
LGV3-001783,setting,5fc4bfa00e4c2da2b29703b382ed71db33b334ba,1,hex_secret,none,synthetic_v3,40,3.670951,0.55,0.0,0.0,0,1,1,0,1,1,0,0,0,0,0,0
LGV3-001784,NEXT_PUBLIC_API_KEY,EqtM4t6JiMblFBF0DUiK9itIF_ySy9mg1s2S,1,client_exposed_secret,Next.js,synthetic_v3,36,4.551462,0.194444,0.388889,0.027778,1,1,1,0,0,0,0,0,1,0,0,0
LGV3-001785,token_example,eO9rTXzsxhpYadxX.03qaMOgQs2aXqJWhMwe1z68xWg8.FlS71m87J8IA7S3RDp6J9Kvm,0,documentation_jwt,none,synthetic_v3,69,5.155272,0.246377,0.333333,0.028986,1,1,1,0,0,0,0,0,0,0,1,0
LGV3-001786,access_token,7222088448df94be473fa298da68a07cf37ac7f0,1,hash_shaped_secret,none,synthetic_v3,40,3.622574,0.65,0.0,0.0,1,1,1,0,1,1,0,0,0,0,0,0
LGV3-001787,VITE_CLIENT_SECRET,PpopYIsH93fRQ2Z85KbUfZIfGNi3fEvEB9xX,1,client_exposed_secret,Vite,synthetic_v3,36,4.614369,0.194444,0.472222,0.0,1,1,1,0,0,0,0,0,1,0,0,0
LGV3-001788,setting,9ef371909b04ddb766bf88628261637ca47f45af167e96e53ed92d73e39f1f2f,1,hash_shaped_secret,none,synthetic_v3,64,3.846774,0.65625,0.0,0.0,0,1,1,0,1,1,0,0,0,0,0,0
LGV3-001789,VITE_CLIENT_SECRET,0Sbk7P7nVmFwEKx4JkWDbTAaHH8vf2tiEnFW,1,client_exposed_secret,Vite,synthetic_v3,36,4.725481,0.166667,0.444444,0.0,1,1,1,0,0,0,0,0,1,0,0,0
LGV3-001790,api_key,z8VUVsFDKNQTHJo8.0zC_An_lwhBy-ezmiY2SXZW9y34.N6TXYsoG4ykAo3jk8OvjDvcw,1,jwt_like_secret,none,synthetic_v3,69,5.369111,0.15942,0.391304,0.072464,1,1,1,0,0,0,0,0,0,0,1,0
LGV3-001791,commit_sha,bccf0c72dd8bbe3158e954f0fb3fd18050017796,0,commit_hash,none,synthetic_v3,40,3.768454,0.6,0.0,0.0,0,1,1,0,1,1,0,0,0,1,0,0
LGV3-001792,setting,silver-amber-amber-meteor-timber,1,passphrase_secret,none,synthetic_v3,32,3.316428,0.0,0.0,0.125,0,1,0,0,0,0,0,0,0,0,0,1
LGV3-001793,deployment_mode,public-stable-default-development,0,safe_phrase,none,synthetic_v3,33,3.858957,0.0,0.0,0.090909,0,1,0,0,0,0,0,0,0,0,0,1
LGV3-001794,NEXT_PUBLIC_ACCESS_TOKEN,i2FrP8wtCcOxtIIgJEBuI81D5GwHPjeVcPxi,1,client_exposed_secret,Next.js,synthetic_v3,36,4.572431,0.138889,0.444444,0.0,1,1,1,0,0,0,0,0,1,0,0,0
LGV3-001795,log_level,enabled,0,normal_config,none,synthetic_v3,7,2.521641,0.0,0.0,0.0,0,1,0,0,0,0,0,0,0,0,0,0
LGV3-001796,trace_id,e165d97a-e255-4d00-f879-d24696eca65a,0,uuid_identifier,none,synthetic_v3,36,3.752715,0.583333,0.0,0.111111,0,1,1,1,0,0,0,0,0,1,0,0
LGV3-001797,database_password,4b2361ba-8783-f335-f902-005d15c57339,1,uuid_shaped_secret,none,synthetic_v3,36,3.773684,0.694444,0.0,0.111111,1,1,1,1,0,0,0,0,0,0,0,0
LGV3-001798,trace_id,875a1677-5bfa-0d58-ef1b-8f55c820328c,0,uuid_identifier,none,synthetic_v3,36,3.705229,0.583333,0.0,0.111111,0,1,1,1,0,0,0,0,0,1,0,0
LGV3-001799,commit_sha,af3c69e82075b19a98cdb2cd6eb9adfd8f4a8e3b,0,commit_hash,none,synthetic_v3,40,3.815312,0.475,0.0,0.0,0,1,1,0,1,1,0,0,0,1,0,0
LGV3-001800,VITE_CLIENT_SECRET,AFUVZAqlMt0KpEWWcHX_KCN3f7yL8BJ6Kyu_,1,client_exposed_secret,Vite,synthetic_v3,36,4.815623,0.138889,0.555556,0.055556,1,1,1,0,0,0,0,0,1,0,0,0
LGV3-001801,NEXT_PUBLIC_API_KEY,se-HWj47adIXGng2k0p7NmK07A40qwbM8cdd,1,client_exposed_secret,Next.js,synthetic_v3,36,4.718129,0.277778,0.25,0.027778,1,1,1,0,0,0,0,0,1,0,0,0
LGV3-001802,VITE_PUBLIC_REGION,preview,0,frontend_public_value,Vite,synthetic_v3,7,2.521641,0.0,0.0,0.0,0,1,0,0,0,0,0,0,1,0,0,0
LGV3-001803,payload,33e4c103a7ac426a2e0b58276e7cf9cfe66d2f44,1,hash_shaped_secret,none,synthetic_v3,40,3.796439,0.6,0.0,0.0,0,1,1,0,1,1,0,0,0,0,0,0
LGV3-001804,artifact_digest,f6ba8341f9044e2fe0565771eec9a0db35209656325c71d7daef62224b8c0071,0,artifact_digest,none,synthetic_v3,64,3.937696,0.671875,0.0,0.0,0,1,1,0,1,1,0,0,0,1,0,0
LGV3-001805,release_description,stable-application-public-region,0,safe_phrase,none,synthetic_v3,32,3.780639,0.0,0.0,0.09375,0,1,0,0,0,0,0,0,0,0,0,1
LGV3-001806,result,JOnR69snNfHQRWTG.oXt22znmF0P6AgnjsXDSqrMuDFk.KLiwyE3RF3a2GK3tARsyfGUO,1,jwt_like_secret,none,synthetic_v3,69,5.242228,0.144928,0.463768,0.028986,0,1,1,0,0,0,0,0,0,0,1,0
LGV3-001807,NEXT_PUBLIC_ACCESS_TOKEN,q5qw4O-k5HlbDHfkS8iK-_ERARVbZ2qzzJ-u,1,client_exposed_secret,Next.js,synthetic_v3,36,4.572431,0.138889,0.361111,0.111111,1,1,1,0,0,0,0,0,1,0,0,0
LGV3-001808,connector_value,48dd026c7afb86cd046198d80b152ea6,1,hex_secret,none,synthetic_v3,32,3.72641,0.625,0.0,0.0,0,1,1,0,0,1,0,0,0,0,0,0
LGV3-001809,jwt_example,XgcQnUHtKl6quNPp.B_sgAUmzNKurigIeO8cIATGICNk.2rtvC0WX-vNKW5msiMC_drNc,0,documentation_jwt,none,synthetic_v3,69,5.178974,0.072464,0.434783,0.072464,0,1,1,0,0,0,0,0,0,0,1,0
LGV3-001810,VITE_API_KEY,SNNg4-m-uWf1rRrYYxaTNjquROh3f0s7IKB2,1,client_exposed_secret,Vite,synthetic_v3,36,4.704511,0.166667,0.388889,0.055556,1,1,1,0,0,0,0,0,1,0,0,0
LGV3-001811,service_password,EXAMPLE_ONLY_DO_NOT_USE,0,placeholder,none,synthetic_v3,23,3.588354,0.0,0.826087,0.173913,1,1,0,0,0,0,0,1,0,0,0,0
LGV3-001812,NEXT_PUBLIC_ACCESS_TOKEN,wRcuHbqZ-rdLn_JE5oD_P1iRzmZZMdl9-8oX,1,client_exposed_secret,Next.js,synthetic_v3,36,4.760067,0.111111,0.361111,0.111111,1,1,1,0,0,0,0,0,1,0,0,0
LGV3-001813,artifact_digest,2ac5a8d35edf02542082f0789f6778e8bd607270c81028a735390b18b3088148,0,artifact_digest,none,synthetic_v3,64,3.768004,0.75,0.0,0.0,0,1,1,0,1,1,0,0,0,1,0,0
LGV3-001814,service_password,replace-me,0,placeholder,none,synthetic_v3,10,2.846439,0.0,0.0,0.1,1,1,0,0,0,0,0,1,0,0,0,0
LGV3-001815,runtime_data,167eee2c3e15dad0364f6fc92cab2c2ff5f4b73867af47251581ad22912abcf3,1,hex_secret,none,synthetic_v3,64,3.863358,0.578125,0.0,0.0,0,1,1,0,1,1,0,0,0,0,0,0
LGV3-001816,material,ARK1HNJDspZMnxdn.7DCy2jL1UCSwvq3FIj9OBfcF1ZY.h-Rk-UyNxCAquSSwx23_1RzL,1,jwt_like_secret,none,synthetic_v3,69,5.253169,0.144928,0.449275,0.072464,0,1,1,0,0,0,0,0,0,0,1,0
LGV3-001817,material,c09b24dd-a906-dac0-0dbd-3cfdee55f80d,1,uuid_shaped_secret,none,synthetic_v3,36,3.613925,0.388889,0.0,0.111111,0,1,1,1,0,0,0,0,0,0,0,0
LGV3-001818,api_key,amber voyage island ocean ocean,1,passphrase_secret,none,synthetic_v3,31,3.69228,0.0,0.0,0.129032,1,0,0,0,0,0,0,0,0,0,0,1
LGV3-001819,checksum,a80f2b66ddb80438a119b5c239b47ce6b3e5b3915da5ba5a5f18a3d54eb44244,0,artifact_digest,none,synthetic_v3,64,3.82122,0.609375,0.0,0.0,0,1,1,0,1,1,0,0,0,1,0,0
LGV3-001820,signing_secret,YOUR_API_KEY_HERE,0,placeholder,none,synthetic_v3,17,3.29277,0.0,0.823529,0.176471,1,1,0,0,0,0,0,1,0,0,0,0
LGV3-001821,client_secret,f22ad5b3f115868c6d7b67806b334cc193f3705276f0122f044e3889828115a7,1,hex_secret,none,synthetic_v3,64,3.855088,0.75,0.0,0.0,1,1,1,0,1,1,0,0,0,0,0,0
LGV3-001822,event_uuid,ace11ca5-8ae5-5dd2-684d-4bc2240b293a,0,uuid_identifier,none,synthetic_v3,36,3.752715,0.5,0.0,0.111111,0,1,1,1,0,0,0,0,0,1,0,0
LGV3-001823,setting,f0bc32d1-7711-26fc-2ebf-d16386b883c5,1,uuid_shaped_secret,none,synthetic_v3,36,3.689808,0.555556,0.0,0.111111,0,1,1,1,0,0,0,0,0,0,0,0
LGV3-001824,event_uuid,eff71eaa-5ee6-4be5-1fcc-29c4d4ee635f,0,uuid_identifier,none,synthetic_v3,36,3.616699,0.388889,0.0,0.111111,0,1,1,1,0,0,0,0,0,1,0,0
LGV3-001825,connector_value,8e0c18adb21016eea8c00857d691ff08d20bab4972bb12f9,1,hex_secret,none,synthetic_v3,48,3.749272,0.604167,0.0,0.0,0,1,1,0,0,1,0,0,0,0,0,0
LGV3-001826,session_data,orbit-bridge-summit-winter-winter,1,passphrase_secret,none,synthetic_v3,33,3.578802,0.0,0.0,0.121212,0,1,0,0,0,0,0,0,0,0,0,1
LGV3-001827,session_data,3c4f2bc73e93c9877ed8e5d726d56382ed9d1fd1,1,hash_shaped_secret,none,synthetic_v3,40,3.658695,0.6,0.0,0.0,0,1,1,0,1,1,0,0,0,0,0,0
LGV3-001828,deployment_mode,preview-development-service-runtime-public,0,safe_phrase,none,synthetic_v3,42,3.814587,0.0,0.0,0.095238,0,1,0,0,0,0,0,0,0,0,0,1
LGV3-001829,access_token,<redacted>,0,placeholder,none,synthetic_v3,10,2.921928,0.0,0.0,0.2,1,1,0,0,0,0,0,1,0,0,0,0
LGV3-001830,session_data,ocean.crystal.silver.lantern.island.orbit,1,passphrase_secret,none,synthetic_v3,41,3.73245,0.0,0.0,0.121951,0,1,0,0,0,0,0,0,0,0,0,1
LGV3-001831,documentation_token,2JDFwmjSmXgLlQ1f.R9SZm-fbPIl1yffqdx2SpwvgmJQ.74sA4dX8bYB4Ya5gPdrU6_CY,0,documentation_jwt,none,synthetic_v3,69,5.242228,0.173913,0.347826,0.057971,1,1,1,0,0,0,0,0,0,0,1,0
LGV3-001832,payload,crystal.harbor.island.lantern.orbit,1,passphrase_secret,none,synthetic_v3,35,3.704303,0.0,0.0,0.114286,0,1,0,0,0,0,0,0,0,0,0,1
LGV3-001833,client_secret,vault://application/key,0,secret_reference,none,synthetic_v3,23,3.762267,0.0,0.0,0.173913,1,1,0,0,0,0,1,0,0,0,0,0
LGV3-001834,access_token,114f1e98-1d87-d5e0-8e27-f19443508d2f,1,uuid_shaped_secret,none,synthetic_v3,36,3.596892,0.638889,0.0,0.111111,1,1,1,1,0,0,0,0,0,0,0,0
LGV3-001835,service_password,f4186d4710036afd760f38c29791ca88838554ad5d13ae4ef28bfcb788fd5eaf,1,hex_secret,none,synthetic_v3,64,3.868443,0.609375,0.0,0.0,1,1,1,0,1,1,0,0,0,0,0,0
LGV3-001836,log_level,debug,0,normal_config,none,synthetic_v3,5,2.321928,0.0,0.0,0.0,0,1,0,0,0,0,0,0,0,0,0,0
LGV3-001837,payload,2ae7e24ab9a71e0c297315bdb9fd5d3e,1,hex_secret,none,synthetic_v3,32,3.670959,0.53125,0.0,0.0,0,1,1,0,0,1,0,0,0,0,0,0
LGV3-001838,trace_id,93516e21-4a9a-2b54-9a78-cd9aafcc1ced,0,uuid_identifier,none,synthetic_v3,36,3.77091,0.472222,0.0,0.111111,0,1,1,1,0,0,0,0,0,1,0,0
LGV3-001839,log_level,production,0,normal_config,none,synthetic_v3,10,3.121928,0.0,0.0,0.0,0,1,0,0,0,0,0,0,0,0,0,0
LGV3-001840,build_id,U2W021PJL28PJDVYZSFBMOLXWA,0,public_identifier,none,synthetic_v3,26,4.209867,0.230769,0.769231,0.0,0,1,1,0,0,0,0,0,0,1,0,0
LGV3-001841,feature_mode,production,0,normal_config,none,synthetic_v3,10,3.121928,0.0,0.0,0.0,0,1,0,0,0,0,0,0,0,0,0,0
LGV3-001842,signing_secret,amber-meadow-amber-meadow-orbit,1,passphrase_secret,none,synthetic_v3,31,3.332756,0.0,0.0,0.129032,1,1,0,0,0,0,0,0,0,0,0,1
LGV3-001843,service_url,enabled,0,normal_config,none,synthetic_v3,7,2.521641,0.0,0.0,0.0,0,1,0,0,0,0,0,0,0,0,0,0
LGV3-001844,service_password,1ryHB8PJ9Vknhe$ecDXxfAw_vCxfUer5,1,random_secret,none,synthetic_v3,32,4.66391,0.125,0.3125,0.0625,1,1,1,0,0,0,0,0,0,0,0,0
LGV3-001845,runtime_data,017b3962dcc265b61739a9a918daa2881a14dffa,1,hash_shaped_secret,none,synthetic_v3,40,3.718454,0.625,0.0,0.0,0,1,1,0,1,1,0,0,0,0,0,0
LGV3-001846,signing_secret,TOKEN_PLACEHOLDER,0,placeholder,none,synthetic_v3,17,3.572469,0.0,0.941176,0.058824,1,1,0,0,0,0,0,1,0,0,0,0
LGV3-001847,deployment_mode,service enable enable release,0,safe_phrase,none,synthetic_v3,29,3.106464,0.0,0.0,0.103448,0,0,0,0,0,0,0,0,0,0,0,1
LGV3-001848,access_token,43b5a5f4-da95-c732-55ff-12ee1ef05a12,1,uuid_shaped_secret,none,synthetic_v3,36,3.655222,0.527778,0.0,0.111111,1,1,1,1,0,0,0,0,0,0,0,0
LGV3-001849,api_key,%SERVICE_TOKEN%,0,secret_reference,none,synthetic_v3,15,3.456565,0.0,0.8,0.2,1,1,0,0,0,0,1,0,0,0,0,0
LGV3-001850,event_uuid,37e299da-1c8e-0c65-1177-0cc08d8df598,0,uuid_identifier,none,synthetic_v3,36,3.731746,0.583333,0.0,0.111111,0,1,1,1,0,0,0,0,0,1,0,0
LGV3-001851,NEXT_PUBLIC_RELEASE_CHANNEL,eu-west,0,frontend_public_value,Next.js,synthetic_v3,7,2.521641,0.0,0.0,0.142857,0,1,0,0,0,0,0,0,1,0,0,0
LGV3-001852,client_secret,xb%zvQ6AoL1_G4Vi!@2-sXAfG1BvJWwg,1,random_secret,none,synthetic_v3,32,4.75,0.15625,0.34375,0.15625,1,1,1,0,0,0,0,0,0,0,0,0
LGV3-001853,image_digest,6488c800c3f0db74f53ed33d318e24c27d52a4e6dd1e0ba000983a657b84f47a,0,artifact_digest,none,synthetic_v3,64,3.871564,0.640625,0.0,0.0,0,1,1,0,1,1,0,0,0,1,0,0
LGV3-001854,session_data,fc7acPD7SWYiTHI$bNnuDA-9AzHkQ6e9,1,random_secret,none,synthetic_v3,32,4.625,0.15625,0.4375,0.0625,0,1,1,0,0,0,0,0,0,0,0,0
LGV3-001855,commit_sha,75e0cd8bdaac209a347fe4f8cf6b93cd8394800a,0,commit_hash,none,synthetic_v3,40,3.777567,0.55,0.0,0.0,0,1,1,0,1,1,0,0,0,1,0,0
LGV3-001856,NEXT_PUBLIC_ACCESS_TOKEN,U-La3_RN2oZKQIfop_nUAddMCfnhyNVqF049,1,client_exposed_secret,Next.js,synthetic_v3,36,4.781036,0.138889,0.416667,0.083333,1,1,1,0,0,0,0,0,1,0,0,0
LGV3-001857,access_token,<redacted>,0,placeholder,none,synthetic_v3,10,2.921928,0.0,0.0,0.2,1,1,0,0,0,0,0,1,0,0,0,0
LGV3-001858,client_secret,pyy1QbnM4_JUOrwDL44DlWWSv#@A2@b$,1,random_secret,none,synthetic_v3,32,4.53891,0.15625,0.375,0.15625,1,1,1,0,0,0,0,0,0,0,0,0
LGV3-001859,trace_id,e08a577c-701c-4f0c-c558-0da2d37fe562,0,uuid_identifier,none,synthetic_v3,36,3.725481,0.555556,0.0,0.111111,0,1,1,1,0,0,0,0,0,1,0,0
LGV3-001860,application_setting,runtime-preview-stable-region,0,safe_phrase,none,synthetic_v3,29,3.827833,0.0,0.0,0.103448,0,1,0,0,0,0,0,0,0,0,0,1
LGV3-001861,log_level,debug,0,normal_config,none,synthetic_v3,5,2.321928,0.0,0.0,0.0,0,1,0,0,0,0,0,0,0,0,0,0
LGV3-001862,public_id,3XXCJJGO0KIMQY4VEXNK4R8FR4,0,public_identifier,none,synthetic_v3,26,4.10391,0.230769,0.769231,0.0,0,1,1,0,0,0,0,0,0,1,0,0
LGV3-001863,NEXT_PUBLIC_ACCESS_TOKEN,zdbOwdf5dKBSjZuISaIIVhXfXR5iy1zcq4rX,1,client_exposed_secret,Next.js,synthetic_v3,36,4.551462,0.111111,0.388889,0.0,1,1,1,0,0,0,0,0,1,0,0,0
LGV3-001864,signing_secret,bridge orbit harbor orbit bridge,1,passphrase_secret,none,synthetic_v3,32,3.253928,0.0,0.0,0.125,1,0,0,0,0,0,0,0,0,0,0,1
LGV3-001865,environment,debug,0,normal_config,none,synthetic_v3,5,2.321928,0.0,0.0,0.0,0,1,0,0,0,0,0,0,0,0,0,0
LGV3-001866,jwt_example,C7ud-eMT96LNudab.UkKEtabJBhjoCVt0NC-8qirT5Oo.sFJzBimynZwP_bDwSsktRlRg,0,documentation_jwt,none,synthetic_v3,69,5.467008,0.086957,0.362319,0.072464,0,1,1,0,0,0,0,0,0,0,1,0
LGV3-001867,access_token,timber.winter.meteor.voyage,1,passphrase_secret,none,synthetic_v3,27,3.574358,0.0,0.0,0.111111,1,1,0,0,0,0,0,0,0,0,0,1
LGV3-001868,log_level,https://example.test/api,0,normal_config,none,synthetic_v3,24,3.490602,0.0,0.0,0.208333,0,1,0,0,0,0,0,1,0,0,0,0
LGV3-001869,deployment_mode,runtime release public enable region,0,safe_phrase,none,synthetic_v3,36,3.706841,0.0,0.0,0.111111,0,0,0,0,0,0,0,0,0,0,0,1
LGV3-001870,client_secret,YOUR_API_KEY_HERE,0,placeholder,none,synthetic_v3,17,3.29277,0.0,0.823529,0.176471,1,1,0,0,0,0,0,1,0,0,0,0
LGV3-001871,public_id,184SPQFO7KXN81KMF206W6HXTY,0,public_identifier,none,synthetic_v3,26,4.238901,0.384615,0.615385,0.0,0,1,1,0,0,0,0,0,0,1,0,0
LGV3-001872,material,9d6f7eb49fac5b20a7c6b8499bebe5a5f624d770b7716c027e8f98b882aa6de6,1,hash_shaped_secret,none,synthetic_v3,64,3.796473,0.578125,0.0,0.0,0,1,1,0,1,1,0,0,0,0,0,0
LGV3-001873,material,orbit.voyage.island.silver,1,passphrase_secret,none,synthetic_v3,26,3.796218,0.0,0.0,0.115385,0,1,0,0,0,0,0,0,0,0,0,1
LGV3-001874,commit_sha,c48c2f10d135ad4b9721c90964bf29a6f9b5d42b,0,commit_hash,none,synthetic_v3,40,3.756198,0.625,0.0,0.0,0,1,1,0,1,1,0,0,0,1,0,0
LGV3-001875,signing_secret,e5b54665c9654e9488f4faefc2e96f0a,1,hex_secret,none,synthetic_v3,32,3.41391,0.59375,0.0,0.0,1,1,1,0,0,1,0,0,0,0,0,0
LGV3-001876,access_token,bksy7oYYj9_-6INq._Eg6GT3VrENd3OJWfw0o0RfS9Qg.YIfDtIc-vlnIKWKT1cFrbesr,1,jwt_like_secret,none,synthetic_v3,69,5.293095,0.144928,0.376812,0.086957,1,1,1,0,0,0,0,0,0,0,1,0
LGV3-001877,NEXT_PUBLIC_RELEASE_CHANNEL,stable,0,frontend_public_value,Next.js,synthetic_v3,6,2.584963,0.0,0.0,0.0,0,1,0,0,0,0,0,0,1,0,0,0
LGV3-001878,material,6677fead729104176927598e6c85a7ee942679b3,1,hex_secret,none,synthetic_v3,40,3.681287,0.75,0.0,0.0,0,1,1,0,1,1,0,0,0,0,0,0
LGV3-001879,service_password,harbor.voyage.lantern.ocean.amber.harbor,1,passphrase_secret,none,synthetic_v3,40,3.568454,0.0,0.0,0.125,1,1,0,0,0,0,0,0,0,0,0,1
LGV3-001880,environment,https://example.test/api,0,normal_config,none,synthetic_v3,24,3.490602,0.0,0.0,0.208333,0,1,0,0,0,0,0,1,0,0,0,0
LGV3-001881,customer_reference,NA7HYNRLQRI1IMR85O8ZVZWFW0,0,public_identifier,none,synthetic_v3,26,4.132944,0.230769,0.769231,0.0,0,1,1,0,0,0,0,0,0,1,0,0
LGV3-001882,session_data,9ff3a6c4ff87f4097c60597081f7ba8794b6cb2660ae01407e06f6d2e194f593,1,hash_shaped_secret,none,synthetic_v3,64,3.805289,0.671875,0.0,0.0,0,1,1,0,1,1,0,0,0,0,0,0
LGV3-001883,jwt_example,yUZVyVoPdLYMU730.lfECPbbYA3D8tooYfoiZpMzAr4o.QQz0VbgpWlbzwyHsfNHrj7lZ,0,documentation_jwt,none,synthetic_v3,69,4.994121,0.115942,0.391304,0.028986,0,1,1,0,0,0,0,0,0,0,1,0
LGV3-001884,setting,zKNdHT3WT2M5St70.-rKk3RBXsfs6Ag79lBrgooTrBT4.BzYZXlyd64bD_Wj09b-RhcVj,1,jwt_like_secret,none,synthetic_v3,69,5.228019,0.202899,0.362319,0.072464,0,1,1,0,0,0,0,0,0,0,1,0
LGV3-001885,NEXT_PUBLIC_ACCESS_TOKEN,rsQTl9sAk33a065ILhoYdcjV7b2ZMDo5dVBM,1,client_exposed_secret,Next.js,synthetic_v3,36,4.781036,0.25,0.361111,0.0,1,1,1,0,0,0,0,0,1,0,0,0
LGV3-001886,image_digest,aef9f07acaf0dcb3502ee643684d405c405e5a593d9ee6f356b1c027cece34b9,0,artifact_digest,none,synthetic_v3,64,3.824088,0.5625,0.0,0.0,0,1,1,0,1,1,0,0,0,1,0,0
LGV3-001887,image_digest,23ae734fbabb5f07263e1eed34429d31b3e91024c425db23cdc7da53971a2644,0,artifact_digest,none,synthetic_v3,64,3.775054,0.625,0.0,0.0,0,1,1,0,1,1,0,0,0,1,0,0
LGV3-001888,image_digest,54a0912fa88257027841d49e19a257621594b99d6e6f5f4c98fb550b61711aa6,0,artifact_digest,none,synthetic_v3,64,3.767144,0.734375,0.0,0.0,0,1,1,0,1,1,0,0,0,1,0,0
LGV3-001889,result,timber.orbit.orbit.canyon.island.lantern,1,passphrase_secret,none,synthetic_v3,40,3.68483,0.0,0.0,0.125,0,1,0,0,0,0,0,0,0,0,0,1
LGV3-001890,material,1b1650e09b739137b34f7a6d88c49e69d0a946f54f1f36cad912a717cf54562b,1,hash_shaped_secret,none,synthetic_v3,64,3.912142,0.671875,0.0,0.0,0,1,1,0,1,1,0,0,0,0,0,0
LGV3-001891,VITE_API_KEY,XJchOkxQpUTy8KYdjBlR4-LibokisJVmsQyL,1,client_exposed_secret,Vite,synthetic_v3,36,4.781036,0.055556,0.416667,0.027778,1,1,1,0,0,0,0,0,1,0,0,0
LGV3-001892,session_data,099f83c2-2d27-e62a-8c02-ed83421585a9,1,uuid_shaped_secret,none,synthetic_v3,36,3.773684,0.638889,0.0,0.111111,0,1,1,1,0,0,0,0,0,0,0,0
LGV3-001893,database_password,replace-me,0,placeholder,none,synthetic_v3,10,2.846439,0.0,0.0,0.1,1,1,0,0,0,0,0,1,0,0,0,0
LGV3-001894,VITE_API_KEY,YTSmovcNuWJHV1W_xjm2gnV6bDIZFc0nG1P1,1,client_exposed_secret,Vite,synthetic_v3,36,4.760067,0.166667,0.444444,0.027778,1,1,1,0,0,0,0,0,1,0,0,0
LGV3-001895,payload,iVr3YyCdpHKDew8r.NgwoJTAP6zSJFA4Z-0ibeVHi9iw.yPqXiFOz33CGw5lL09Xzdy56,1,jwt_like_secret,none,synthetic_v3,69,5.153824,0.188406,0.376812,0.043478,0,1,1,0,0,0,0,0,0,0,1,0
LGV3-001896,api_key,$env:ACCESS_TOKEN,0,secret_reference,none,synthetic_v3,17,3.734522,0.0,0.647059,0.176471,1,1,1,0,0,0,1,0,0,0,0,0
LGV3-001897,service_password,s6@ReooK39mka557SPh$uCWAKBdMkaTs,1,random_secret,none,synthetic_v3,32,4.625,0.1875,0.34375,0.0625,1,1,1,0,0,0,0,0,0,0,0,0
LGV3-001898,VITE_API_KEY,7kwgiZdfA7Mu6CKiBmxkHk7Zb4LYqv7ZEKsX,1,client_exposed_secret,Vite,synthetic_v3,36,4.572431,0.166667,0.388889,0.0,1,1,1,0,0,0,0,0,1,0,0,0
LGV3-001899,request_id,f7d5c9c6-5e11-d636-8fa2-26bd22c35b62,0,uuid_identifier,none,synthetic_v3,36,3.68426,0.555556,0.0,0.111111,0,1,1,1,0,0,0,0,0,1,0,0
LGV3-001900,log_level,production,0,normal_config,none,synthetic_v3,10,3.121928,0.0,0.0,0.0,0,1,0,0,0,0,0,0,0,0,0,0
LGV3-001901,api_key,0eb4ce516874b6d9954a913813765dfe56dba621dfed3056c74e2b27d7386a95,1,hex_secret,none,synthetic_v3,64,3.903828,0.65625,0.0,0.0,1,1,1,0,1,1,0,0,0,0,0,0
LGV3-001902,commit_sha,e0143b1eeec8737a72e4db1af0f4bed087403d39,0,commit_hash,none,synthetic_v3,40,3.627567,0.575,0.0,0.0,0,1,1,0,1,1,0,0,0,1,0,0
LGV3-001903,value,_6#O4iFye-du23dSCZYfj-CbgLBzV-_r,1,random_secret,none,synthetic_v3,32,4.66391,0.125,0.3125,0.1875,0,1,1,0,0,0,0,0,0,0,0,0
LGV3-001904,VITE_API_KEY,BxHgM4PJtdGkw1AgEMGX687p265ZqAy89kHu,1,client_exposed_secret,Vite,synthetic_v3,36,4.725481,0.277778,0.388889,0.0,1,1,1,0,0,0,0,0,1,0,0,0
LGV3-001905,release_description,service region production production,0,safe_phrase,none,synthetic_v3,36,3.652447,0.0,0.0,0.083333,0,0,0,0,0,0,0,0,0,0,0,1
LGV3-001906,access_token,EXAMPLE_ONLY_DO_NOT_USE,0,placeholder,none,synthetic_v3,23,3.588354,0.0,0.826087,0.173913,1,1,0,0,0,0,0,1,0,0,0,0
LGV3-001907,value,i!OUYa3PKvZ462guqifVSStt9nYMkgdo,1,random_secret,none,synthetic_v3,32,4.6875,0.15625,0.34375,0.03125,0,1,1,0,0,0,0,0,0,0,0,0
LGV3-001908,NEXT_PUBLIC_RELEASE_CHANNEL,stable,0,frontend_public_value,Next.js,synthetic_v3,6,2.584963,0.0,0.0,0.0,0,1,0,0,0,0,0,0,1,0,0,0
LGV3-001909,access_token,${API_KEY},0,secret_reference,none,synthetic_v3,10,3.321928,0.0,0.6,0.4,1,1,0,0,0,0,1,0,0,0,0,0
LGV3-001910,client_secret,xGGVqjs$hDQ6ZUcfBRtcZTBgIuQKOZOh,1,random_secret,none,synthetic_v3,32,4.47641,0.03125,0.5625,0.03125,1,1,1,0,0,0,0,0,0,0,0,0
LGV3-001911,signing_secret,%SERVICE_TOKEN%,0,secret_reference,none,synthetic_v3,15,3.456565,0.0,0.8,0.2,1,1,0,0,0,0,1,0,0,0,0,0
LGV3-001912,jwt_example,SRI3n63Nhq6q_1Og.YrG7sG-X1PK_MbT1ko8YJdcQOY8.d3BMWl-q-X3RtYQzk0r0auuw,0,documentation_jwt,none,synthetic_v3,69,5.235124,0.202899,0.362319,0.101449,0,1,1,0,0,0,0,0,0,0,1,0
LGV3-001913,payload,67f10784e73807a3475000751676cfc0ed95fb07,1,hash_shaped_secret,none,synthetic_v3,40,3.574024,0.75,0.0,0.0,0,1,1,0,1,1,0,0,0,0,0,0
LGV3-001914,result,47988a5ea21c54b367fbce44890d9746,1,hex_secret,none,synthetic_v3,32,3.816428,0.6875,0.0,0.0,0,1,1,0,0,1,0,0,0,0,0,0
LGV3-001915,customer_reference,FDC2PB075Z9Z03LGX6I755QO8N,0,public_identifier,none,synthetic_v3,26,4.28679,0.461538,0.538462,0.0,0,1,1,0,0,0,0,0,0,1,0,0
LGV3-001916,request_id,bd1d7c9a-c28a-01a6-a595-41c10bfbc6ef,0,uuid_identifier,none,synthetic_v3,36,3.815623,0.444444,0.0,0.111111,0,1,1,1,0,0,0,0,0,1,0,0
LGV3-001917,api_key,8ad7568484ce15c0884fa474efc21629fa7be4870ef536fec3b2855e6fd5edbe,1,hex_secret,none,synthetic_v3,64,3.824994,0.578125,0.0,0.0,1,1,1,0,1,1,0,0,0,0,0,0
LGV3-001918,service_password,60a2c825-d04b-9663-83f9-0c25bfb4f726,1,uuid_shaped_secret,none,synthetic_v3,36,3.773684,0.611111,0.0,0.111111,1,1,1,1,0,0,0,0,0,0,0,0
LGV3-001919,connector_value,242d6d7f-c5d0-83fd-bc02-54e93304dc5a,1,uuid_shaped_secret,none,synthetic_v3,36,3.777176,0.527778,0.0,0.111111,0,1,1,1,0,0,0,0,0,0,0,0
LGV3-001920,documentation_token,2pKYmTC2qQpCwBxN.iwe3YhgKXfHny1PdwoFLyZjR-MM.-PE5QKKuuFv8RRylQvdU9lMq,0,documentation_jwt,none,synthetic_v3,69,5.271214,0.101449,0.434783,0.057971,1,1,1,0,0,0,0,0,0,0,1,0
LGV3-001921,access_token,bf3c26f2c4963f24393ac0b7e730546a972926691471707a0215f6d151be2882,1,hash_shaped_secret,none,synthetic_v3,64,3.861437,0.75,0.0,0.0,1,1,1,0,1,1,0,0,0,0,0,0
LGV3-001922,NEXT_PUBLIC_RELEASE_CHANNEL,eu-west,0,frontend_public_value,Next.js,synthetic_v3,7,2.521641,0.0,0.0,0.142857,0,1,0,0,0,0,0,0,1,0,0,0
LGV3-001923,request_id,6ac2f3e6-cfb6-89a0-bf86-519bd7bf1044,0,uuid_identifier,none,synthetic_v3,36,3.892147,0.5,0.0,0.111111,0,1,1,1,0,0,0,0,0,1,0,0
LGV3-001924,token_example,ZUf7XwyLWXrVkKDO.y13iX4k2keF_NyFJKrcpi3gtJFc.j3xD9KJzwyjk4LYM1ywe7Sfp,0,documentation_jwt,none,synthetic_v3,69,5.034047,0.15942,0.362319,0.043478,1,1,1,0,0,0,0,0,0,0,1,0
LGV3-001925,signing_secret,silver-lantern-timber-winter-crystal-bridge,1,passphrase_secret,none,synthetic_v3,43,3.792804,0.0,0.0,0.116279,1,1,0,0,0,0,0,0,0,0,0,1
LGV3-001926,commit_sha,eac1607ed179e80ab85893e9aa5e80ed801156a1,0,commit_hash,none,synthetic_v3,40,3.475716,0.625,0.0,0.0,0,1,1,0,1,1,0,0,0,1,0,0
LGV3-001927,service_password,a267289b4e3062889243912e982cf9db,1,hex_secret,none,synthetic_v3,32,3.590018,0.75,0.0,0.0,1,1,1,0,0,1,0,0,0,0,0,0
LGV3-001928,environment,https://example.test/api,0,normal_config,none,synthetic_v3,24,3.490602,0.0,0.0,0.208333,0,1,0,0,0,0,0,1,0,0,0,0
LGV3-001929,build_id,86AAGDMKIBK9EVUTPD1ZIBKKDM,0,public_identifier,none,synthetic_v3,26,3.902175,0.153846,0.846154,0.0,0,1,1,0,0,0,0,0,0,1,0,0
LGV3-001930,value,7f2c564909582e0e7813257efad01ba249e4cf0329f69f389fc62203f474a5ec,1,hex_secret,none,synthetic_v3,64,3.845214,0.671875,0.0,0.0,0,1,1,0,1,1,0,0,0,0,0,0
LGV3-001931,image_digest,b10966e5487d1c42a62841f0010b0784dbb2d2ed426aa4795f15747ad57635df,0,artifact_digest,none,synthetic_v3,64,3.840172,0.6875,0.0,0.0,0,1,1,0,1,1,0,0,0,1,0,0
LGV3-001932,runtime_data,KuuunKr-UlA5HyLh.Zj2dmNYsETeYdhenlN3pBFApjg4.iCdXVFyqQDTL8OUdncheTayH,1,jwt_like_secret,none,synthetic_v3,69,5.231288,0.072464,0.405797,0.043478,0,1,1,0,0,0,0,0,0,0,1,0
LGV3-001933,database_password,replace-me,0,placeholder,none,synthetic_v3,10,2.846439,0.0,0.0,0.1,1,1,0,0,0,0,0,1,0,0,0,0
LGV3-001934,VITE_CLIENT_SECRET,Hd-JY9845QQy9iGqPTUq2Cy8y6gtzwrGONuk,1,client_exposed_secret,Vite,synthetic_v3,36,4.760067,0.222222,0.361111,0.027778,1,1,1,0,0,0,0,0,1,0,0,0
LGV3-001935,signing_secret,voyage crystal orbit orbit island,1,passphrase_secret,none,synthetic_v3,33,3.839108,0.0,0.0,0.121212,1,0,0,0,0,0,0,0,0,0,0,1
LGV3-001936,commit_sha,46415ef34bc0af0a0f43e57bc956171b2a9becdb,0,commit_hash,none,synthetic_v3,40,3.799582,0.55,0.0,0.0,0,1,1,0,1,1,0,0,0,1,0,0
LGV3-001937,service_password,d24f36a1f3d883f53553306e42096c9f9596db50e43036d7,1,hex_secret,none,synthetic_v3,48,3.710501,0.729167,0.0,0.0,1,1,1,0,0,1,0,0,0,0,0,0
LGV3-001938,connector_value,ac9566d1b3a02a635657dabe5da78b19,1,hex_secret,none,synthetic_v3,32,3.590018,0.59375,0.0,0.0,0,1,1,0,0,1,0,0,0,0,0,0
LGV3-001939,database_password,mVJh2mXSFZI8B5xR.DQ1SDeGfvfq58lkZioGsNXE8Dps.sINPGWT7uInlohMXRTCG8uLM,1,jwt_like_secret,none,synthetic_v3,69,5.195198,0.130435,0.507246,0.028986,1,1,1,0,0,0,0,0,0,0,1,0
LGV3-001940,signing_secret,kud535pjXSuuLa33qbzH-cKAtUgVWauv,1,random_secret,none,synthetic_v3,32,4.47641,0.15625,0.28125,0.03125,1,1,1,0,0,0,0,0,0,0,0,0
LGV3-001941,access_token,TOKEN_PLACEHOLDER,0,placeholder,none,synthetic_v3,17,3.572469,0.0,0.941176,0.058824,1,1,0,0,0,0,0,1,0,0,0,0
LGV3-001942,client_secret,b1cba4ce226acd46b93d1285ac39db4b938d53a5,1,hash_shaped_secret,none,synthetic_v3,40,3.606198,0.55,0.0,0.0,1,1,1,0,1,1,0,0,0,0,0,0
LGV3-001943,access_token,ntxksSMf%bjYICkd_%WUBN_jsV@jP1Jv,1,random_secret,none,synthetic_v3,32,4.60141,0.03125,0.375,0.15625,1,1,1,0,0,0,0,0,0,0,0,0
LGV3-001944,runtime_data,ee02c33e5a2f95f600e563595af7ae8bdd6f44d4,1,hex_secret,none,synthetic_v3,40,3.728213,0.575,0.0,0.0,0,1,1,0,1,1,0,0,0,0,0,0
LGV3-001945,commit_sha,a606929b8afb5a78bac46f408e19ec5a52d40c8c,0,commit_hash,none,synthetic_v3,40,3.768454,0.575,0.0,0.0,0,1,1,0,1,1,0,0,0,1,0,0
LGV3-001946,payload,7OmyHS-J-K9Cjrqp.hbCMTLVbsYnYDnGVn2hUvJIfT48.A6IZfbANnsmt48GvJi-N7t0D,1,jwt_like_secret,none,synthetic_v3,69,5.235124,0.144928,0.42029,0.072464,0,1,1,0,0,0,0,0,0,0,1,0
LGV3-001947,checksum,b57d2b6f6fbd7577e28b851949afb94295b8d8f15a996b5302cc8fdbfb89a065,0,artifact_digest,none,synthetic_v3,64,3.756145,0.609375,0.0,0.0,0,1,1,0,1,1,0,0,0,1,0,0
LGV3-001948,access_token,569266fc-7fb4-ab70-93da-23ddbecf73cf,1,uuid_shaped_secret,none,synthetic_v3,36,3.766333,0.444444,0.0,0.111111,1,1,1,1,0,0,0,0,0,0,0,0
LGV3-001949,payload,s0b0knWIKvLtulm8lk5c_@ELZaykdf29,1,random_secret,none,synthetic_v3,32,4.66391,0.1875,0.21875,0.0625,0,1,1,0,0,0,0,0,0,0,0,0
LGV3-001950,setting,ef794b9ed2c1a2db637ce09e17030053209fe194,1,hex_secret,none,synthetic_v3,40,3.725716,0.65,0.0,0.0,0,1,1,0,1,1,0,0,0,0,0,0
LGV3-001951,VITE_CLIENT_SECRET,9yMDyLc41anZD5jOML0qR7acHJzOgB34GcIw,1,client_exposed_secret,Vite,synthetic_v3,36,4.648956,0.222222,0.416667,0.0,1,1,1,0,0,0,0,0,1,0,0,0
LGV3-001952,release_description,region-service-development-preview-default,0,safe_phrase,none,synthetic_v3,42,3.897222,0.0,0.0,0.095238,0,1,0,0,0,0,0,0,0,0,0,1
LGV3-001953,service_password,3b6703c9-e51f-c21c-136f-295368add753,1,uuid_shaped_secret,none,synthetic_v3,36,3.819114,0.611111,0.0,0.111111,1,1,1,1,0,0,0,0,0,0,0,0
LGV3-001954,jwt_example,oSnjaUoFg-tNIPcb.WiauRMEFUKp7WW_B_FsB2t1P5kc.f5a1jjXL3f4ipbmX6YBvZy9y,0,documentation_jwt,none,synthetic_v3,69,5.329185,0.144928,0.362319,0.072464,0,1,1,0,0,0,0,0,0,0,1,0
LGV3-001955,commit_sha,1c2dc67914d686500946f66594ee7b1d759a82f3,0,commit_hash,none,synthetic_v3,40,3.839823,0.725,0.0,0.0,0,1,1,0,1,1,0,0,0,1,0,0
LGV3-001956,client_secret,Hv-DwpdJOQHmqxYU.OD5Wzu3Da44I93Md-m6LMgjsInI.Y7Uforhedvjt3sKlwbkVzAfd,1,jwt_like_secret,none,synthetic_v3,69,5.351066,0.130435,0.333333,0.057971,1,1,1,0,0,0,0,0,0,0,1,0
LGV3-001957,build_id,V5KRNA0B3T68E567V3FOYV415T,0,public_identifier,none,synthetic_v3,26,4.10391,0.461538,0.538462,0.0,0,1,1,0,0,0,0,0,0,1,0,0
LGV3-001958,VITE_PUBLIC_REGION,stable,0,frontend_public_value,Vite,synthetic_v3,6,2.584963,0.0,0.0,0.0,0,1,0,0,0,0,0,0,1,0,0,0
LGV3-001959,VITE_CLIENT_SECRET,x5TCYaxULiheJJGisqEWVIBxTnOBti9jHbs5,1,client_exposed_secret,Vite,synthetic_v3,36,4.627987,0.083333,0.472222,0.0,1,1,1,0,0,0,0,0,1,0,0,0
LGV3-001960,database_password,KFqXBz_eO8YUEB_B.MlMRpahwSl5cgjN-CdKo0HsLJyg.m0dWcPU80-rkXcWfNOCr_yLf,1,jwt_like_secret,none,synthetic_v3,69,5.31114,0.086957,0.42029,0.101449,1,1,1,0,0,0,0,0,0,0,1,0
LGV3-001961,VITE_API_KEY,mG4pVYZGCoXPlE3OxPCyGM8pIxHAAwArsx2S,1,client_exposed_secret,Vite,synthetic_v3,36,4.607018,0.111111,0.555556,0.0,1,1,1,0,0,0,0,0,1,0,0,0
LGV3-001962,release_description,service-preview-preview-production-runtime,0,safe_phrase,none,synthetic_v3,42,3.668971,0.0,0.0,0.095238,0,1,0,0,0,0,0,0,0,0,0,1
LGV3-001963,api_key,vault://application/key,0,secret_reference,none,synthetic_v3,23,3.762267,0.0,0.0,0.173913,1,1,0,0,0,0,1,0,0,0,0,0
LGV3-001964,application_setting,default-preview-service-production,0,safe_phrase,none,synthetic_v3,34,3.914689,0.0,0.0,0.088235,0,1,0,0,0,0,0,0,0,0,0,1
LGV3-001965,commit_sha,972ef1246b6bc5b746958b568337d4d3c97a3ca2,0,commit_hash,none,synthetic_v3,40,3.777567,0.675,0.0,0.0,0,1,1,0,1,1,0,0,0,1,0,0
LGV3-001966,service_url,https://example.test/api,0,normal_config,none,synthetic_v3,24,3.490602,0.0,0.0,0.208333,0,1,0,0,0,0,0,1,0,0,0,0
LGV3-001967,NEXT_PUBLIC_RELEASE_CHANNEL,preview,0,frontend_public_value,Next.js,synthetic_v3,7,2.521641,0.0,0.0,0.0,0,1,0,0,0,0,0,0,1,0,0,0
LGV3-001968,service_password,ef24ac15-ddf8-86a3-eeb5-d1e3e23f7211,1,uuid_shaped_secret,none,synthetic_v3,36,3.708003,0.472222,0.0,0.111111,1,1,1,1,0,0,0,0,0,0,0,0
LGV3-001969,service_url,https://example.test/api,0,normal_config,none,synthetic_v3,24,3.490602,0.0,0.0,0.208333,0,1,0,0,0,0,0,1,0,0,0,0
LGV3-001970,service_password,YOUR_API_KEY_HERE,0,placeholder,none,synthetic_v3,17,3.29277,0.0,0.823529,0.176471,1,1,0,0,0,0,0,1,0,0,0,0
LGV3-001971,runtime_data,yZ8-5z4e6YFdQUM6.YhVrrG8uIZ-OpDVeKY5abyRj3Co.4dT81kIIIgM4VroX_PwPPaDj,1,jwt_like_secret,none,synthetic_v3,69,5.202302,0.173913,0.42029,0.072464,0,1,1,0,0,0,0,0,0,0,1,0
LGV3-001972,NEXT_PUBLIC_RELEASE_CHANNEL,preview,0,frontend_public_value,Next.js,synthetic_v3,7,2.521641,0.0,0.0,0.0,0,1,0,0,0,0,0,0,1,0,0,0
LGV3-001973,public_id,XBT65E8B977G3JM7IQWZAMP540,0,public_identifier,none,synthetic_v3,26,4.28679,0.423077,0.576923,0.0,0,1,1,0,0,0,0,0,0,1,0,0
LGV3-001974,database_password,1502a643b758bbfcb98ec04045e78aaf1f700a7281194948483bc67f5b4e5298,1,hex_secret,none,synthetic_v3,64,3.813964,0.6875,0.0,0.0,1,1,1,0,1,1,0,0,0,0,0,0
LGV3-001975,request_id,8e3f2f22-e3aa-bc24-a803-77253d937b8e,0,uuid_identifier,none,synthetic_v3,36,3.663291,0.555556,0.0,0.111111,0,1,1,1,0,0,0,0,0,1,0,0
LGV3-001976,signing_secret,cb860bbdb384295a39bb3482dfaa0087182937cca99f95769af75909e39b2c57,1,hash_shaped_secret,none,synthetic_v3,64,3.780247,0.65625,0.0,0.0,1,1,1,0,1,1,0,0,0,0,0,0
LGV3-001977,client_secret,89535b331f3cfea2d7e09e5e2a558260b075d4c81ab85a14,1,hex_secret,none,synthetic_v3,48,3.862649,0.645833,0.0,0.0,1,1,1,0,0,1,0,0,0,0,0,0
LGV3-001978,access_token,cac4e8508e4a06285c63f7e365cd57b814db9efb,1,hash_shaped_secret,none,synthetic_v3,40,3.865312,0.575,0.0,0.0,1,1,1,0,1,1,0,0,0,0,0,0
LGV3-001979,setting,mWUQs1tUlJlnr1PT.DbmfBT4EJRTt6m44GjPWvW9qxPo.Iuzucbo6yFtjSxRjKq0Go_-m,1,jwt_like_secret,none,synthetic_v3,69,5.162376,0.130435,0.362319,0.057971,0,1,1,0,0,0,0,0,0,0,1,0
LGV3-001980,VITE_PUBLIC_REGION,public-dashboard,0,frontend_public_value,Vite,synthetic_v3,16,3.625,0.0,0.0,0.0625,0,1,0,0,0,0,0,0,1,0,0,0
LGV3-001981,deployment_mode,preview-region-application-public-development,0,safe_phrase,none,synthetic_v3,45,3.914215,0.0,0.0,0.088889,0,1,0,0,0,0,0,0,0,0,0,1
LGV3-001982,jwt_example,Peh_AO6HIEHvylZ4.9OgyzdUIJuOHITVv02XCXsBFMgk.3emZp9KJpVofHkKkAjPh3hh2,0,documentation_jwt,none,synthetic_v3,69,5.206138,0.130435,0.449275,0.043478,0,1,1,0,0,0,0,0,0,0,1,0
LGV3-001983,value,4429f8df69df9bf2bc3870fad26dfd3e65331ed1,1,hex_secret,none,synthetic_v3,40,3.739823,0.55,0.0,0.0,0,1,1,0,1,1,0,0,0,0,0,0
LGV3-001984,customer_reference,SCM03IC3P7W8D4ZTZ64JBLSL1X,0,public_identifier,none,synthetic_v3,26,4.238901,0.346154,0.653846,0.0,0,1,1,0,0,0,0,0,0,1,0,0
LGV3-001985,NEXT_PUBLIC_API_KEY,Gz_44swRn7ecCZ0HkYr-d2ARZpCVg71uMnVt,1,client_exposed_secret,Next.js,synthetic_v3,36,4.781036,0.194444,0.361111,0.055556,1,1,1,0,0,0,0,0,1,0,0,0
LGV3-001986,database_password,tW8VI4RmjkzGQ-UQ.sRBCFYGjKRMvlzKhAenRFiIj5vE.NrnYgae-WH8-UalPY00bA5l4,1,jwt_like_secret,none,synthetic_v3,69,5.195198,0.115942,0.449275,0.072464,1,1,1,0,0,0,0,0,0,0,1,0
LGV3-001987,NEXT_PUBLIC_ACCESS_TOKEN,LzBXWf1aRhGTIYZN532lsdLZL9cyPwXmQoIb,1,client_exposed_secret,Next.js,synthetic_v3,36,4.871178,0.138889,0.5,0.0,1,1,1,0,0,0,0,0,1,0,0,0
LGV3-001988,checksum,f30c5a13a687ac9203bf295a46f58e574a57475cae8a08c8e69dc005c40683e6,0,artifact_digest,none,synthetic_v3,64,3.79763,0.65625,0.0,0.0,0,1,1,0,1,1,0,0,0,1,0,0
LGV3-001989,setting,meteor silver meteor meteor bridge meadow,1,passphrase_secret,none,synthetic_v3,41,3.491613,0.0,0.0,0.121951,0,0,0,0,0,0,0,0,0,0,0,1
LGV3-001990,client_secret,voyage-meadow-island-bridge-crystal,1,passphrase_secret,none,synthetic_v3,35,4.000432,0.0,0.0,0.114286,1,1,0,0,0,0,0,0,0,0,0,1
LGV3-001991,VITE_CLIENT_SECRET,KIeobUE5hhPbO4tXD-xN5lTG6nqjIgncG3Vo,1,client_exposed_secret,Vite,synthetic_v3,36,4.781036,0.138889,0.388889,0.027778,1,1,1,0,0,0,0,0,1,0,0,0
LGV3-001992,payload,winter-voyage-ocean-winter,1,passphrase_secret,none,synthetic_v3,26,3.565448,0.0,0.0,0.115385,0,1,0,0,0,0,0,0,0,0,0,1
LGV3-001993,setting,fc32676b08f67c502ad4de0f1dc52e6a8e00da32616dbb6aeb0d5dafbe7885a3,1,hash_shaped_secret,none,synthetic_v3,64,3.784274,0.53125,0.0,0.0,0,1,1,0,1,1,0,0,0,0,0,0
LGV3-001994,environment,enabled,0,normal_config,none,synthetic_v3,7,2.521641,0.0,0.0,0.0,0,1,0,0,0,0,0,0,0,0,0,0
LGV3-001995,VITE_PUBLIC_REGION,public-dashboard,0,frontend_public_value,Vite,synthetic_v3,16,3.625,0.0,0.0,0.0625,0,1,0,0,0,0,0,0,1,0,0,0
LGV3-001996,service_password,sample-secret-value,0,placeholder,none,synthetic_v3,19,3.405822,0.0,0.0,0.105263,1,1,0,0,0,0,0,1,0,0,0,0
LGV3-001997,connector_value,5ca103f956e6a0e918faa45baee9f8ba9da834ad,1,hash_shaped_secret,none,synthetic_v3,40,3.615312,0.5,0.0,0.0,0,1,1,0,1,1,0,0,0,0,0,0
LGV3-001998,database_password,8fb4575419c9628e629544ac8f19e77e,1,hex_secret,none,synthetic_v3,32,3.593139,0.71875,0.0,0.0,1,1,1,0,0,1,0,0,0,0,0,0
LGV3-001999,api_key,vault://application/key,0,secret_reference,none,synthetic_v3,23,3.762267,0.0,0.0,0.173913,1,1,0,0,0,0,1,0,0,0,0,0
LGV3-002000,application_setting,stable application production stable,0,safe_phrase,none,synthetic_v3,36,3.787302,0.0,0.0,0.083333,0,0,0,0,0,0,0,0,0,0,0,1
